-- phpMyAdmin SQL Dump
-- version 3.4.5
-- http://www.phpmyadmin.net
--
-- Host: localhost
-- Generation Time: Aug 04, 2015 at 04:01 PM
-- Server version: 5.5.16
-- PHP Version: 5.3.8

SET SQL_MODE="NO_AUTO_VALUE_ON_ZERO";
SET time_zone = "+00:00";


/*!40101 SET @OLD_CHARACTER_SET_CLIENT=@@CHARACTER_SET_CLIENT */;
/*!40101 SET @OLD_CHARACTER_SET_RESULTS=@@CHARACTER_SET_RESULTS */;
/*!40101 SET @OLD_COLLATION_CONNECTION=@@COLLATION_CONNECTION */;
/*!40101 SET NAMES utf8 */;

--
-- Database: `doctorplatform`
--

-- --------------------------------------------------------

--
-- Table structure for table `advice`
--

CREATE TABLE IF NOT EXISTS `advice` (
  `id` int(11) NOT NULL AUTO_INCREMENT,
  `type` int(11) NOT NULL,
  `lang` tinyint(1) NOT NULL,
  `advice` text CHARACTER SET utf8 NOT NULL,
  `pdf` varchar(512) CHARACTER SET utf8 NOT NULL,
  PRIMARY KEY (`id`)
) ENGINE=InnoDB  DEFAULT CHARSET=latin1 AUTO_INCREMENT=161 ;

--
-- Dumping data for table `advice`
--

INSERT INTO `advice` (`id`, `type`, `lang`, `advice`, `pdf`) VALUES
(1, 2, 1, 'প্রতিদিন নিয়মিত ঔষধ খাবেন।', 'cÖwZw`b wbqwgZ Jla Lv‡eb|'),
(2, 2, 1, 'চর্বি জাতীয় খাবারঃ গরু বা খাসির মগজ, কলিজা, চামড়া,  হাড়ের ভিতরের তৈলাক্ত অংশ, ডিমের কুসুম, চিংড়ি, মাছের মাথার মগজ, দুধের সর, ঘি, মাখন, ফার্মের মুরগি, হাঁসের মাংস খাবেন না।', 'Pwe© RvZxq Lvevit Mi“ ev Lvwmi gMR, KwjRv, Pvgov,  nv‡oi wfZ‡ii ˆZjv³ Ask, wW‡gi  Kzmyg, wPswo, gv‡Qi gv_vi gMR, `y‡ai mi, wN, gvLb, dv‡g©i gyiwM, nvu‡mi gvsm Lv‡eb bv|'),
(3, 2, 1, 'খেতে পারেনঃ পরিমিত ভাত মাছ, দেশী মুরগীর শুধু মাত্র মাংস, ডাল, শাক-সবজি, ফলমূল।', '†L‡Z cv‡ibt cwiwgZ fvZ gvQ, †`kx gyiMxi ïay gvÎ gvsm, Wvj, kvK-mewR, djg~j|'),
(4, 2, 1, 'বিড়ি সিগারেট, সাদা পাতা, জর্দা, এ্যালকহল, পাতে লবণ খাবেন না।', 'wewo wmMv‡iU, mv`v cvZv, R`©v, G¨vjKnj, cv‡Z jeY Lv‡eb bv|'),
(5, 2, 1, 'বাড়তি ওজন কমাবেন।', 'evowZ IRb Kgv‡eb|'),
(6, 2, 1, 'ব্যায়াম করুনঃ সকালে অথবা বিকালে ১/২ ঘণ্টা থেকে ১ ঘণ্টা জোরে হাঁটা, তবে হাঁটতে গিয়ে বুকে ব্যাথা বা খুব বেশী শ্বাস কষ্ট হলে ঐ দিনের জন্য ব্যায়াম বন্ধ করে দিতে হবে।', 'e¨vqvg Ki“bt mKv‡j A_ev weKv‡j 1/2 NÈv †_‡K 1 NÈv †Rv‡i nvuUv, Z‡e nvuU‡Z wM‡q ey‡K  e¨v_v ev Lye †ekx k¦vm Kó n‡j H w`‡bi Rb¨ e¨vqvg eÜ K‡i w`‡Z n‡e|'),
(7, 2, 1, 'মিষ্টি বা মিষ্টি জাতীয় খাবার খাবেন না। প্রোয়োজনে ডায়াবেটিক সুগার ব্যবহার করতে পারেন।', 'wgwó ev wgwó RvZxq Lvevi Lv‡eb bv| †cÖv‡qvR‡b Wvqv‡ewUK myMvi e¨envi Ki‡Z cv‡ib|'),
(8, 2, 1, 'সকালে পাতলা ২টা রুটি, রাতে ২টা রুটি, দুপুরে দেড় কাপ ভাত, আলু ছাড়া প্রচুর পরিমানে সবজি খাবেন। মাছ মাংস পরিমান মতো খাবেন।', 'mKv‡j cvZjv 2Uv i“wU, iv‡Z 2Uv i“wU, `ycy‡i †`o Kvc fvZ, Avjy Qvov cÖPzi cwigv‡b mewR  Lv‡eb| gvQ gvsm cwigvb g‡Zv Lv‡eb|'),
(9, 2, 1, 'সকাল ১১ টায় বিকাল এবং রাতে শোয়ার সময় হালকা কিছু খাবেন। প্রতিদিন ১টা ফল খাবেন (টক/মিষ্টি কম) যেমনঃ জাম্বুরা, আমলকী, কামরাঙ্গা, বাতাবিলেবু ইত্যাদি খাবেন।', 'mKvj 11 Uvq weKvj Ges iv‡Z †kvqvi mgq nvjKv wKQz Lv‡eb| cÖwZw`b 1Uv dj Lv‡eb  (UK/wgwó Kg) †hgbt Rv¤^yiv, AvgjKx, Kvgiv½v, evZvwe‡jey BZ¨vw` Lv‡eb|'),
(10, 2, 1, 'হালকা খাবেনঃ ২-৩টা ডায়াবেটিসের বিস্কুট/১ কাপ মুড়ি+- ছোলা (৩০ গ্রাম)', 'nvjKv Lv‡ebt 2-3Uv Wvqv‡ewU‡mi we¯‹zU/1 Kvc gywo+- †Qvjv (30 MÖvg)'),
(25, 2, 1, 'ডায়াবেটিস ও প্রেশার এর ঔষধ কোন অবস্থাতেই বন্ধ করবেন না।', 'Wvqv‡ewUm I †cÖkvi Gi Jla †Kvb Ae¯’v‡ZB eÜ Ki‡eb bv'),
(70, 0, 0, 'Plenty Of Fluid Intake', ''),
(71, 0, 0, 'Avoid Spicy Food', ''),
(72, 0, 0, 'Bed Rest', ''),
(73, 0, 0, 'Home Food', ''),
(74, 0, 1, 'রাতে তারাতারি ঘুমাবেন', 'iv‡Z ZvivZvwi Nzgv‡eb'),
(75, 0, 1, 'বেশি করে পানি  খাবেন ', '‡ewk K‡i cvwb Lv‡eb'),
(76, 0, 0, 'Free Exercise', ''),
(77, 0, 1, 'হালকা ব্যায়াম করবেন ', 'nvjKv e¨vqvg Ki‡eb'),
(78, 0, 1, 'বাসার খাবার খাবেন ', 'evmvi Lvevi Lv‡eb'),
(79, 0, 1, 'ঝালমুক্ত খাবার খাবেন ', 'Svjgy³ Lvevi Lv‡eb'),
(80, 8, 1, 'হিল জুতা পড়বেননা, আমিষ জাতীয় খাবার খাবেন, প্রচুর পরিমানে পানি ও তরল খাবার খাবেন,প্রচুর পরিমানে শাঁক সবজি খাবেন।', 'wnj RyZv co‡ebbv, Avwgl RvZxq Lvevi Lv‡eb, cÖPzi cwigv‡b cvwb I Zij Lvevi Lv‡eb,cÖPzi  cwigv‡b kvuK mewR Lv‡eb|'),
(81, 8, 1, 'ভ্রমন নিষেধ,সহবাস নিষেধ,সম্পূর্ণ বিশ্রাম|', 'ågb wb‡la,mnevm wb‡la,m¤c~Y© wekªvg|'),
(83, 8, 1, 'অবশ্যই হাস্পাতালে যোগাযোগ করবেন যদি-মাথা ব্যাথা হয়, চোখে ঝাপসা দেখেন, উপর পেটে ব্যাথা হয়, প্রসাব কম হয়, বাচ্চার নাড়াচড়া খেয়াল রাখবেন,বাচ্চার নাড়াচড়া দৈনিক ১০-১২ বারের কম হয়  (ঘুমের সময় বাদ দিয়ে)।', 'Aek¨B nv¯cvZv‡j †hvMv‡hvM Ki‡eb hw`-gv_v e¨v_v nq, †Pv‡L Svcmv †`‡Lb, Dci †c‡U  e¨v_v nq, cÖmve Kg nq, ev”Pvi bvovPov †Lqvj ivL‡eb,ev”Pvi bvovPov ˆ`wbK 10-12 ev‡ii  Kg nq  (Ny‡gi mgq ev` w`‡q)|'),
(85, 8, 1, 'অবশ্যই ডাক্তার দেখাতে আসবেন-যদি-প্রসব ব্যথা হয়, রক্ত /পানি স্রাব হয় ,বাচ্চার নাড়াচড়া দৈনিক ১০-১২ বারের কম হয়  (ঘুমের সময় বাদ দিয়ে)।', 'Aek¨B Wv³vi †`Lv‡Z Avm‡eb-hw`-cÖme e¨_v nq, i³ /cvwb mªve nq ,ev”Pvi bvovPov ˆ`wbK  10-12 ev‡ii Kg nq  (Ny‡gi mgq ev` w`‡q)|'),
(86, 8, 1, 'ভাত/আলু/মিষ্টি/চিনি/গুর/গরু, খাসির মাংস/ঘি/মাখন ইত্যাদি কম খাবেন।', 'fvZ/Avjy/wgwó/wPwb/¸i/Mi“, Lvwmi gvsm/wN/gvLb BZ¨vw` Kg Lv‡eb|'),
(87, 0, 1, 'দৈনিক ৩০-৪০ মিনিট হাঁটবেন। ', 'ˆ`wbK 30-40 wgwbU nvU‡eb'),
(88, 8, 1, 'মাসিকের ১২তম দিন থেকে ২০তম দিন ১দিন পর পর সহবাস।', ' gvwm‡Ki 12Zg w`b †_‡K 20Zg w`b 1w`b ci ci mnevm|'),
(89, 8, 1, 'মাসিকের ১ম/২অ/৩য় দিন চেম্বারেও দেখাতে আসবেন।', 'gvwm‡Ki 1g/2q/3q w`b ‡Pg¡v‡iI Avm‡eb'),
(91, 8, 1, 'বাচ্চাকে শুধুমাত্র বুকের দুধ খাওয়াবেন ৬ মাস।', 'ev”Pv‡K k–a–gvÎ e–‡Ki `–a LvIqv‡eb 6 gvm'),
(92, 8, 0, 'Use Condom.', ''),
(94, 8, 0, 'Use OCP.', ''),
(95, 8, 0, 'Use DMPA.', ''),
(96, 8, 0, 'Use IUCD.', ''),
(97, 8, 0, 'Councelling Done For BL TL', ''),
(98, 8, 2, 'সকাল ১০টা থেকে বেলা ১ টার  মধ্যে টি.টি  ভ্যাকসিনেশন দিতে আসবেন।', 'mKvj 10Uv †_‡K †ejv 1 Uvi  g‡a¨ wU.wU  f¨vKwm‡bkb w`‡Z Avm‡eb|'),
(99, 4, 0, 'Min 8 hours sleep', ''),
(100, 4, 1, 'সব সময় টেলিফোনে আগাম নাম লিখে আসবেন।', 'me mgq †Uwj‡dv‡b AvMvg bvg wj‡L Avm‡eb|'),
(101, 4, 1, 'জরুরী প্রয়োজনে নিকটস্থ হাসপাতালের জরুরী বিভাগে যাবেন।', 'Ri“ix cÖ‡qvR‡b wbKU¯’ nvmcvZv‡ji Ri“ix wefv‡M hv‡eb|'),
(102, 4, 1, 'আলগা লবন খাবেন না।', 'AvjMv jeb Lv‡eb bv|'),
(103, 0, 1, 'ধূমপান করবেন না। ধূমপানের অভ্যাস ত্যাগ করবেন।', 'a~gcvb Ki‡eb bv| a~gcv‡bi Af¨vm Z¨vM Ki‡eb|'),
(104, 0, 1, 'জর্দা-গুল-তামাকপাতা নিষেধ|', 'R`©v-¸j-ZvgvKcvZv wb‡la|'),
(105, 4, 1, 'চর্বি সমৃদ্ধ খাবার (চতুষ্পদ জন্তুর মাংস, কলিজা, ডিমের কুসুম, দুধের সর, ঘি, মাছের ডিম, মাখন, পনির, চিংড়িমাছ, নারিকেল)খাবেন না।', 'Pwe© mg„× Lvevi (PZz®c` Rš‘i gvsm, KwjRv, wW‡gi Kzmyg, `y‡ai mi, wN, gv‡Qi wWg, gvLb,  cwbi, wPswogvQ, bvwi‡Kj)Lv‡eb bv|'),
(106, 0, 1, 'চিনি-মিষ্টি খাবেন না।', 'wPwb-wgwó Lv‡eb bv|'),
(107, 4, 1, 'খাদ্য :স্বাভাবিক', 'Lv`¨ :¯^vfvweK'),
(108, 0, 1, 'নিয়ন্ত্রিত আহার ও নিয়মিত ব্যায়াম করে ওজন কমাবেন।', 'wbqwš¿Z Avnvi I wbqwgZ e¨vqvg K‡i IRb Kgv‡eb|'),
(109, 4, 1, 'দুধ/দুধ থেকে তৈরি খাবার খাবেন না। শাক-পাতা কম খাবেন।', '`ya/`ya †_‡K ˆZwi Lvevi Lv‡eb bv| kvK-cvZv Kg Lv‡eb|'),
(110, 4, 1, 'প্রচুর তরল খাবার (পানি/ডাবের পানি/ওরস্যালাইন/শরবত/কোল্ডড্রিংক্স)খাবেন।', 'cÖPzi Zij Lvevi (cvwb/Wv‡ei cvwb/Iim¨vjvBb/kieZ/‡KvìwWªs•)Lv‡eb|'),
(111, 4, 1, 'পানি/তরল খাবার পরিমিত পরিমানে (রোজ.........লিটার)খাবেন।', 'cvwb/Zij Lvevi cwiwgZ cwigv‡b (‡ivR.........wjUvi)Lv‡eb|'),
(112, 4, 1, 'আমিষ জাতীয় খাবার(মাছ,মাংস,ডিম,দুধ)পরিমানে কম খাবেন।', 'Avwgl RvZxq Lvevi(gvQ, gvsm, wWg, `ya)cwigv‡b Kg Lv‡eb|'),
(113, 0, 1, 'পর্যাপ্ত পরিমানে শাকসবজি ফলমূল খাবেন।', 'ch©vß cwigv‡b kvKmewR djg~j Lv‡eb|'),
(114, 4, 1, 'ডাল, ছোলাবুট, শিমের বিচি, পুইশাক, ফুলকপি, সামুদ্রিক মাছ, লাল মাংস খাবেন না।', 'Wvj, †QvjveyU, wk‡gi wewP, cyBkvK, dzjKwc, mvgyw`ªK gvQ, jvj gvsm Lv‡eb bv|'),
(115, 4, 1, 'ধুলা-বালি, ধুয়া, ঠাণ্ডা থেকে সতর্ক থাকবেন।=', 'ayjv-evwj, ayqv, VvÊv †_‡K mZK© _vK‡eb'),
(116, 4, 1, 'ঘুমের ঔষধ/ব্যাথানাশক ঔষধ/চিকিৎসকের পরামর্শ ছাড়া কোন ঔষধ খাবেন না।', 'Ny‡gi Jla/e¨v_vbvkK Jla/wPwKrm‡Ki civgk© Qvov †Kvb Jla Lv‡eb bv|'),
(117, 4, 1, 'ঔষধ সেবনের প্রথম সপ্তাহে ঘুম বেশি হতে পারে। ঔষধ বন্ধ করবেন না।', 'Jla †me‡bi cÖ_g mßv‡n Nyg †ewk n‡Z cv‡i| Jla eÜ Ki‡eb bv|'),
(118, 4, 1, 'Carbamazepin (Epilep, Tegretol, Zeptol)সেবনের পর ৭-১৪ দিনের মধ্যে শরীরে Rash (লাল লাল দাগ এবং মুখে ঘা) দেখা দিলে ঔষধ বন্ধ করে যোগাযোগ করবেন।', 'Carbamazepin (Epilep, Tegretol, Zeptol)†me‡bi ci 7-14 w`‡bi g‡a¨ kix‡i Rash (jvj jvj `vM Ges gy‡L Nv) †`Lv w`‡j Jla eÜ  K‡i †hvMv‡hvM Ki‡eb|'),
(119, 4, 1, 'Cervical Collar ব্যাবহার করবেন|', 'Cervical Collar e¨venvi Ki‡eb|'),
(120, 4, 1, 'এক নাগারে দীর্ঘক্ষণ বসা বা দাঁড়িয়ে না থাকা।', 'GK bvMv‡i `xN©¶Y emv ev `vuwo‡q bv _vKv|'),
(121, 4, 1, 'ফিজিওথেরাপি চলবে।', 'wdwRI‡_ivwc Pj‡e|'),
(122, 0, 1, 'বিশ্রামে থাকবেন।', 'wekªv‡g _vK‡eb|'),
(123, 4, 1, 'নির্দেশিত নিয়মে ব্যায়াম করবেন।', 'wb‡`©wkZ wbq‡g e¨vqvg Ki‡eb|'),
(124, 4, 1, 'উপুর হয়ে মেরুদণ্ড বাঁকা করে কোন কাজ করবেন না।', 'Dcyi n‡q †gi“`Ê evuKv K‡i †Kvb KvR Ki‡eb bv|'),
(125, 4, 1, 'ভারী জিনিষ বহন করবেন না ও উপড়ে উঠাবেন না।', 'fvix wRwbl enb Ki‡eb bv I Dc‡o DVv‡eb bv|'),
(126, 4, 1, 'রোজ অন্ততঃ ৩০-৪০ মিনিট জোরে হাঁটবেন।', '†ivR Aš—Zt 30-40 wgwbU †Rv‡i nvuU‡eb|'),
(127, 0, 1, 'চলবে লেখা ঔষধ চিকিৎসকের পরামর্শ ছাড়া বন্ধ করবেন না।', 'Pj‡e †jLv Jla wPwKrm‡Ki civgk© Qvov eÜ Ki‡eb bv|'),
(128, 2, 1, 'চর্বি জাতীয় খাবার কম খাবেন।', 'Pwe© RvZxq Lvevi Kg Lv‡eb|'),
(129, 2, 1, 'গরু/খাশির মাংশ খাবেন না।', 'Mi“/Lvwki gvsk Lv‡eb bv|'),
(130, 2, 1, 'ছোট মাছ খাবেন।', '†QvU gvQ Lv‡eb|'),
(131, 2, 1, 'ডিমের কুসুম খাবেন না।', 'wW‡gi Kzmyg Lv‡eb bv|'),
(132, 2, 1, 'শর্করা জাতীয় খাবার কম খাবেন।', 'kK©iv RvZxq Lvevi Kg Lv‡eb|'),
(133, 8, 1, 'বেশি করে ভাত,আলু,ডিম,ছোট,মাছ,ডিম খাবেন। ', '†ewk K‡i fvZ,Avjy,wWg,‡QvU,gvQ,wWg Lv‡eb| '),
(134, 8, 1, 'বেশি করে খাওয়া দাওয়া করবেন।', '†ewk K‡i LvIqv `vIqv Ki‡eb|'),
(135, 8, 2, 'মাসিকের ১২ তম দিন দেখাতে আসবেন।', 'gvwm‡Ki 12 Zg w`b †`Lv‡Z Avm‡eb|'),
(136, 4, 0, 'Complete bed rest for ...... days.', 'Complete bed rest for ...... days.'),
(140, 8, 0, 'No Heavy Weight', ''),
(141, 8, 1, '', ''),
(142, 8, 1, 'undefined', ''),
(143, 8, 1, 'Avoid Spicy Food', ''),
(144, 8, 1, 'undefined', ''),
(145, 0, 1, 'জরুরি ভিত্তিতে  আনোয়ার খান মডার্ন হাসপাতালে ভর্তি হওন।', 'Ri“wi wfwË‡Z  Av‡bvqvi Lvb gWvb© nvmcvZv‡j fwZ© nIb|'),
(146, 0, 1, 'জরুরি ভিত্তিতে  ঢাকা মেডিকেল কলেজ হাসপাতালে ভর্তি হওন।', 'Ri“wi wfwË‡Z  XvKv †gwW‡Kj K‡jR nvmcvZv‡j fwZ© nIb|'),
(147, 0, 1, 'উন্নত চিকিৎসার জন্য ন্যাশনাল ইন্সটিটিউট অফ নিউরো সাইন্স, আগারগাও এ ভর্তি হউন।', 'DbœZ wPwKrmvi Rb¨ b¨vkbvj BÝwUwUDU Ad wbD‡iv mvBÝ, AvMviMvI G fwZ© nDb|'),
(148, 0, 1, 'ফিজিওথেরাপি করাতে হবে।', 'wdwRI‡_ivwc Kiv‡Z n‡e|'),
(150, 0, 1, 'নিয়মিত ঔষধ সেবন করবেন। ', 'cÖwZw`b wbqwgZ Jla Lv‡eb|'),
(151, 0, 1, 'ডায়াবেটিস ও প্রেশার এর ঔষধ কোন অবস্থাতেই বন্ধ করবেন না।', 'Wvqv‡ewUm I †cÖkvi Gi Jla †Kvb Ae¯’v‡ZB eÜ Ki‡eb bv| '),
(152, 0, 1, 'ডায়াবেটিস ও প্রেশার এর ঔষধ যথারীতি চলবে।', 'Wvqv‡ewUm I †cÖkvi Gi Jla h_vixwZ Pj‡e|'),
(153, 0, 1, 'আগের সব ঔষধ আপাতত বন্ধ রাখবেন। ', 'Av‡Mi me Jla AvcvZZ eÜ ivL‡eb| '),
(154, 0, 1, 'জরুরী ভিত্তিতে ........................... ভর্তি হউন। ', 'Ri“ix wfwË‡Z ........................... fwZ© nDb| '),
(155, 0, 1, 'নির্দেশিত নিয়মে নিয়মিত ফিজিওথেরাপি করাতে হবে। ', 'wb‡`©wkZ wbq‡g wbqwgZ wdwRI‡_ivwc Kiv‡Z n‡e| '),
(156, 0, 1, 'চলবে লেখা ঔষধ চিকিৎসকের পরামর্শ ছাড়া বন্ধ করবেন না।', 'Pj‡e †jLv Jla wPwKrm‡Ki civgk© Qvov eÜ Ki‡eb bv|'),
(157, 1, 1, 'টক জাতিও খাবার খাবেন না।', ''),
(158, 1, 1, 'পাতে লবন খাবেন না।', ''),
(159, 1, 1, 'undefined', ''),
(160, 1, 1, 'undefined', '');

-- --------------------------------------------------------

--
-- Table structure for table `appointment`
--

CREATE TABLE IF NOT EXISTS `appointment` (
  `appointmentID` int(11) NOT NULL AUTO_INCREMENT,
  `doctorCode` varchar(15) NOT NULL,
  `patientCode` varchar(15) NOT NULL,
  `date` date NOT NULL,
  `time` time NOT NULL,
  `status` int(11) NOT NULL,
  `appointmentType` int(11) NOT NULL,
  `addedBy` varchar(15) NOT NULL,
  PRIMARY KEY (`appointmentID`)
) ENGINE=InnoDB  DEFAULT CHARSET=latin1 AUTO_INCREMENT=96 ;

--
-- Dumping data for table `appointment`
--

INSERT INTO `appointment` (`appointmentID`, `doctorCode`, `patientCode`, `date`, `time`, `status`, `appointmentType`, `addedBy`) VALUES
(1, 'raj', '100000000', '2015-04-20', '01:19:07', 0, 0, 'raj'),
(2, 'raj', '100000001', '2015-04-19', '01:21:40', 0, 0, 'raj'),
(3, 'raj', '100000002', '2015-04-19', '02:35:26', 0, 0, 'raj'),
(4, 'raj', '100000003', '2015-04-22', '11:32:37', 0, 0, 'raj'),
(5, 'raj', '100000004', '2015-04-26', '01:25:39', 1, 2, 'raj'),
(6, 'raj', 'undefined', '2015-04-27', '10:26:35', 0, 0, 'raj'),
(7, 'raj', 'undefined', '2015-04-27', '10:26:39', 0, 0, 'raj'),
(8, 'raj', '100000000', '2015-04-27', '10:27:05', 0, 0, 'raj'),
(9, 'raj', '100000000', '2015-04-28', '04:31:18', 0, 0, 'raj'),
(10, 'raj', '100000000', '2015-04-29', '09:07:00', 0, 0, 'raj'),
(11, 'raj', '100000000', '2015-04-30', '11:03:20', 0, 0, 'raj'),
(12, 'raj', '100000000', '2015-05-01', '06:56:48', 0, 0, 'raj'),
(13, 'raj', '100000016', '2015-05-01', '09:59:48', 0, 1, 'raj'),
(14, 'raj', '100000003', '2015-05-01', '10:01:54', 0, 1, 'raj'),
(15, 'raj', '100000000', '2015-05-02', '02:31:10', 0, 1, 'raj'),
(16, 'undefined', '100000000', '2015-05-03', '11:38:17', 0, 1, 'raj'),
(17, 'raj', '100000000', '2015-05-03', '11:40:04', 0, 1, 'raj'),
(18, 'raj', '100000000', '2015-05-04', '11:58:01', 0, 1, 'raj'),
(19, 'raj', '100000000', '2015-05-07', '09:52:24', 0, 1, 'raj'),
(20, 'raj', '100000000', '2015-05-08', '11:13:25', 0, 1, 'raj'),
(21, 'raj', '100000003', '2015-05-09', '01:54:32', 1, 1, 'raj'),
(22, 'raj', '100000000', '2015-05-09', '09:33:37', 1, 1, 'raj'),
(23, 'raj', '100000004', '2015-05-09', '12:40:34', 0, 1, 'raj'),
(24, 'raj', '100000003', '2015-05-10', '01:12:07', 1, 1, 'raj'),
(25, 'raj', '100000001', '2015-05-12', '10:19:46', 0, 1, 'raj'),
(26, 'raj', '100000001', '2015-05-13', '11:44:02', 0, 1, 'raj'),
(27, 'raj', '100000003', '2015-05-13', '11:52:17', 0, 1, 'raj'),
(28, 'raj', '100000004', '2015-05-13', '12:33:43', 0, 1, 'raj'),
(29, 'raj', '100000001', '2015-05-14', '11:15:46', 0, 1, 'raj'),
(30, 'raj', '100000001', '2015-05-16', '01:08:42', 1, 3, 'raj'),
(31, 'raj', '100000003', '2015-05-16', '10:08:20', 0, 1, 'raj'),
(32, 'raj', '100000004', '2015-05-16', '11:06:14', 0, 1, 'raj'),
(33, 'raj', '100000000', '2015-05-16', '11:06:20', 0, 1, 'raj'),
(34, 'raj', '100000016', '2015-05-16', '12:08:07', 0, 1, 'raj'),
(35, 'raj', '100000040', '2015-05-16', '12:12:31', 0, 0, 'raj'),
(36, 'raj', '100000003', '2015-05-17', '11:51:07', 0, 1, 'raj'),
(37, 'raj', '100000004', '2015-05-17', '10:41:01', 0, 1, 'raj'),
(38, 'raj', '100000004', '2015-05-18', '11:28:13', 0, 1, 'raj'),
(39, 'raj', '100000004', '2015-05-20', '12:15:21', 0, 1, 'raj'),
(40, 'raj', '100000000', '2015-05-20', '12:38:15', 0, 1, 'raj'),
(41, 'raj', '100000000', '2015-05-21', '12:28:11', 0, 1, 'raj'),
(42, 'raj', '100000000', '2015-05-23', '02:06:04', 0, 1, 'raj'),
(43, 'raj', '100000000', '2015-05-24', '12:18:59', 1, 1, 'raj'),
(44, 'raj', '100000001', '2015-05-24', '12:43:23', 1, 1, 'raj'),
(45, 'raj', '100000004', '2015-05-24', '01:32:30', 0, 1, 'raj'),
(46, 'raj', '100000000', '2015-05-26', '10:57:52', 0, 1, 'raj'),
(47, 'raj', '100000000', '2015-05-27', '12:26:33', 0, 1, 'raj'),
(48, 'raj', '100000000', '2015-05-29', '11:38:45', 0, 1, 'raj'),
(49, 'raj', '100000000', '2015-05-30', '12:33:24', 1, 1, 'raj'),
(50, 'raj', '100000000', '2015-05-31', '10:00:13', 1, 2, 'raj'),
(51, 'raj', '100000004', '2015-05-31', '08:19:06', 0, 1, 'raj'),
(52, 'raj', '100000004', '2015-05-31', '08:25:34', 0, 1, 'raj'),
(53, 'raj', '100000001', '2015-05-31', '08:25:41', 1, 1, 'raj'),
(54, 'raj', '100000040', '2015-05-31', '08:28:16', 0, 1, 'raj'),
(55, 'raj', '100000000', '2015-06-01', '10:49:15', 0, 1, 'raj'),
(56, 'raj', '100000000', '2015-06-02', '09:52:59', 1, 1, 'raj'),
(57, 'raj', '100000004', '2015-06-02', '01:50:17', 0, 1, 'raj'),
(58, 'raj', '100000001', '2015-06-02', '01:51:22', 1, 1, 'raj'),
(59, 'raj', '100000000', '2015-06-03', '02:34:25', 0, 1, 'raj'),
(60, 'raj', '100000000', '2015-06-04', '11:14:14', 0, 1, 'raj'),
(61, 'raj', '100000000', '2015-06-05', '12:07:58', 0, 1, 'raj'),
(62, 'raj', '100000004', '2015-06-05', '12:12:58', 1, 1, 'raj'),
(63, 'raj', '100000004', '2015-06-06', '11:42:48', 0, 1, 'raj'),
(64, 'raj', '100000000', '2015-06-06', '12:33:35', 1, 1, 'raj'),
(65, 'raj', '100000068', '2015-06-06', '07:19:12', 0, 0, 'raj'),
(66, 'raj', '100000069', '2015-06-06', '07:27:52', 0, 0, 'raj'),
(67, 'raj', '100000070', '2015-06-06', '10:48:44', 1, 0, 'raj'),
(68, 'raj', '100000070', '2015-06-07', '12:46:08', 1, 1, 'raj'),
(69, 'raj', '100000000', '2015-06-07', '08:40:08', 1, 2, 'raj'),
(70, 'raj', '100000070', '2015-06-09', '10:24:38', 1, 1, 'raj'),
(71, 'raj', '100000000', '2015-06-09', '11:38:21', 0, 1, 'raj'),
(72, 'raj', '100000040', '2015-06-09', '11:38:30', 0, 1, 'raj'),
(73, 'raj', '100000001', '2015-06-09', '11:41:09', 1, 1, 'raj'),
(74, 'raj', '100000000', '2015-06-12', '12:58:09', 0, 1, 'raj'),
(75, 'raj', '100000000', '2015-06-13', '02:15:40', 1, 1, 'raj'),
(76, 'raj', '100000068', '2015-06-13', '03:51:04', 0, 1, 'raj'),
(77, 'raj', '100000000', '2015-06-14', '02:53:50', 1, 1, 'raj'),
(78, 'bah', '100000004', '2015-06-14', '03:00:34', 1, 1, 'bah'),
(79, 'bah', '100000001', '2015-06-14', '03:21:55', 1, 1, 'bah'),
(80, 'bah', '100000004', '2015-06-20', '06:21:55', 1, 1, 'bah'),
(81, 'bah', '100000000', '2015-07-04', '08:49:49', 1, 1, 'bah'),
(82, 'mah', '100000004', '2015-07-04', '08:56:49', 1, 1, 'mah'),
(83, 'mah', '100000004', '2015-07-05', '02:19:35', 1, 1, 'mah'),
(84, 'mah', '100000004', '2015-07-07', '12:45:53', 1, 1, 'mah'),
(85, 'mah', '100000004', '2015-07-08', '10:04:59', 1, 1, 'mah'),
(86, 'mah', '300000000', '2015-07-08', '10:13:38', 1, 0, 'mah'),
(87, 'mah', '100000004', '2015-07-10', '12:00:45', 1, 1, 'mah'),
(88, 'mah', '100000004', '2015-07-11', '05:04:35', 1, 1, 'mah'),
(89, 'zhs', '300000000', '2015-07-11', '08:10:23', 1, 1, 'zhs'),
(90, 'raj', '100000004', '2015-07-29', '12:12:36', 0, 1, 'raj'),
(91, 'raj', '100000004', '2015-07-30', '12:00:30', 0, 1, 'raj'),
(92, 'mah', '100000004', '2015-08-02', '09:25:59', 1, 1, 'mah'),
(93, 'raj', '100000000', '2015-08-02', '10:15:29', 0, 1, 'raj'),
(94, 'zhs', '100000004', '2015-08-02', '10:55:48', 1, 1, 'zhs'),
(95, 'ask', '100000001', '2015-08-02', '11:57:44', 0, 1, 'ask');

-- --------------------------------------------------------

--
-- Table structure for table `appointment_type`
--

CREATE TABLE IF NOT EXISTS `appointment_type` (
  `id` int(11) NOT NULL AUTO_INCREMENT,
  `name` varchar(255) NOT NULL,
  `shortName` varchar(255) NOT NULL,
  PRIMARY KEY (`id`)
) ENGINE=InnoDB  DEFAULT CHARSET=latin1 AUTO_INCREMENT=5 ;

--
-- Dumping data for table `appointment_type`
--

INSERT INTO `appointment_type` (`id`, `name`, `shortName`) VALUES
(0, 'New Patient', 'Yellow'),
(1, 'Old Patient', 'Green'),
(2, 'Free', 'Blue'),
(3, 'Relative', 'Black'),
(4, 'Report', 'Orange');

-- --------------------------------------------------------

--
-- Table structure for table `complain`
--

CREATE TABLE IF NOT EXISTS `complain` (
  `id` int(11) NOT NULL AUTO_INCREMENT,
  `appointMentID` int(11) NOT NULL,
  `symptomID` int(11) NOT NULL,
  `durationNum` double NOT NULL,
  `durationType` int(11) DEFAULT NULL,
  `detail` text,
  PRIMARY KEY (`id`)
) ENGINE=InnoDB  DEFAULT CHARSET=latin1 AUTO_INCREMENT=68 ;

--
-- Dumping data for table `complain`
--

INSERT INTO `complain` (`id`, `appointMentID`, `symptomID`, `durationNum`, `durationType`, `detail`) VALUES
(1, 49, 38, 1, 1, ''),
(2, 49, 131, 3, 2, ''),
(3, 49, 176, 3, 1, ''),
(4, 49, 50, 4, 4, ''),
(5, 49, 41, 7, 1, ''),
(6, 50, 63, 3, 1, ''),
(7, 50, 30, 1, 1, ''),
(8, 50, 28, 1, 1, ''),
(9, 50, 21, 1, 1, ''),
(10, 50, 23, 1, 1, ''),
(11, 56, 20, 2, 5, ''),
(12, 64, 0, 0, 0, ''),
(13, 64, 0, 0, 0, ''),
(14, 64, 0, 0, 0, ''),
(15, 64, 63, 3, 1, ''),
(16, 64, 30, 1, 1, ''),
(17, 64, 38, 1, 1, ''),
(18, 64, 26, 1, 1, ''),
(19, 64, 28, 1, 1, ''),
(20, 64, 21, 1, 1, ''),
(21, 64, 23, 1, 1, ''),
(22, 67, 26, 2, 1, ''),
(23, 67, 28, 3, 1, ''),
(24, 67, 21, 4, 1, ''),
(25, 69, 27, 3, 1, ''),
(26, 69, 32, 5, 2, ''),
(27, 69, 24, 1, 1, ''),
(28, 68, 19, 2, 1, ''),
(29, 68, 28, 1.5, 1, ''),
(30, 68, 40, 3.5, 2, ''),
(31, 78, 35, 1.5, 1, ''),
(32, 78, 40, 3, 1, ''),
(33, 80, 19, 1, 1, ''),
(34, 80, 84, 3.5, 1, ''),
(35, 83, 16, 1, 1, ''),
(36, 83, 101, 1, 2, ''),
(37, 84, 16, 1, 1, ''),
(38, 84, 101, 1, 2, ''),
(39, 84, 199, 1, 3, ''),
(40, 84, 25, 3, 1, ''),
(41, 84, 36, 1, 3, ''),
(42, 85, 16, 1, 1, ''),
(43, 85, 101, 1, 2, ''),
(44, 86, 75, 5, 1, ''),
(45, 86, 21, 1, 3, ''),
(46, 87, 16, 1, 1, ''),
(47, 87, 199, 1, 3, ''),
(48, 87, 36, 1, 3, ''),
(49, 88, 16, 1, 1, ''),
(50, 88, 101, 1, 2, ''),
(51, 88, 16, 1, 1, ''),
(52, 88, 25, 3, 1, ''),
(53, 88, 101, 1, 2, ''),
(54, 88, 199, 1, 3, ''),
(55, 89, 30, 1, 3, ''),
(56, 89, 41, 1, 2, ''),
(57, 89, 21, 7, 1, ''),
(59, 89, 38, 1, 1, ''),
(60, 92, 210, 1, 1, ''),
(61, 92, 32, 0, 6, ''),
(62, 92, 28, 0, 6, ''),
(63, 92, 80, 1, 2, ''),
(64, 94, 50, 0, 6, ''),
(65, 94, 199, 0, 7, ''),
(66, 94, 31, 1, 2, ''),
(67, 94, 84, 1, 2, '');

-- --------------------------------------------------------

--
-- Table structure for table `diagnosis`
--

CREATE TABLE IF NOT EXISTS `diagnosis` (
  `id` int(11) NOT NULL AUTO_INCREMENT,
  `appointMentID` int(11) NOT NULL,
  `diseaseID` int(11) NOT NULL,
  `note` text NOT NULL,
  PRIMARY KEY (`id`)
) ENGINE=InnoDB  DEFAULT CHARSET=latin1 AUTO_INCREMENT=36 ;

--
-- Dumping data for table `diagnosis`
--

INSERT INTO `diagnosis` (`id`, `appointMentID`, `diseaseID`, `note`) VALUES
(1, 19, 268, 'ssss'),
(2, 20, 311, 'yo yo'),
(3, 21, 175, '101'),
(9, 22, 5, 'test'),
(10, 24, 175, ''),
(13, 25, 268, ''),
(14, 26, 5, ''),
(15, 27, 5, ''),
(16, 28, 5, ''),
(17, 29, 4, ''),
(18, 37, 324, ''),
(19, 43, 250, ''),
(20, 44, 5, ''),
(21, 49, 10, ''),
(22, 51, 5, 'undefined'),
(23, 53, 1, 'undefined'),
(24, 56, 268, ''),
(25, 57, 6, ''),
(26, 58, 71, ''),
(27, 62, 5, ''),
(28, 69, 5, ''),
(29, 75, 249, ''),
(30, 80, 205, ''),
(31, 86, 326, ''),
(32, 87, 34, ''),
(33, 88, 34, ''),
(34, 89, 68, ''),
(35, 94, 4, '');

-- --------------------------------------------------------

--
-- Table structure for table `disease`
--

CREATE TABLE IF NOT EXISTS `disease` (
  `id` int(11) NOT NULL AUTO_INCREMENT,
  `name` varchar(255) NOT NULL,
  PRIMARY KEY (`id`)
) ENGINE=InnoDB  DEFAULT CHARSET=latin1 AUTO_INCREMENT=327 ;

--
-- Dumping data for table `disease`
--

INSERT INTO `disease` (`id`, `name`) VALUES
(1, 'Jaundice'),
(2, 'Viral hepatitis '),
(3, 'Constipation '),
(4, 'Malaria'),
(5, 'Fever of unknown origin '),
(6, 'Aanemia'),
(7, 'Heart Disease '),
(8, 'CAD'),
(9, 'ISCHAEMIA'),
(10, 'AMI'),
(11, 'OMI'),
(12, 'SPONDALITIES'),
(13, 'IBS'),
(14, 'PUD'),
(15, 'CHOLECYSTITIES'),
(16, 'CHOLELETHIASIS'),
(17, 'CYSTITIES'),
(18, 'BEP'),
(19, 'PROSTATITIES'),
(20, 'UTI'),
(21, 'NEPHRITIES'),
(22, 'NEPHROLITHIASIS'),
(23, 'Hypothyroidism'),
(25, 'Hyperlipidaemia '),
(32, 'Tuberculosis'),
(34, 'Asthma'),
(35, 'Atopic dermatitis'),
(36, 'Sciatica'),
(38, 'Urinary tract infection '),
(39, 'Diabetes (non-insulin dependent) '),
(40, 'Chest pain Hypertension Angina'),
(41, 'Atherosclerotic heart disease '),
(42, 'Congestive heart failure Stroke'),
(43, 'Allergic rhinitis '),
(44, 'Upper respiratory tract infection '),
(45, 'Lower respiratory tract infection '),
(46, 'Chronic obstructive pulmonary disease (COPD) '),
(47, 'Nephrolithiasis (kidney stones) '),
(48, 'Prostatitis'),
(49, 'Sexually transmitted infection (STI)'),
(50, 'Gonococcal/chlamydial infection of lower genitourinary tract '),
(51, 'Cervicitis'),
(52, 'Vaginitis'),
(53, 'Pelvic inflammatory disease (PID)'),
(54, 'Amenorrhoea'),
(55, 'Postmenopausal bleeding Female infertility'),
(56, 'Complications following abortion  '),
(57, 'Pre-natal care '),
(58, 'Post-natal care '),
(59, 'Depressive disorder'),
(60, 'Depressive disorder'),
(61, 'Tension headache Insomnia'),
(62, 'Chronic gastroenteritis Gastritis'),
(63, 'Aphthous ulcers '),
(64, 'Anorexia Conjunctivitis '),
(65, 'Acute otitis media (AOM)'),
(66, 'Chronic suppurative otitis media (CSOM) '),
(67, 'Mumps'),
(68, 'Filariasis Osteoarthritis '),
(69, 'Cervical spondylosis  '),
(70, 'Acute pharyngitis'),
(71, 'Acute tonsillitis'),
(72, 'Acute sinusitis'),
(73, 'Lumbar spondylosis'),
(74, 'Pregnancy-related conditions'),
(75, 'Rheumatoid Arthritis Osteopenia'),
(78, 'Skin Disease'),
(79, 'Typhoid'),
(82, 'Back Pain'),
(90, 'Diabatics'),
(91, 'Mini-stroke (transient ischemic attack)'),
(92, 'Misophonia'),
(93, 'Mitochondrial myopathy'),
(94, 'Mobius syndrome'),
(95, 'Monomelic amyotrophy'),
(96, 'Motor Neurone Disease - see amyotrophic lateral sclerosis'),
(97, 'Motor skills disorder'),
(98, 'Moyamoya disease'),
(99, 'Mucopolysaccharidoses'),
(100, 'Multi-infarct dementia'),
(101, 'Multifocal motor neuropathy'),
(102, 'Multiple sclerosis'),
(103, 'Multiple system atrophy'),
(104, 'Muscular dystrophy'),
(105, 'Myalgic encephalomyelitis'),
(106, 'Myasthenia gravis'),
(107, 'Myelinoclastic diffuse sclerosis'),
(108, 'Myoclonic Encephalopathy of infants'),
(109, 'Myoclonus'),
(110, 'Myopathy'),
(111, 'Myotubular myopathy'),
(112, 'Myotonia congenita'),
(113, 'Narcolepsy'),
(114, 'Neurofibromatosis'),
(115, 'Neuroleptic malignant syndrome'),
(116, 'Neurological manifestations of AIDS'),
(117, 'Neurological sequelae of lupus'),
(118, 'Neuromyotonia'),
(119, 'Neuronal ceroid lipofuscinosis'),
(120, 'Neuronal migration disorders'),
(121, 'Niemann-Pick disease'),
(122, 'Non 24-hour sleep-wake syndrome'),
(123, 'Nonverbal learning disorder'),
(124, 'Occipital Neuralgia'),
(125, 'Occult Spinal Dysraphism Sequence'),
(126, 'Ohtahara syndrome'),
(127, 'Olivopontocerebellar atrophy'),
(128, 'Opsoclonus myoclonus syndrome'),
(129, 'Optic neuritis'),
(130, 'Orthostatic Hypotension'),
(131, 'Overuse syndrome'),
(132, 'Palinopsia'),
(133, 'Paresthesia'),
(134, 'Paramyotonia Congenita'),
(135, 'Paraneoplastic diseases'),
(136, 'Paroxysmal attacks'),
(137, 'Parry-Romberg syndrome'),
(138, 'Pelizaeus-Merzbacher disease'),
(139, 'Periodic Paralyses'),
(140, 'Peripheral neuropathy'),
(141, 'Pervasive developmental disorders'),
(142, 'Photic sneeze reflex'),
(143, 'Phytanic acid storage disease'),
(144, 'Pinched nerve'),
(145, 'Pituitary tumors'),
(146, 'PMG'),
(147, 'Polyneuropathy'),
(148, 'Polio'),
(149, 'Polymicrogyria'),
(150, 'Polymyositis'),
(151, 'Porencephaly'),
(152, 'Post-Polio syndrome'),
(153, 'Postherpetic Neuralgia (PHN)'),
(154, 'Postural Hypotension'),
(155, 'Prader-Willi syndrome'),
(156, 'Primary Lateral Sclerosis'),
(157, 'Prion diseases'),
(158, 'Progressive hemifacial atrophy'),
(159, 'Progressive multifocal leukoencephalopathy'),
(160, 'Progressive Supranuclear Palsy'),
(161, 'Pseudotumor cerebri'),
(162, 'Rabies'),
(163, 'Ramsay Hunt syndrome type I'),
(164, 'Ramsay Hunt syndrome type II'),
(165, 'Ramsay Hunt syndrome type III - see Ramsay-Hunt syndrome'),
(166, 'Reflex neurovascular dystrophy'),
(167, 'Refsum disease'),
(168, 'Repetitive stress injury'),
(169, 'Restless legs syndrome'),
(170, 'Retrovirus-associated myelopathy'),
(171, 'Rett syndrome'),
(172, 'Rhythmic Movement Disorder'),
(173, 'Romberg syndrome'),
(174, 'Saint Vitus dance'),
(175, 'Sandhoff disease'),
(176, 'Schizencephaly'),
(177, 'Sensory integration dysfunction'),
(178, 'Septo-optic dysplasia'),
(179, 'Shaken baby syndrome'),
(180, 'Shingles'),
(181, 'Shy-Drager syndrome'),
(182, 'Sleep apnea'),
(183, 'Sleeping sickness'),
(184, 'Snatiation'),
(185, 'Sotos syndrome'),
(186, 'Spasticity'),
(187, 'Spina bifida'),
(188, 'Spinal cord injury'),
(189, 'Spinal cord tumors'),
(190, 'Spinal muscular atrophy'),
(191, 'Spinocerebellar ataxia'),
(192, 'Steele-Richardson-Olszewski syndrome'),
(193, 'Stiff-person syndrome'),
(194, 'Stroke'),
(195, 'Sturge-Weber syndrome'),
(196, 'Subacute sclerosing panencephalitis'),
(197, 'Subcortical arteriosclerotic encephalopathy'),
(198, 'Superficial siderosis'),
(199, 'Syncope'),
(200, 'Synesthesia'),
(201, 'Syringomyelia'),
(202, 'Tarsal tunnel syndrome'),
(203, 'Tardive dyskinesia'),
(204, 'Tardive dysphrenia'),
(205, 'Tarlov cyst'),
(206, 'Tay-Sachs disease'),
(207, 'Temporal arteritis'),
(208, 'Tetanus'),
(209, 'Tethered spinal cord syndrome'),
(210, 'Thomsen disease'),
(211, 'Thoracic outlet syndrome'),
(212, 'Tic Douloureux'),
(213, 'Tourette syndrome'),
(214, 'Toxic encephalopathy'),
(215, 'Transient ischemic attack'),
(216, 'Transmissible spongiform encephalopathies'),
(217, 'Transverse myelitis'),
(218, 'Traumatic brain injury'),
(219, 'Tremor'),
(220, 'Trigeminal neuralgia'),
(221, 'Tropical spastic paraparesis'),
(222, 'Trypanosomiasis'),
(223, 'Tuberous sclerosis'),
(224, 'ubisiosis'),
(225, 'Von Hippel-Lindau disease (VHL)'),
(226, 'Viliuisk Encephalomyelitis (VE)'),
(227, 'Werdnig-Hoffman disease'),
(228, 'West syndrome'),
(229, 'Whiplash'),
(230, 'Williams syndrome'),
(231, 'Zellweger syndrome'),
(232, 'Wilson''s disease'),
(233, 'Wallenberg''s syndrome'),
(234, 'Todd''s paralysis'),
(235, 'Sydenham''s chorea'),
(236, 'Sjögren''s syndrome'),
(237, 'Schilder''s disease'),
(238, 'Reye''s syndrome'),
(239, 'Rasmussen''s encephalitis'),
(240, 'Pick''s disease'),
(241, 'O''Sullivan-McLeod syndrome'),
(242, 'Rates'),
(243, 'Rt./Lt Haemeplagia'),
(244, 'Paraplegia'),
(245, 'IHD'),
(246, 'Tuberculosis'),
(247, 'Meningitis '),
(248, 'Encephalitis '),
(249, 'Head injury'),
(250, 'Bleeding disorder'),
(251, 'Heart failure '),
(252, 'Mitral stenosis'),
(253, 'Valvular heart disease '),
(254, 'Stanting '),
(255, 'GABG'),
(256, 'Congenital heart disease (ASD, VSD, PDA, TOF, PFO)'),
(257, 'Surgery'),
(258, 'DM'),
(259, 'HTN'),
(260, 'Stroke. Rt. / Lt. / Heamoregic / Ischemic'),
(263, 'Epilepsy'),
(264, 'Psychosis'),
(265, 'Osteo-arthritis '),
(266, 'Sciatica Rt. / Lt'),
(267, 'Low back pain'),
(268, 'Acidity '),
(269, 'Neck pain'),
(270, 'Facial palsy'),
(271, 'Headache'),
(272, 'Migraine'),
(273, 'Brain tumour '),
(274, 'Cluster Headache'),
(275, 'Mixed headache'),
(276, 'Ischemic stroke with right /left sided hemiplegia'),
(277, 'Hemorrhagic stroke with right/left sided hemiplegia'),
(278, 'Subarachnoid hemorrhage'),
(279, 'Cerebellar haemorrhage'),
(280, 'Brainstem hemorrhage'),
(281, 'Brainstem infarction'),
(282, 'Cerebral venous sinus thrombosis'),
(283, 'Bells palsy'),
(284, 'ICSOL'),
(285, 'CNS tuberculosis'),
(286, 'Potts Disease'),
(287, 'Brain abscess'),
(288, 'GBS'),
(289, 'CIDP'),
(290, 'Mononeuropathy multiplex'),
(291, 'Radial /ulnar/median/tibial/peroneal nerve palsy (right/left)'),
(292, 'Carpal tunnel syndrome'),
(293, 'Myopathy (Duchene /Becker’s /limb-girdle/oculopharyngeal)'),
(294, 'Inflammatory myopathy'),
(295, 'Dermatomyositis'),
(296, 'Epilepsy- primary/secondary -GTCS/absence/tonic/clonic / myoclonic/absence/focal'),
(297, 'Compressive myelopathy '),
(298, 'Noncompressive myelopathy'),
(299, 'Motor neuron disease'),
(300, 'Amyotrophic lateral sclerosis'),
(301, 'Progressive muscular atrophy'),
(302, 'Parkinson disease'),
(303, 'Drug induced parkinsonism'),
(304, 'Essential tremor'),
(305, 'Chorea'),
(306, 'Tics'),
(307, 'Blepharospasm'),
(308, 'Cervical dystonia'),
(309, 'Writer’s cramp'),
(310, 'Focal dystonia'),
(311, 'Generalized dystonia'),
(312, 'Subdural hematoma'),
(313, 'Extradural hematoma'),
(314, 's'),
(315, 'Laproscopy '),
(316, '34 wks pregnancy'),
(317, 'desh'),
(318, 'd'),
(319, 't'),
(320, 'Test Dise'),
(321, 'r'),
(322, 'b'),
(323, 'fe'),
(324, ''),
(325, 'undefined'),
(326, 'Pregnancy with aneamia');

-- --------------------------------------------------------

--
-- Table structure for table `doctor`
--

CREATE TABLE IF NOT EXISTS `doctor` (
  `doctorID` int(11) NOT NULL AUTO_INCREMENT,
  `doctorCode` varchar(15) NOT NULL,
  `password` varchar(255) NOT NULL,
  `name` varchar(255) NOT NULL,
  `sex` varchar(15) NOT NULL,
  `age` decimal(10,0) NOT NULL,
  `phone` varchar(15) NOT NULL,
  PRIMARY KEY (`doctorID`)
) ENGINE=InnoDB  DEFAULT CHARSET=latin1 AUTO_INCREMENT=6 ;

--
-- Dumping data for table `doctor`
--

INSERT INTO `doctor` (`doctorID`, `doctorCode`, `password`, `name`, `sex`, `age`, `phone`) VALUES
(1, 'raj', '123', 'Dr Saimul Arefin', 'MALE', '28', '01717094921'),
(2, 'bah', '123', ' Dr Badrul Haque', 'MALE', '50', '+8801713009917'),
(3, 'mah', '123', 'Prof. Md. Ali Hossain', 'Male', '60', '+8801711561492'),
(4, 'zhs', '123', 'Dr. Md. Zakir Hossain Sarker', 'Male', '50', '+8801716632591'),
(5, 'ask', '123', 'Dr. Md. Abdus Shakur Khan', 'MALE', '52', '+8801552322010');

-- --------------------------------------------------------

--
-- Table structure for table `doctorcategory`
--

CREATE TABLE IF NOT EXISTS `doctorcategory` (
  `id` int(11) NOT NULL AUTO_INCREMENT,
  `name` varchar(255) NOT NULL,
  PRIMARY KEY (`id`)
) ENGINE=InnoDB  DEFAULT CHARSET=latin1 AUTO_INCREMENT=26 ;

--
-- Dumping data for table `doctorcategory`
--

INSERT INTO `doctorcategory` (`id`, `name`) VALUES
(1, 'Medicine'),
(2, 'Cardiologist'),
(3, 'Gastrologist'),
(4, 'Neurologist'),
(5, 'ENT Specilist'),
(6, 'Chest Specialist'),
(7, 'Pediatrician'),
(8, 'Gynecologist'),
(9, 'Onchologist'),
(10, 'Eye Specialist'),
(11, 'Diabetologist'),
(12, 'Dermatologist'),
(13, 'Orthopedics'),
(14, 'Nephrologists'),
(15, 'Infectious Disease Specialist'),
(16, 'Psychiatrist'),
(17, 'Endocrinologist'),
(18, 'Gastroenterologist'),
(19, 'Ophthalmologist'),
(20, 'Otolaryngologists'),
(21, 'Podiatrist'),
(22, 'Pulmonologists'),
(23, 'Rheumatologist'),
(24, 'Surgeon'),
(25, 'Skin Specialist');

-- --------------------------------------------------------

--
-- Table structure for table `doctorsettings`
--

CREATE TABLE IF NOT EXISTS `doctorsettings` (
  `id` int(11) NOT NULL AUTO_INCREMENT,
  `doctorID` int(11) NOT NULL,
  `category` int(11) NOT NULL,
  `state` tinyint(1) NOT NULL,
  `patientType` int(11) NOT NULL,
  `patientState` int(11) NOT NULL,
  `prescriptionStyle` tinyint(1) NOT NULL,
  `hospitalID` int(11) NOT NULL,
  `photoSupport` tinyint(1) NOT NULL,
  `personCodeInitial` int(16) NOT NULL,
  `pdfPage` varchar(255) NOT NULL,
  PRIMARY KEY (`id`),
  UNIQUE KEY `doctorId` (`doctorID`)
) ENGINE=InnoDB  DEFAULT CHARSET=latin1 AUTO_INCREMENT=6 ;

--
-- Dumping data for table `doctorsettings`
--

INSERT INTO `doctorsettings` (`id`, `doctorID`, `category`, `state`, `patientType`, `patientState`, `prescriptionStyle`, `hospitalID`, `photoSupport`, `personCodeInitial`, `pdfPage`) VALUES
(1, 1, 8, 1, 1, 1, 1, 1, 0, 100000071, 'default'),
(2, 2, 4, 1, 0, 1, 1, 1, 0, 200000000, 'bah_pdf'),
(3, 3, 1, 1, 0, 1, 2, 0, 0, 300000001, 'mah_pdf'),
(4, 4, 1, 1, 0, 1, 2, 0, 0, 400000000, 'zhs_pdf'),
(5, 5, 1, 1, 0, 1, 1, 1, 0, 500000000, 'ask_pdf');

-- --------------------------------------------------------

--
-- Table structure for table `doctor_advice_settings`
--

CREATE TABLE IF NOT EXISTS `doctor_advice_settings` (
  `id` int(11) NOT NULL AUTO_INCREMENT,
  `doctorID` int(11) NOT NULL,
  `adviceID` int(11) NOT NULL,
  `displayOrder` int(11) NOT NULL,
  PRIMARY KEY (`id`)
) ENGINE=InnoDB  DEFAULT CHARSET=latin1 AUTO_INCREMENT=31 ;

--
-- Dumping data for table `doctor_advice_settings`
--

INSERT INTO `doctor_advice_settings` (`id`, `doctorID`, `adviceID`, `displayOrder`) VALUES
(3, 1, 70, 3),
(4, 1, 0, 4),
(5, 1, 0, 4),
(6, 1, 0, 4),
(7, 1, 0, 4),
(8, 1, 0, 4),
(9, 1, 0, 4),
(10, 1, 0, 4),
(12, 1, 97, 5),
(13, 1, 87, 6),
(14, 1, 140, 7),
(15, 1, 71, 8),
(16, 2, 145, 1),
(17, 2, 146, 2),
(18, 2, 147, 3),
(19, 2, 151, 4),
(20, 2, 150, 5),
(22, 2, 153, 6),
(23, 2, 154, 7),
(24, 2, 152, 8),
(25, 2, 155, 9),
(26, 2, 156, 10),
(27, 3, 75, 1),
(28, 3, 0, 2),
(29, 4, 113, 1),
(30, 4, 0, 2);

-- --------------------------------------------------------

--
-- Table structure for table `doctor_history_settings`
--

CREATE TABLE IF NOT EXISTS `doctor_history_settings` (
  `id` int(11) NOT NULL AUTO_INCREMENT,
  `doctorID` int(11) NOT NULL,
  `historyID` int(11) NOT NULL,
  `displayOrder` int(11) NOT NULL,
  PRIMARY KEY (`id`)
) ENGINE=InnoDB  DEFAULT CHARSET=latin1 AUTO_INCREMENT=18 ;

--
-- Dumping data for table `doctor_history_settings`
--

INSERT INTO `doctor_history_settings` (`id`, `doctorID`, `historyID`, `displayOrder`) VALUES
(1, 1, 1, 1),
(2, 1, 2, 2),
(3, 1, 3, 3),
(4, 1, 4, 4),
(8, 1, 11, 1),
(9, 1, 0, 2),
(10, 1, 0, 2),
(11, 1, 16, 2),
(12, 1, 12, 3),
(13, 1, 5, 5),
(14, 1, 0, 0),
(15, 1, 0, 0),
(16, 1, 18, 6),
(17, 1, 19, 1);

-- --------------------------------------------------------

--
-- Table structure for table `doctor_inv_setteing`
--

CREATE TABLE IF NOT EXISTS `doctor_inv_setteing` (
  `id` int(11) NOT NULL AUTO_INCREMENT,
  `doctorID` int(11) NOT NULL,
  `invID` int(11) NOT NULL,
  `displayOrder` int(11) NOT NULL,
  PRIMARY KEY (`id`)
) ENGINE=InnoDB  DEFAULT CHARSET=latin1 AUTO_INCREMENT=123 ;

--
-- Dumping data for table `doctor_inv_setteing`
--

INSERT INTO `doctor_inv_setteing` (`id`, `doctorID`, `invID`, `displayOrder`) VALUES
(1, 1, 0, 1),
(6, 1, 713, 0),
(7, 1, 34, 0),
(8, 1, 131, 0),
(9, 1, 193, 0),
(10, 1, 138, 0),
(11, 2, 695, 1),
(12, 2, 604, 0),
(13, 2, 788, 0),
(14, 2, 278, 0),
(15, 2, 764, 0),
(16, 3, 749, 1),
(17, 3, 789, 0),
(18, 3, 790, 0),
(19, 3, 791, 0),
(20, 3, 792, 0),
(21, 3, 793, 0),
(22, 3, 794, 0),
(23, 3, 795, 0),
(24, 3, 796, 0),
(25, 3, 797, 0),
(26, 3, 798, 0),
(27, 3, 799, 0),
(28, 3, 800, 0),
(29, 3, 801, 0),
(30, 3, 802, 0),
(31, 3, 803, 0),
(32, 3, 804, 0),
(33, 3, 805, 0),
(34, 3, 806, 0),
(35, 3, 807, 0),
(37, 3, 808, 0),
(38, 3, 695, 0),
(39, 3, 323, 0),
(40, 3, 809, 0),
(41, 3, 127, 0),
(42, 3, 810, 0),
(43, 3, 30, 0),
(44, 3, 811, 0),
(45, 3, 812, 0),
(46, 3, 813, 0),
(47, 3, 814, 0),
(48, 3, 815, 0),
(49, 3, 816, 0),
(50, 3, 817, 0),
(51, 3, 818, 0),
(52, 3, 819, 0),
(53, 3, 820, 0),
(54, 3, 821, 0),
(55, 3, 822, 0),
(56, 3, 731, 0),
(57, 3, 823, 0),
(58, 3, 726, 0),
(59, 3, 824, 0),
(60, 3, 825, 0),
(61, 3, 826, 0),
(62, 3, 827, 0),
(63, 3, 828, 0),
(64, 3, 829, 0),
(65, 3, 830, 0),
(66, 3, 831, 0),
(67, 3, 832, 0),
(68, 3, 833, 0),
(69, 3, 834, 0),
(70, 3, 835, 0),
(71, 3, 836, 0),
(72, 3, 837, 0),
(73, 3, 838, 0),
(74, 3, 839, 0),
(75, 3, 840, 0),
(76, 3, 841, 0),
(77, 3, 19, 0),
(78, 3, 704, 0),
(79, 3, 842, 0),
(80, 3, 843, 0),
(81, 3, 702, 0),
(82, 3, 844, 0),
(83, 3, 706, 0),
(84, 3, 845, 0),
(85, 3, 846, 0),
(86, 3, 847, 0),
(87, 3, 848, 0),
(88, 3, 849, 0),
(89, 3, 850, 0),
(90, 3, 851, 0),
(91, 3, 852, 0),
(92, 3, 853, 0),
(93, 3, 854, 0),
(94, 3, 32, 0),
(95, 3, 711, 0),
(96, 3, 855, 0),
(97, 3, 856, 0),
(98, 3, 857, 0),
(99, 3, 858, 0),
(100, 3, 859, 0),
(101, 3, 860, 0),
(102, 3, 861, 0),
(103, 3, 308, 0),
(104, 3, 862, 0),
(106, 3, 863, 0),
(107, 3, 864, 0),
(108, 3, 865, 0),
(109, 3, 866, 0),
(110, 3, 867, 0),
(111, 3, 868, 0),
(112, 3, 869, 0),
(113, 3, 870, 0),
(114, 3, 871, 0),
(115, 3, 278, 0),
(116, 3, 788, 0),
(117, 3, 872, 0),
(118, 3, 873, 0),
(119, 3, 874, 0),
(120, 3, 875, 0),
(121, 3, 876, 0),
(122, 3, 877, 0);

-- --------------------------------------------------------

--
-- Table structure for table `doctor_vital_settings`
--

CREATE TABLE IF NOT EXISTS `doctor_vital_settings` (
  `id` int(11) NOT NULL AUTO_INCREMENT,
  `doctorID` int(11) NOT NULL,
  `vitalID` int(11) NOT NULL,
  `displayOrder` int(11) NOT NULL,
  PRIMARY KEY (`id`)
) ENGINE=InnoDB  DEFAULT CHARSET=latin1 AUTO_INCREMENT=55 ;

--
-- Dumping data for table `doctor_vital_settings`
--

INSERT INTO `doctor_vital_settings` (`id`, `doctorID`, `vitalID`, `displayOrder`) VALUES
(1, 1, 1, 1),
(5, 1, 7, 5),
(6, 1, 4, 6),
(7, 1, 20, 7),
(8, 1, 82, 8),
(9, 1, 81, 9),
(10, 1, 106, 10),
(11, 2, 107, 1),
(12, 2, 6, 2),
(13, 2, 7, 3),
(14, 2, 8, 4),
(15, 2, 10, 5),
(16, 2, 11, 6),
(17, 2, 108, 7),
(18, 2, 109, 8),
(19, 2, 32, 9),
(20, 2, 35, 10),
(21, 2, 39, 11),
(22, 2, 110, 12),
(23, 2, 111, 13),
(24, 2, 77, 14),
(25, 2, 81, 15),
(26, 2, 112, 16),
(27, 2, 12, 17),
(28, 3, 107, 1),
(29, 3, 1, 2),
(30, 3, 49, 3),
(31, 3, 51, 4),
(32, 3, 0, 5),
(33, 3, 54, 5),
(34, 3, 50, 6),
(35, 3, 0, 7),
(36, 3, 52, 7),
(37, 3, 113, 8),
(38, 3, 114, 9),
(39, 3, 115, 10),
(40, 3, 84, 11),
(41, 3, 116, 12),
(42, 3, 117, 13),
(43, 3, 118, 14),
(44, 3, 119, 15),
(45, 3, 120, 16),
(46, 3, 121, 17),
(47, 3, 122, 18),
(48, 3, 123, 19),
(49, 3, 124, 20),
(50, 3, 125, 21),
(51, 4, 107, 1),
(52, 4, 1, 2),
(53, 4, 84, 3),
(54, 4, 119, 4);

-- --------------------------------------------------------

--
-- Table structure for table `drug`
--

CREATE TABLE IF NOT EXISTS `drug` (
  `drugID` int(33) NOT NULL AUTO_INCREMENT,
  `typeID` int(11) NOT NULL,
  `companyID` int(11) NOT NULL,
  `drugName` varchar(255) NOT NULL,
  `strength` varchar(255) NOT NULL,
  PRIMARY KEY (`drugID`)
) ENGINE=InnoDB  DEFAULT CHARSET=latin1 AUTO_INCREMENT=7366 ;

--
-- Dumping data for table `drug`
--

INSERT INTO `drug` (`drugID`, `typeID`, `companyID`, `drugName`, `strength`) VALUES
(1, 1, 1, 'Tamino Plus  ', ''),
(2, 3, 1, 'Tamino ', '120 mg / 5ml '),
(3, 1, 1, 'Tamino ER ', '665 mg '),
(4, 3, 1, 'Arcet ', '5 mg/5ml '),
(5, 1, 1, 'Arcet ', '10mg '),
(6, 3, 1, 'Vermikil ', '200 mg/5 ml '),
(7, 1, 1, 'Vermikil ', '400 mg '),
(8, 3, 1, 'Broculyt  ', '15 mg/5 ml '),
(9, 9, 1, 'Florazol ', '200 mg/5 ml '),
(10, 1, 1, 'Florazol ', '400 mg '),
(11, 1, 1, 'Avator ', '10 mg '),
(12, 1, 1, 'Avator ', '20 mg '),
(13, 3, 1, 'V4Z ', ''),
(14, 3, 1, 'Polytamin ', '50mg/5ml '),
(15, 1, 1, 'Starcal D ', ''),
(16, 2, 1, 'Fics', '200 mg'),
(17, 2, 1, 'Fics', '400 mg '),
(18, 15, 1, 'Fics  ', '100 mg / 5 ml '),
(19, 1, 1, 'Roxcef', '250 mg '),
(20, 1, 1, 'Roxcef', '500 mg '),
(21, 15, 1, 'Florocin ', '250 mg '),
(22, 1, 1, 'Florocin', '500 mg '),
(23, 2, 1, 'Vurdoan SR', '100 mg '),
(24, 1, 1, 'Glucomin ', '500 mg '),
(25, 1, 1, 'Glucomin ', '850 mg '),
(26, 1, 1, 'Diazid ', '80 mg '),
(27, 1, 1, 'Fexten ', '120 mg '),
(28, 9, 1, 'Fexten ', '30 mg/5ml '),
(29, 1, 1, 'Flexivan', '100 mg '),
(30, 1, 1, 'Reflexen', '25 mg '),
(31, 1, 1, 'Reflexen', '10 mg'),
(32, 2, 1, 'Defungi', '150 mg '),
(33, 2, 1, 'Defungi', '50 mg '),
(34, 2, 1, 'Cefracef', '250 mg '),
(35, 2, 1, 'Cefracef', '500 mg '),
(36, 15, 1, 'Cefracef', '125mg/5ml '),
(37, 3, 1, 'Isosal', '1 mg/5 ml '),
(38, 3, 1, 'Itchlor ', '5 mg/5ml '),
(39, 1, 1, 'Itchlor ', '10 mg '),
(40, 1, 1, 'Thixtra', ''),
(41, 1, 1, 'Dmigrain', '0.5 mg '),
(42, 1, 1, 'Dmigrain', '1.5 mg '),
(43, 1, 1, 'Montiva', '10 mg '),
(44, 1, 1, 'Prokinet ', '10 mg '),
(45, 9, 1, 'Prokinet ', '5mg/5ml '),
(46, 2, 1, 'AMX', '250mg '),
(47, 15, 1, 'AMX', '125mg/5ml '),
(48, 3, 1, 'Mucodil ', '4 mg/5ml '),
(49, 1, 1, 'Gastab', '150 mg '),
(50, 3, 1, 'Gastab ', '75 mg / 5 ml '),
(51, 1, 1, 'V3N ', ''),
(52, 1, 1, 'Esotor', '20 mg '),
(53, 1, 1, 'Esotor', '40 mg '),
(54, 1, 1, 'Visnil ', '50 mg '),
(55, 2, 1, 'Halopen ', '250mg '),
(56, 2, 1, 'Halopen ', '500 mg '),
(57, 15, 1, 'Halopen', '125mg/5ml '),
(58, 2, 1, 'Omecron', '20 mg '),
(59, 2, 1, 'Omecron', '40 mg '),
(60, 1, 1, 'Nipoxen SR', '250 mg '),
(61, 1, 1, 'Nipoxen SR', '500 mg '),
(62, 1, 1, 'Toralin ', '10 mg '),
(63, 1, 1, 'Etrib', '60 mg '),
(64, 1, 1, 'Etrib', '90 mg'),
(65, 1, 1, 'Toplevo ', '500 mg '),
(66, 1, 1, 'Pansos ', '20 mg '),
(67, 1, 1, 'Pansos', '40 mg '),
(68, 3, 1, 'Nipozin', '10 mg / 5 ml '),
(69, 1, 1, 'Azaltic ', '500 mg '),
(70, 15, 1, 'Azaltic', '200 mg/5ml '),
(71, 15, 1, 'Nitide', '100 mg / 5ml '),
(72, 1, 1, 'Nitide', '500 mg '),
(73, 1, 1, 'Cialix', '10mg'),
(74, 1, 1, 'Danafil', '50mg'),
(75, 1, 1, 'Lijenta ', '5mg'),
(76, 1, 1, 'Altrip ', '6.25mg'),
(77, 1, 1, 'Metavas MR', ''),
(78, 1, 1, 'Anxionil', '3mg'),
(79, 1, 1, 'Nipro Gold', ''),
(80, 1, 1, 'Cefoclav', '200mg'),
(81, 1, 10, 'Acllz', ''),
(82, 1, 10, 'Acllz plus', ''),
(83, 1, 10, 'Agoxin', ''),
(84, 1, 10, 'Alexid', ''),
(85, 1, 10, 'Alfa -E', ''),
(86, 1, 10, 'Ametii', ''),
(87, 1, 10, 'A-mycin', '250'),
(88, 1, 10, 'A-mycin', '500'),
(89, 1, 10, 'Ancor', '2.5'),
(90, 1, 10, 'Ancor', '5'),
(91, 1, 10, 'Ancor', '10'),
(92, 1, 10, 'Ancor Plus', '2.5'),
(93, 1, 10, 'Ancor Plus', '5'),
(94, 1, 10, 'Anfree', ''),
(95, 1, 10, 'Aprocin', '500'),
(96, 1, 10, 'Apuldon', ''),
(97, 1, 10, 'Aristo Gold', ''),
(98, 1, 10, 'Aristo Mom', ''),
(99, 1, 10, 'Arotril', '0.5'),
(100, 1, 10, 'Arotril', '1'),
(101, 1, 10, 'Arotril', '2'),
(102, 1, 10, 'Axim', '125'),
(103, 1, 10, 'Axim', '250'),
(104, 1, 10, 'Axim', '500'),
(105, 1, 10, 'Axophen', '120'),
(106, 1, 10, 'Axophen', '180'),
(107, 1, 10, 'Az', '250'),
(108, 1, 10, 'Az', '500'),
(109, 1, 10, 'Beclovan', ''),
(110, 1, 10, 'calbon', ''),
(111, 1, 10, 'Calbon D', ''),
(112, 1, 10, 'Calbon M', ''),
(113, 1, 10, 'Calbon Plus', ''),
(114, 1, 10, 'Contine', ''),
(115, 1, 10, 'Contine', '200'),
(116, 1, 10, 'Contine', '300'),
(117, 1, 10, 'Cortisol', '5'),
(118, 1, 10, 'Cortisol', '10'),
(119, 1, 10, 'Cortisol', '20'),
(120, 1, 10, 'Enep', '20'),
(121, 1, 10, 'Erdon Super', '50'),
(122, 1, 10, 'Febux', '40'),
(123, 1, 10, 'Febux', '80'),
(124, 1, 10, 'Galvan', ''),
(125, 1, 10, 'Galvan Plus', '500'),
(126, 1, 10, 'Galvan Plus', '850'),
(127, 1, 10, 'Giran', '8'),
(128, 1, 10, 'Giran - H', ''),
(129, 1, 10, 'Glucomet', '500'),
(130, 1, 10, 'Glucomet', '850'),
(131, 1, 10, 'Glucomet  XR', '500'),
(132, 1, 10, 'Glucomet  XR', '850'),
(133, 1, 10, 'Gluconor', '1'),
(134, 1, 10, 'Gluconor', '2'),
(135, 1, 10, 'Glucozid', ''),
(136, 1, 10, 'Glucozid', ''),
(137, 1, 10, 'Glucozon', '15'),
(138, 1, 10, 'Glucozon', '30'),
(139, 1, 10, 'Hepaximin', '200'),
(140, 1, 10, 'Hepaximin', '550'),
(141, 1, 10, 'Ipec - Plus', ''),
(142, 1, 10, 'ISM', '20'),
(143, 1, 10, 'Lacicard', '2'),
(144, 1, 10, 'Lacicard', '4'),
(145, 1, 10, 'Lodicard', ''),
(146, 1, 10, 'Lodipin', '5'),
(147, 1, 10, 'Lomoplox', ''),
(148, 1, 10, 'Lumeram', '150'),
(149, 1, 10, 'Mecol', ''),
(150, 1, 10, 'Mervan', ''),
(151, 1, 10, 'Metacard MR', ''),
(152, 1, 10, 'Montril - Oroflash', '4'),
(153, 1, 10, 'Montril - Chewable', '5'),
(154, 1, 10, 'Montril', '10'),
(155, 1, 10, 'Musklex', ''),
(156, 1, 10, 'Napro', '250'),
(157, 1, 10, 'Napro', '500'),
(158, 1, 10, 'Nitoxin', ''),
(159, 1, 10, 'Nitrocard', ''),
(160, 1, 10, 'Norzin', ''),
(161, 1, 10, 'Notens', ''),
(162, 1, 10, 'Oniflox', ''),
(163, 1, 10, 'Oradol', ''),
(164, 1, 10, 'Osartan', '25'),
(165, 1, 10, 'Osartan', '50'),
(166, 1, 10, 'Osartan - HZ', ''),
(167, 1, 10, 'Oval', '500'),
(168, 1, 10, 'Pawar', '5'),
(169, 1, 10, 'Pawar', '10'),
(170, 1, 10, 'Pawar', '20'),
(171, 1, 10, 'Pllogen', ''),
(172, 1, 10, 'Pinor', ''),
(173, 1, 10, 'Piramax', ''),
(174, 1, 10, 'Pitavas', ''),
(175, 1, 10, 'Proton P', '20'),
(176, 1, 10, 'Proton P', '40'),
(177, 1, 10, 'Rabe', '20'),
(178, 1, 10, 'Rejoln', ''),
(179, 1, 10, 'Reumazin', ''),
(180, 1, 10, 'Rhinil', ''),
(181, 1, 10, 'Ruvastin', '5'),
(182, 1, 10, 'Ruvastin', '10'),
(183, 1, 10, 'Rupa', ''),
(184, 1, 10, 'Solifen', ''),
(185, 1, 10, 'Stafen', ''),
(186, 1, 10, 'TLC-R', '10'),
(187, 1, 10, 'Tenocard', ''),
(188, 1, 10, 'Terbifin', ''),
(189, 1, 10, 'Univit Plus', ''),
(190, 1, 10, 'Univit-B', ''),
(191, 1, 10, 'Veralgin', ''),
(192, 1, 10, 'V-gra', '25'),
(193, 1, 10, 'V-gra', '50'),
(194, 1, 10, 'V-gra', '100'),
(195, 1, 10, 'Vinton', ''),
(196, 1, 10, 'Vitace', ''),
(197, 1, 10, 'Vitace M', ''),
(198, 1, 10, 'Xelix SR', ''),
(199, 1, 10, 'Xibra', '60'),
(200, 1, 10, 'Xibra', '90'),
(201, 1, 10, 'Xibra', '120'),
(202, 1, 10, 'Xicotll', ''),
(203, 1, 10, 'Xolum-XR', '0.5'),
(204, 1, 10, 'Xolum-XR', '1'),
(205, 1, 10, 'XPA', ''),
(206, 1, 10, 'XPA-C', ''),
(207, 1, 10, 'XPA-XR', ''),
(208, 1, 10, 'ZNF', ''),
(209, 2, 10, 'Afix', ''),
(210, 2, 10, 'Afix', '400'),
(211, 2, 10, 'Aristomox', '250'),
(212, 2, 10, 'Aristomox', '500'),
(213, 2, 10, 'AZ', '250'),
(214, 2, 10, 'AZ', '500'),
(215, 2, 10, 'Clinex', '150'),
(216, 2, 10, 'Clinex', ''),
(217, 2, 10, 'Diflu', '50'),
(218, 2, 10, 'Diflu', '150'),
(219, 2, 10, 'Diflu', '200'),
(220, 2, 10, 'Emep', '20'),
(221, 2, 10, 'Emep', '40'),
(222, 2, 10, 'Erdon TR', '100'),
(223, 2, 10, 'Extracef', '250'),
(224, 2, 10, 'Extracef', '500'),
(225, 2, 10, 'Hemostat', ''),
(226, 2, 10, 'Ipec Super', ''),
(227, 2, 10, 'Neurovan', '75'),
(228, 2, 10, 'Neurovan', '150'),
(229, 2, 10, 'Neurovan', '50'),
(230, 2, 10, 'Omep', '10'),
(231, 2, 10, 'Omep', '20'),
(232, 2, 10, 'Omep', '40'),
(233, 2, 10, 'Prostanil MR', ''),
(234, 2, 10, 'Reumacap CR', ''),
(235, 2, 10, 'Stafoxin', '250'),
(236, 2, 10, 'Stafoxin', '500'),
(237, 2, 10, 'Taxetil', ''),
(238, 2, 10, 'Taxetil', '200'),
(239, 2, 10, 'Tigicon', ''),
(240, 5, 10, 'Apuldon', '15'),
(241, 5, 10, 'Apuldon', '30'),
(242, 5, 10, 'Aripract', ''),
(243, 5, 10, 'Erdon', '50'),
(244, 5, 10, 'Gynoxin Vaginal', ''),
(245, 5, 10, 'Reumacid', ''),
(246, 5, 10, 'XPA', '250'),
(247, 5, 10, 'XPA', '125'),
(248, 5, 10, 'XPA', '500'),
(249, 15, 10, 'Afix', ''),
(250, 9, 10, 'Afix-DS', ''),
(251, 15, 10, 'Afix-DS', ''),
(252, 15, 10, 'A-mycin', ''),
(253, 15, 10, 'A-mycin DS', ''),
(254, 7, 10, 'A-mycin', ''),
(255, 15, 10, 'Aproch Taste Masked', ''),
(256, 3, 10, 'Aristomox', ''),
(257, 15, 10, 'Axim', ''),
(258, 15, 10, 'AZ Taste Masked', ''),
(259, 5, 10, 'Diflu', ''),
(260, 3, 10, 'Extracef', ''),
(261, 15, 10, 'Extracef DS', ''),
(262, 7, 10, 'Extracef', ''),
(263, 15, 10, 'Nitoxin', ''),
(264, 3, 10, 'Extafoxin', ''),
(265, 3, 10, 'Taxetil', ''),
(266, 15, 10, 'Taxetil DS', ''),
(267, 7, 10, 'Taxetil', ''),
(268, 7, 10, 'Afrin', ''),
(269, 7, 10, 'Afrin', ''),
(270, 33, 10, 'A-mycin', ''),
(271, 7, 10, 'Apuldon', ''),
(272, 9, 10, 'Apuldon', ''),
(273, 3, 10, 'Aristo Kid', ''),
(274, 19, 10, 'Arodin', ''),
(275, 3, 10, 'Asmolex', ''),
(276, 3, 10, 'Asmolex-L', ''),
(277, 19, 10, 'Avolac', ''),
(278, 9, 10, 'Axofen', ''),
(279, 33, 10, 'Clinex', ''),
(280, 3, 10, 'Contine', ''),
(281, 19, 10, 'Cortisol', ''),
(282, 33, 10, 'Diprosal', ''),
(283, 3, 10, 'Expecto', ''),
(284, 7, 10, 'Flumetanol', ''),
(285, 3, 10, 'Freecof', ''),
(286, 3, 10, 'Ipec', ''),
(287, 7, 10, 'Nexol', ''),
(288, 3, 10, 'Nexol', ''),
(289, 3, 10, 'Nine Seas', ''),
(290, 3, 10, 'Oralzin', ''),
(291, 9, 10, 'XPA', ''),
(292, 7, 10, 'XPA', ''),
(293, 3, 10, 'Uniplex', ''),
(294, 3, 10, 'Vitazin', ''),
(295, 3, 10, 'Vitazin I', ''),
(296, 19, 10, 'Xisol', ''),
(297, 10, 10, 'Arabid', ''),
(298, 10, 10, 'Aroflo', '250'),
(299, 10, 10, 'Aroflo', '125'),
(300, 10, 10, 'Asmalin', ''),
(301, 10, 10, 'Beclacort', '50'),
(302, 10, 10, 'Beclacort', '100'),
(303, 10, 10, 'Budison F', '80'),
(304, 10, 10, 'Budison F', '160'),
(305, 10, 10, 'Ipralin', ''),
(306, 8, 10, 'Aristocort', ''),
(307, 29, 10, 'Aristocort', ''),
(308, 8, 10, 'Aristocort Plus', ''),
(309, 29, 10, 'Arodin', ''),
(310, 8, 10, 'Arotrix', ''),
(311, 16, 10, 'Clinex Plus', ''),
(312, 8, 10, 'Clobesol', ''),
(313, 29, 10, 'Clobesol', ''),
(314, 16, 10, 'Erdon', ''),
(315, 29, 10, 'Fusidat', ''),
(316, 8, 10, 'Fusidat H', ''),
(317, 16, 10, 'Mycon Oral', ''),
(318, 8, 10, 'Silvadazin', ''),
(319, 29, 10, 'Soneta', ''),
(320, 8, 10, 'Soneta', ''),
(321, 8, 10, 'Terbifin', ''),
(322, 7, 10, 'Aropen', '500'),
(323, 7, 10, 'Aropen', '1000'),
(324, 4, 10, 'Axim', '750'),
(325, 4, 10, 'Axon', '250'),
(326, 7, 10, 'Axon', '250'),
(327, 4, 10, 'Axon', '500'),
(328, 7, 10, 'Axon', '500'),
(329, 4, 10, 'Axon', '1000'),
(330, 7, 10, 'Axom', '1000'),
(331, 7, 10, 'Axom', '2000'),
(332, 4, 10, 'Ceftazim', '250'),
(333, 4, 10, 'Ceftazim', '500'),
(334, 4, 10, 'Ceftazim', '1000'),
(335, 7, 10, 'Cortef', ''),
(336, 4, 10, 'Emep', ''),
(337, 4, 10, 'Extracef', '1000'),
(338, 4, 10, 'Extracef', '250'),
(339, 4, 10, 'Extracef', '500'),
(340, 7, 10, 'Forgen', '500'),
(341, 7, 10, 'Forgen', '1000'),
(342, 7, 10, 'Forgen', '2000'),
(343, 7, 10, 'Omep', ''),
(344, 7, 10, 'Proton-P', ''),
(345, 4, 10, 'Erdon Plus', ''),
(346, 4, 10, 'Dormax', ''),
(347, 4, 10, 'Hemostat', ''),
(348, 4, 10, 'Inofar', ''),
(349, 4, 10, 'Intravas', '40'),
(350, 4, 10, 'Intravas', '60'),
(351, 4, 10, 'Intravas', '80'),
(352, 7, 10, 'Mikacin', '500'),
(353, 4, 10, 'Neobion', ''),
(354, 4, 10, 'Oradol', ''),
(355, 4, 10, 'Oradol', '60'),
(356, 4, 10, 'Sonexa', ''),
(357, 4, 10, 'Veralgin', ''),
(358, 6, 10, 'Insulet R', ''),
(359, 6, 10, 'Insulet N', ''),
(360, 6, 10, 'Insulet', '30/70'),
(361, 6, 10, 'Insulet', '50/50'),
(362, 2, 10, 'I-gold', ''),
(363, 1, 10, 'Zincin', ''),
(364, 1, 10, 'Zofen', ''),
(365, 1, 10, 'Zofen-TS', ''),
(366, 5, 10, 'AFM', ''),
(367, 5, 10, 'AFM Plus', ''),
(368, 7, 10, 'AFM-T', ''),
(369, 7, 10, 'Aprucin', ''),
(370, 7, 10, 'Aprodex', ''),
(371, 7, 10, 'Aristobet-N', ''),
(372, 7, 10, 'Aristocrome', ''),
(373, 7, 10, 'Aristomol', ''),
(374, 7, 10, 'Aristophen', ''),
(375, 7, 10, 'Avatan', ''),
(376, 19, 10, 'Avatan-T', ''),
(377, 19, 10, 'AZ', ''),
(378, 19, 10, 'Bopotas Sterile', ''),
(379, 5, 10, 'Besiflox', ''),
(380, 5, 10, 'Brinzopt', ''),
(381, 7, 10, 'Combipres', ''),
(382, 5, 10, 'Cortizol', ''),
(383, 19, 10, 'Cyporin', ''),
(384, 7, 10, 'Diflu Sterile', ''),
(385, 19, 10, 'Epinast', ''),
(386, 7, 10, 'Erdon', ''),
(387, 7, 10, 'Fludin', ''),
(388, 7, 10, 'Gatison', ''),
(389, 7, 10, 'Hyloron Sterile', '0.001'),
(390, 7, 10, 'Hyloron Sterile', '0.002'),
(391, 16, 10, 'Hypomer', ''),
(392, 7, 10, 'NCL Sterile', ''),
(393, 7, 10, 'Tag Sterile', ''),
(394, 7, 10, 'Lomeflox', ''),
(395, 5, 10, 'Lotapred', ''),
(396, 5, 10, 'Lotapred Plus', ''),
(397, 5, 10, 'N-Mycin', ''),
(398, 19, 10, 'Neopred Sterile', ''),
(399, 5, 10, 'Nivan', ''),
(400, 7, 10, 'Nazin', ''),
(401, 7, 10, 'Ocu16', ''),
(402, 7, 10, 'Olpadin', ''),
(403, 7, 10, 'Olpadin DS', ''),
(404, 7, 10, 'Optimox', ''),
(405, 7, 10, 'Oradol', ''),
(406, 7, 10, 'Ovel', ''),
(407, 7, 10, 'Ovel-TS', ''),
(408, 7, 10, 'Phacovit', ''),
(409, 7, 10, 'Polydex-N', ''),
(410, 7, 10, 'Procain', ''),
(411, 7, 10, 'Protear', ''),
(412, 7, 10, 'Zonexa', ''),
(413, 7, 10, 'Zonexa-C', ''),
(414, 7, 10, 'Stafen', ''),
(415, 7, 10, 'Systear', ''),
(416, 7, 10, 'T-Mycin', ''),
(417, 5, 10, 'T-Mycin Plus', ''),
(418, 7, 10, 'Trophen', ''),
(419, 7, 10, 'Tropicam 0.5%', ''),
(420, 7, 10, 'Tropicam 1%', ''),
(421, 7, 10, 'Vista', ''),
(422, 7, 10, 'Xirom', ''),
(423, 7, 10, 'Acyvir', ''),
(424, 7, 10, 'AFM Plus', ''),
(425, 7, 10, 'Aprucin', ''),
(426, 7, 10, 'Aristen Sterile', ''),
(427, 7, 10, 'Aristobet-N', ''),
(428, 7, 10, 'Aristophen', ''),
(429, 7, 10, 'Polydex-N', ''),
(430, 7, 10, 'Sonexa', ''),
(431, 7, 10, 'T-Mycin', ''),
(432, 7, 10, 'T-Mycin Plus', ''),
(433, 16, 10, 'Xoviral Sterile', ''),
(434, 16, 10, 'Oroconazol', ''),
(435, 16, 10, 'Lubric Gel', '0.02'),
(436, 1, 8, 'Acical-c Eff.', ''),
(437, 1, 8, 'Acical-D', ''),
(438, 1, 8, 'Acical-M', ''),
(439, 1, 8, 'Acical', '500 ng'),
(440, 2, 8, 'Acicox', '100 mg'),
(441, 1, 8, 'Aciflox', '200 mg'),
(442, 4, 8, 'Aciphin', '250 mg'),
(443, 4, 8, 'Aciphin', '250 mg '),
(444, 4, 8, 'Aciphin', '500 mg'),
(445, 4, 8, 'Aciphin', '500  mg'),
(446, 1, 8, 'Acitrin-L', '10 mg'),
(447, 3, 8, 'Acitrin', ''),
(448, 7, 8, 'Acitrin', ''),
(449, 19, 8, 'Acitrin -L', ''),
(450, 1, 8, 'Acuten', ''),
(451, 4, 8, 'Acuten', ''),
(452, 1, 8, 'Adegra', '25 mg'),
(453, 1, 8, 'Adegra', '50 mg'),
(454, 1, 8, 'Adegra', '100 mg'),
(455, 16, 8, 'Adgar', ''),
(456, 1, 8, 'Alaron', '10 mg'),
(457, 8, 8, 'Alaron', ''),
(458, 1, 8, 'Amotrex', '200 mg'),
(459, 1, 8, 'Amotrex', '400 mg'),
(460, 8, 8, 'Amotrex', ''),
(461, 22, 8, 'Amlex', ''),
(462, 1, 8, 'Anaflex', '250 mg'),
(463, 1, 8, 'Anaflex', '500 mg'),
(464, 1, 8, 'Anaflex SR', '500mg'),
(465, 16, 8, 'Anaflex', ''),
(466, 1, 8, 'Anaxyl', '500 mg'),
(467, 2, 8, 'Anaxyl', '500 mg'),
(468, 4, 8, 'Anaxyl', '500 mg'),
(469, 4, 8, 'Aronem', '500 mg'),
(470, 4, 8, 'Aronem', '1 g'),
(471, 1, 8, 'Avlocid Plus', ''),
(472, 8, 8, 'Avlocid Plus', ''),
(473, 3, 8, 'Avloquin', ''),
(474, 1, 8, 'Avloquin', ''),
(475, 2, 8, 'Avlosef', '250 mg'),
(476, 2, 8, 'Avlosef', '500 mg'),
(477, 8, 8, 'Avlosef DS', ''),
(478, 8, 8, 'Avlosef', ''),
(479, 4, 8, 'Avlosef ', '1 g'),
(480, 4, 8, 'Avlosef ', '500 mg'),
(481, 7, 8, 'Avlosef', ''),
(482, 1, 8, 'Avlotrin DS', '960 mg'),
(483, 8, 8, 'Avlotrin', ''),
(484, 1, 8, 'Brodil', '2 mg'),
(485, 1, 8, 'Brodil', '4 mg'),
(486, 3, 8, 'Brodil', ''),
(487, 2, 8, 'Brodil SR', ''),
(488, 19, 8, 'Brodil Resp', ''),
(489, 14, 8, 'Budenide', ''),
(490, 2, 8, 'Cacetor', '10/2.5'),
(491, 2, 8, 'Cacetor', '10/5 c.'),
(492, 2, 8, 'Cacetor', '20/5'),
(493, 1, 8, 'Canazole', '150 mg'),
(494, 1, 8, 'Canazole', '50 mg'),
(495, 1, 8, 'Canazole', '200 mg'),
(496, 8, 8, 'Canazole', ''),
(497, 1, 8, 'Canider', '10 mg'),
(498, 1, 8, 'Cartine', '330 mg'),
(499, 19, 8, 'Cartine', ''),
(500, 2, 8, 'Cedril ', '500 mg'),
(501, 8, 8, 'Cedril ', ''),
(502, 2, 8, 'Cefim-3', '200 mg'),
(503, 2, 8, 'Cefim -3 DS', '400 mg'),
(504, 8, 8, 'Cefim-3', ''),
(505, 1, 8, 'Celofen', '100 mg'),
(506, 1, 8, 'Coavlon', ''),
(507, 8, 8, 'Clovate', ''),
(508, 8, 8, 'Clovate-N', ''),
(509, 29, 8, 'Clovate', ''),
(510, 29, 8, 'Clovate N', ''),
(511, 1, 8, 'Coderin', '5 mg'),
(512, 1, 8, 'Coderin', '10 mg'),
(513, 1, 8, 'Colik', '10 mg'),
(514, 1, 8, 'Colik', '20 mg'),
(515, 4, 8, 'Colik', '1 ml'),
(516, 19, 8, 'Combair Resp.', ''),
(517, 8, 8, 'Cortefin', ''),
(518, 29, 8, 'Cortefin', ''),
(519, 14, 8, 'Cortefin', ''),
(520, 1, 8, 'Deslorin', '5 mg'),
(521, 1, 8, 'Deslorin Plus', '2.5'),
(522, 3, 8, 'Deslorin', ''),
(523, 1, 8, 'Diar', '500 mg'),
(524, 8, 8, 'Diar', ''),
(525, 1, 8, 'Dispazinc', '200 mg'),
(526, 3, 8, 'Dixxar', ''),
(527, 4, 8, 'Dormilat', '15 mg'),
(528, 4, 8, 'Dormilat', '5 mg'),
(529, 4, 8, 'Dorinem', '500'),
(530, 8, 8, 'Ecoren', '0.01'),
(531, 8, 8, 'Ecoren T', ''),
(532, 8, 8, 'Erythin Dry', ''),
(533, 1, 8, 'Esomep', '20 mg'),
(534, 1, 8, 'Esomep', '40 mg'),
(535, 1, 8, 'Febus', '40 mg'),
(536, 1, 8, 'Febus', '80 mg'),
(537, 2, 8, 'Femizin TR', ''),
(538, 3, 8, 'Feridex', ''),
(539, 2, 8, 'Feridex TR', ''),
(540, 14, 8, 'Fluvent', ''),
(541, 1, 8, 'Foviral', '300 mg'),
(542, 19, 8, 'Hexiscrub', ''),
(543, 37, 8, 'Hexisol', ''),
(544, 37, 8, 'Hexisol', ''),
(545, 8, 8, 'Hexitane', ''),
(546, 4, 8, 'Hison', ''),
(547, 2, 8, 'Impedox', ''),
(548, 2, 8, 'Indever SR', '80 mg'),
(549, 2, 8, 'Indever SR', '40 mg'),
(550, 1, 8, 'Indever', '40 mg'),
(551, 1, 8, 'Inosit', '500 mg'),
(552, 1, 8, 'Inosit', '750 mg'),
(553, 1, 8, 'Leflox', '500 mg'),
(554, 1, 8, 'Leflox', '750 mg'),
(555, 3, 8, 'Livita', ''),
(556, 1, 8, 'meflon', '250 mg'),
(557, 8, 8, 'Miconex', ''),
(558, 16, 8, 'Micoral', ''),
(559, 8, 8, 'Micosone', ''),
(560, 29, 8, 'Micosone', ''),
(561, 1, 8, 'Minolac', '10 mg'),
(562, 4, 8, 'Minolac', '60 mg'),
(563, 4, 8, 'Minolac', '30 mg'),
(564, 4, 8, 'Minolac', '10 mg'),
(565, 8, 8, 'Fulcinex', ''),
(566, 1, 8, 'Motoral', '20 mg'),
(567, 1, 8, 'Motoral', '100 mg'),
(568, 2, 8, 'Mylovit', ''),
(569, 2, 8, 'Mylovit-z', ''),
(570, 1, 8, 'Novatac', '20 mg'),
(571, 1, 8, 'Novatac', '40 mg'),
(572, 3, 8, 'Nutrivit-B', ''),
(573, 1, 8, 'Nutrivit-B', ''),
(574, 1, 8, 'Nutrivit-C', ''),
(575, 3, 8, 'Nutrivit-C', ''),
(576, 7, 8, 'Nutrivit-C Paed', ''),
(577, 1, 8, 'Nutrivit-E', ''),
(578, 7, 8, 'Nutrivit-MV', ''),
(579, 16, 8, 'Oralon', ''),
(580, 19, 8, 'Oralon', ''),
(581, 1, 8, 'Oral-Z', '20 mg'),
(582, 3, 8, 'Oral-Z', ''),
(583, 3, 8, 'Oral ZB', ''),
(584, 2, 8, 'Polyron Plus', ''),
(585, 3, 8, 'Polyron', ''),
(586, 3, 8, 'Prosma', ''),
(587, 1, 8, 'Prosma', ''),
(588, 1, 8, 'Pyrimac', ''),
(589, 1, 8, 'Remaquin', ''),
(590, 11, 8, 'Repotyn IV', ''),
(591, 14, 8, 'Rinase', ''),
(592, 19, 8, 'Rinase', ''),
(593, 1, 8, 'Ritch', '60 mg'),
(594, 1, 8, 'Ritch', '120 mg'),
(595, 1, 8, 'Ritch', '180 mg'),
(596, 8, 8, 'Ritch', ''),
(597, 1, 8, 'Ritopar', '10'),
(598, 4, 8, 'Ritopar', ''),
(599, 7, 8, 'Simet', ''),
(600, 1, 8, 'Sezol -DS', ''),
(601, 29, 8, 'Systop', ''),
(602, 1, 8, 'Tasti', ''),
(603, 2, 8, 'Teolex Cr', '300'),
(604, 2, 8, 'Teolex Cr', '400'),
(605, 19, 8, 'Tetrasol', '0.25'),
(606, 1, 8, 'Tevital', '0.5 mg'),
(607, 1, 8, 'Tevital', '1 mg'),
(608, 1, 8, 'Tizadin ', '2 mg'),
(609, 3, 8, 'Tyrex', ''),
(610, 1, 8, 'Xcel', '500 mg'),
(611, 7, 8, 'Xcel Paediatric', ''),
(612, 1, 8, 'Xcel Plus', ''),
(613, 3, 8, 'Xcel', ''),
(614, 8, 8, 'Xcel', ''),
(615, 1, 8, 'Xcel DT', ''),
(616, 2, 8, 'Xeldrin', '10 mg'),
(617, 2, 8, 'Xeldrin', '20 mg'),
(618, 2, 8, 'Xeldrin', '40 mg'),
(619, 4, 8, 'Xeldrin', '40 mg'),
(620, 8, 8, 'Zocort', '0.01'),
(621, 7, 8, 'Atier', ''),
(622, 7, 8, 'Contova', ''),
(623, 7, 8, 'Denicol', ''),
(624, 7, 8, 'Icol', ''),
(625, 7, 8, 'Icrom', ''),
(626, 7, 8, 'Igen', ''),
(627, 7, 8, 'Maxiflox', ''),
(628, 7, 8, 'Omeflox', ''),
(629, 7, 8, 'Rotarac', ''),
(630, 2, 8, 'Abaclor', '250'),
(631, 2, 8, 'Abaclor', '500'),
(632, 8, 8, 'Abaclor', ''),
(633, 7, 8, 'Abaclor', ''),
(634, 1, 8, 'Alaclov', '500 mg'),
(635, 1, 8, 'Artica', '10'),
(636, 1, 8, 'Artica', '25'),
(637, 3, 8, 'Artica', ''),
(638, 2, 8, 'Avlomox', '250 mg'),
(639, 2, 8, 'Avlomox', '500 mg'),
(640, 8, 8, 'Avlomox Ds', ''),
(641, 8, 8, 'Avlomox', ''),
(642, 4, 8, 'Avlomox Vail', ''),
(643, 7, 8, 'Avlomox Paed', ''),
(644, 1, 8, 'Cartilex', ''),
(645, 2, 8, 'Cefdox', '100 mg'),
(646, 8, 8, 'Cefdox DS', ''),
(647, 8, 8, 'Cefdox', ''),
(648, 7, 8, 'Cefdox', ''),
(649, 4, 8, 'Cefot', '250 mg'),
(650, 4, 8, 'Cefot', '500 mg'),
(651, 4, 8, 'Cefot', '1 g'),
(652, 4, 8, 'Cefot', '2 g'),
(653, 1, 8, 'Cerox-A', '250 mg'),
(654, 1, 8, 'Cerox-A', '500 mg'),
(655, 8, 8, 'Cerox-A', ''),
(656, 4, 8, 'Cerox-A', '1.5 g'),
(657, 4, 8, 'Cerox-A', '250 mg'),
(658, 4, 8, 'Cerox-A', '750 mg'),
(659, 1, 8, 'Ciaton', '5'),
(660, 1, 8, 'Ciaton', '10'),
(661, 1, 8, 'Ciaton', '20'),
(662, 1, 8, 'Coxia ', '60 mg'),
(663, 1, 8, 'Coxia ', '120 mg'),
(664, 2, 8, 'Daclin', '150'),
(665, 2, 8, 'Daclin', '300'),
(666, 33, 8, 'Daclin', ''),
(667, 1, 8, 'Demarin F/C', '60 mg'),
(668, 8, 8, 'Dermasim', '0.01'),
(669, 19, 8, 'Dermasim', '0.01'),
(670, 16, 8, 'Desotop', '0.0005'),
(671, 1, 8, 'Diverin', '10 mg'),
(672, 1, 8, 'Diverin', '20 mg'),
(673, 3, 8, 'Diverin', ''),
(674, 1, 8, 'Doxamil', '25 mg'),
(675, 3, 8, 'Etrax', ''),
(676, 1, 8, 'Etrax', ''),
(677, 1, 8, 'Flamex', '200 mg'),
(678, 1, 8, 'Flamex', '400 mg'),
(679, 2, 8, 'Flamex', '300 mg'),
(680, 8, 8, 'Flamex', ''),
(681, 1, 8, 'Flamex DX', '200 mg'),
(682, 1, 8, 'Flamex DX', '300 mg'),
(683, 1, 8, 'Flamex DX', '400 mg'),
(684, 1, 8, 'Floxabid', '250 mg'),
(685, 1, 8, 'Floxabid', '500 mg'),
(686, 1, 8, 'Floxabid', '750 mg'),
(687, 8, 8, 'Floxabid DS', ''),
(688, 1, 8, 'Floxabid SR', ''),
(689, 2, 8, 'Fluclox', '250 mg'),
(690, 4, 8, 'Fluclox', '250 mg'),
(691, 2, 8, 'Fluclox', '500 mg'),
(692, 4, 8, 'Fluclox', '500 mg'),
(693, 8, 8, 'Fluclox', ''),
(694, 8, 8, 'Fluclox DS', ''),
(695, 1, 8, 'Fulcinex', ''),
(696, 2, 8, 'Gabarol', '25 mg'),
(697, 2, 8, 'Gabarol', '50 mg'),
(698, 2, 8, 'Gabarol', '75 mg'),
(699, 2, 8, 'Gabarol', '100 mg'),
(700, 2, 8, 'Gabarol', '150 mg'),
(701, 1, 8, 'Gatilon', '400 mg'),
(702, 29, 8, 'Halocort', ''),
(703, 8, 8, 'Halocort', ''),
(704, 3, 8, 'Hepta seas', ''),
(705, 4, 8, 'Iminem', '500 mg'),
(706, 1, 8, 'Isar', '150 mg'),
(707, 4, 8, 'Kacin', '100 mg'),
(708, 4, 8, 'Kacin', '500 mg'),
(709, 1, 8, 'Ketron D', '25 mg'),
(710, 1, 8, 'Ketron ', '50 mg'),
(711, 2, 8, 'Ketron SR', '100 mg'),
(712, 2, 8, 'Ketron SR', '200 mg'),
(713, 1, 8, 'Kofnix SR', ''),
(714, 1, 8, 'liorel', '5 mg'),
(715, 1, 8, 'liorel', '10 mg'),
(716, 1, 8, 'Mastel', '10 mg'),
(717, 8, 8, 'Meloderm', ''),
(718, 29, 8, 'Meloderm', ''),
(719, 1, 8, 'Menogia', ''),
(720, 4, 8, 'Minocap', '5 ml'),
(721, 4, 8, 'Minocap', '10 ml'),
(722, 1, 8, 'Mobifen', '50 mg'),
(723, 2, 8, 'Mobifen SR', '100 mg'),
(724, 2, 8, 'Mobifen SR', '75 mg'),
(725, 4, 8, 'Mobifen-Plus', '2 ml'),
(726, 7, 8, 'Myrox Paed', ''),
(727, 2, 8, 'Myrox SR', ''),
(728, 3, 8, 'Myrox', ''),
(729, 15, 8, 'Neocitrin', '5 g'),
(730, 15, 8, 'Neocitrin', '10 g'),
(731, 1, 8, 'Nutrivit C', '1000Eff.'),
(732, 1, 8, 'Odazyth', '500 mg'),
(733, 8, 8, 'Odazyth', ''),
(734, 3, 8, 'Osetron', ''),
(735, 1, 8, 'Osetron ', '8 mg'),
(736, 4, 8, 'Osetron', ''),
(737, 1, 8, 'Oxicam', ''),
(738, 1, 8, 'Pantex', '20 mg'),
(739, 1, 8, 'Pantex', '40 mg'),
(740, 4, 8, 'Pantex', ''),
(741, 1, 8, 'Paricel', '20 mg'),
(742, 8, 8, 'Permisol', '0.05'),
(743, 1, 8, 'Phyton', '0.5 mg'),
(744, 4, 8, 'Phyton', '1 ml'),
(745, 4, 8, 'Pime', '500 mg'),
(746, 4, 8, 'Pime', '1 g'),
(747, 4, 8, 'Pime', '2 g'),
(748, 4, 8, 'Povital', ''),
(749, 1, 8, 'Povital', ''),
(750, 1, 8, 'Prelab', ''),
(751, 1, 8, 'Recol', '10 mg'),
(752, 19, 8, 'Relacs', ''),
(753, 11, 8, 'Repotyn', ''),
(754, 1, 8, 'Revigor', ''),
(755, 1, 8, 'Revital-30', ''),
(756, 1, 8, 'Revital-32', ''),
(757, 1, 8, 'Rolage', '60 mg'),
(758, 1, 8, 'Rosatan-H', '25'),
(759, 1, 8, 'Rosatan', '50'),
(760, 11, 8, 'Salinor ', ''),
(761, 8, 8, 'Sibalyn', '0.01'),
(762, 1, 8, 'Sintel', '400 mg'),
(763, 8, 8, 'Sintel', ''),
(764, 8, 8, 'Skinabin', '0.01'),
(765, 8, 8, 'Skinabin', ''),
(766, 29, 8, 'Skinalar', ''),
(767, 8, 8, 'Skinalar-N', ''),
(768, 2, 8, 'Soritec', '10 mg'),
(769, 2, 8, 'Soritec', '25 mg'),
(770, 29, 8, 'Skinalar-N', ''),
(771, 2, 8, 'Tendia', '50 mg'),
(772, 2, 8, 'Tendia ER', ''),
(773, 1, 8, 'Tenoren', '100 mg'),
(774, 1, 8, 'Tenoren', '25 mg'),
(775, 1, 8, 'Tenoren Plus', ''),
(776, 1, 8, 'Tivion', ''),
(777, 4, 8, 'Tynium', '2 ml'),
(778, 1, 8, 'Tynium', ''),
(779, 3, 8, 'Tynium', ''),
(780, 1, 8, 'Vave', '10 mg'),
(781, 7, 8, 'Vave', ''),
(782, 8, 8, 'Vave', ''),
(783, 8, 8, 'Viscon', '15'),
(784, 8, 8, 'Viscon', '30'),
(785, 1, 8, 'Xantid', '150 mg'),
(786, 4, 8, 'Xantid', '2 ml'),
(787, 1, 8, 'Xantid-hs', ''),
(788, 1, 8, 'Xcel Max', ''),
(789, 4, 8, 'Zitum', '250 mg'),
(790, 4, 8, 'Zitum', '500 mg'),
(791, 4, 8, 'zITUM', '1 g'),
(792, 1, 8, 'Glycolate', ''),
(793, 19, 8, 'Halosin', ''),
(794, 4, 8, 'Pentyl', '10 ml'),
(795, 4, 8, 'Pivacain D', ''),
(796, 4, 8, 'Pivacain-L', '0.0025'),
(797, 4, 8, 'Pivacain-L', '0.005'),
(798, 4, 8, 'Rapilax', ''),
(799, 4, 8, 'Stignal', ''),
(800, 4, 8, 'Thiopen', '1 g'),
(801, 4, 8, 'Thiopen', '500 mg'),
(802, 4, 8, 'Nalbutin 1', ''),
(803, 4, 8, 'Nalbutin 2', ''),
(804, 8, 8, 'Xylone plus', ''),
(805, 7, 8, 'Acicot', ''),
(806, 7, 8, 'Floxabit ', ''),
(807, 7, 8, 'Leflox', ''),
(808, 7, 8, 'Leflox TS', ''),
(809, 7, 8, 'Lotensin', ''),
(810, 7, 8, 'Mobifen', ''),
(811, 7, 8, 'Odazyth', ''),
(812, 7, 8, 'Rovidone', ''),
(813, 2, 8, 'Tioxil', ''),
(814, 1, 8, 'Abetis', '10 mg'),
(815, 1, 8, 'Abetis', '20 mg'),
(816, 1, 8, 'Abetis', '40 mg'),
(817, 1, 8, 'Abetis plus', ''),
(818, 1, 8, 'Abixa', '10 mg'),
(819, 1, 8, 'Adelax', ''),
(820, 1, 8, 'Angilat', '25 mg'),
(821, 1, 8, 'Angilat', '50 mg'),
(822, 4, 8, 'Angilat', '5 mg'),
(823, 1, 8, 'Antial ', '4 mg'),
(824, 1, 8, 'Antial ', '8 mg'),
(825, 1, 8, 'Antial ', '12 mg'),
(826, 1, 8, 'Atasin', '10 mg'),
(827, 1, 8, 'Atasin', '20 mg'),
(828, 1, 8, 'Atasin', '40 mg'),
(829, 1, 8, 'Atasin', '80 mg'),
(830, 1, 8, 'Avintol', '5 mg'),
(831, 1, 8, 'Bipinor', '2.5 mg'),
(832, 1, 8, 'Bipinor', '5 mg'),
(833, 3, 8, 'Brodil Levo', ''),
(834, 1, 8, 'Brodil Levo', '1 mg'),
(835, 1, 8, 'Brodil Levo', '2 mg'),
(836, 10, 8, 'Brodil', ''),
(837, 1, 8, 'Buterol', '10 mg'),
(838, 3, 8, 'Buterol', ''),
(839, 1, 8, 'Cab', '5 mg'),
(840, 4, 8, 'caloren', ''),
(841, 4, 8, 'Cardopa', '5 ml'),
(842, 1, 8, 'Cardual', '10'),
(843, 1, 8, 'Chear', '25 mg'),
(844, 1, 8, 'Chear', '50 mg'),
(845, 1, 8, 'Chear', '100 mg'),
(846, 1, 8, 'Citazar', '250 mg'),
(847, 1, 8, 'Citazar', '500 mg'),
(848, 1, 8, 'Clonium', '0.5 mg'),
(849, 1, 8, 'Clonium', '1 mg'),
(850, 1, 8, 'Clonium', '2 mg'),
(851, 1, 8, 'Clorel', '75 mg'),
(852, 1, 8, 'Clorel-A', ''),
(853, 10, 8, 'Combair', ''),
(854, 1, 8, 'Conart', '1 mg'),
(855, 1, 8, 'Diaset', '25 mg'),
(856, 1, 8, 'Diaset', '50 mg'),
(857, 1, 8, 'Diatag', '15 mg'),
(858, 1, 8, 'Diatag', '30 mg'),
(859, 1, 8, 'Diatag', '45 mg'),
(860, 1, 8, 'Diatag plus', '2'),
(861, 1, 8, 'Diatag plus', '4'),
(862, 1, 8, 'Dillup ', '20/50'),
(863, 1, 8, 'Dillup ', '40/50'),
(864, 4, 8, 'Dobumin', '20 ml'),
(865, 1, 8, 'Fluver', '5 mg'),
(866, 1, 8, 'Fluver', '10 mg'),
(867, 1, 8, 'Glimirid', '1 mg'),
(868, 1, 8, 'Glimirid', '2 mg'),
(869, 1, 8, 'Glimirid', '3 mg'),
(870, 1, 8, 'Glimirid', '4 mg'),
(871, 1, 8, 'Hemagrel', '10 mg'),
(872, 1, 8, 'Hemagrel', '5 mg'),
(873, 1, 8, 'Kaltide', ''),
(874, 1, 8, 'Lamitrin', '25 mg'),
(875, 1, 8, 'Lamitrin', '50 mg'),
(876, 1, 8, 'Litiam ER', ''),
(877, 1, 8, 'Lozide', '80 mg'),
(878, 1, 8, 'Memopil', '800 mg'),
(879, 3, 8, 'Memopil', ''),
(880, 1, 8, 'Metform', '500 mg'),
(881, 1, 8, 'Metform ER', '500 MG'),
(882, 1, 8, 'Metform', '850 mg'),
(883, 1, 8, 'Metform er', '1000 mg'),
(884, 1, 8, 'Moniten', '20 mg'),
(885, 1, 8, 'Pactorin', '2.6 mg'),
(886, 1, 8, 'Parixol', '88'),
(887, 1, 8, 'Parixol', '180'),
(888, 1, 8, 'Parotin', '10 mg'),
(889, 1, 8, 'Politor', '500 F/C'),
(890, 1, 8, 'Politor', '850 F/C'),
(891, 1, 8, 'Parotin', '20 MG'),
(892, 1, 8, 'Remophos', ''),
(893, 1, 8, 'Reversair', '10 mg'),
(894, 1, 8, 'Roglim', '1 mg'),
(895, 1, 8, 'Roglim', '2 mg'),
(896, 1, 8, 'Rosetor', '5'),
(897, 1, 8, 'Ros', '10'),
(898, 1, 8, 'Rotamin', '2 DS'),
(899, 1, 8, 'Rotamin', '4 DS'),
(900, 1, 8, 'Rotamin', '2 F/C'),
(901, 1, 8, 'Rotamin', '4 F/C'),
(902, 2, 8, 'Saolin MR', ''),
(903, 3, 8, 'Serontin', ''),
(904, 10, 8, 'Seroxyn', '25/125'),
(905, 10, 8, 'Seroxyn', '25/250'),
(906, 1, 8, 'Sodival', '200 mg'),
(907, 3, 8, 'Sodival', ''),
(908, 10, 8, 'Steradin', '100'),
(909, 10, 8, 'Steradin', '250'),
(910, 1, 8, 'Stril', '5 mg'),
(911, 1, 8, 'Tenocab', '25'),
(912, 1, 8, 'Tenocab', '50'),
(913, 1, 8, 'Tridopa', '100'),
(914, 1, 8, 'Tridopa', '200'),
(915, 1, 8, 'Tyrodin ', '30 mg'),
(916, 1, 8, 'Xytrex', '5 mg'),
(917, 1, 8, 'Xytrex', '10 mg'),
(918, 1, 8, 'Zepam ', '3 mg'),
(919, 4, 8, 'Diasulin', '40'),
(920, 4, 8, 'Diasulin', '100'),
(921, 4, 8, 'Diasulin', '40'),
(922, 4, 8, 'Diasulin', '100'),
(923, 4, 8, 'Diasulin 30/70', ''),
(924, 4, 8, 'Diasulin 30/70', '100'),
(925, 4, 8, 'Diasulin 50/50', '40'),
(926, 4, 8, 'Diasulin 50/50', '100'),
(927, 4, 8, 'Glarine', '100'),
(928, 3, 5, 'Aerovil', ''),
(929, 1, 5, 'Alphin  DS', ''),
(930, 1, 5, 'Amdocal', '5 mg'),
(931, 1, 5, 'Amdocal', '10 mg'),
(932, 1, 5, 'Antacid MAX', ''),
(933, 29, 5, 'Anustat', ''),
(934, 1, 5, 'Apresin', ''),
(935, 1, 5, 'Aristocal ', ''),
(936, 1, 5, 'Aristocal D', ''),
(937, 1, 5, 'Aristocal M', ''),
(938, 3, 5, 'Aristoferon', ''),
(939, 1, 5, 'Aristofol Fe', ''),
(940, 3, 5, 'Aristoplex', ''),
(941, 1, 5, 'Aristovit-B', ''),
(942, 1, 5, 'Aristovit-M', ''),
(943, 1, 5, 'Aristovit-X', ''),
(944, 4, 5, 'Arixon', '250 mg'),
(945, 4, 5, 'Arixon', '500 mg'),
(946, 4, 5, 'Arixon', '2 G'),
(947, 1, 5, 'Arlin', '400 mg'),
(948, 1, 5, 'Arlin', '600 mg'),
(949, 9, 5, 'Arlin', ''),
(950, 1, 5, 'Asccbex', ''),
(951, 29, 5, 'Atolimus', ''),
(952, 1, 5, 'Atralin', ''),
(953, 7, 5, 'Atrizin Ped.', ''),
(954, 1, 5, 'Atrizin ', ''),
(955, 1, 5, 'Avastin', ''),
(956, 1, 5, 'Avidro', '0.5 mg'),
(957, 1, 5, 'Avidro', '1.5 mg'),
(958, 1, 5, 'Avifanz', ''),
(959, 1, 5, 'Avifix', ''),
(960, 1, 5, 'Avilam', ''),
(961, 1, 5, 'Avitron V', ''),
(962, 1, 5, 'Axodin', '60 mg'),
(963, 1, 5, 'Axodin', '120 mg'),
(964, 1, 5, 'Axodin', '180 mg'),
(965, 9, 5, 'Axodin', ''),
(966, 2, 5, 'Azithrocin', ''),
(967, 1, 5, 'Azithrocin', '500 mg'),
(968, 9, 5, 'Azithrocin', ''),
(969, 1, 5, 'Azmasol', '2 mg'),
(970, 1, 5, 'Azmasol', '4 mg'),
(971, 10, 5, 'Azmasol', ''),
(972, 10, 5, 'Azmasol', ''),
(973, 10, 5, 'Azmasol', '300 mg'),
(974, 19, 5, 'Azmasol', ''),
(975, 1, 5, 'Bexidal', ''),
(976, 1, 5, 'Bextram ', ''),
(977, 1, 5, 'Bextram Gold', ''),
(978, 3, 5, 'Bextram KIDZ', ''),
(979, 1, 5, 'Bextram Silver', ''),
(980, 3, 5, 'Bronkolax', ''),
(981, 8, 5, 'Burnsil', ''),
(982, 16, 5, 'Candoral', ''),
(983, 1, 5, 'Cardopril', '25'),
(984, 1, 5, 'Carni1', ''),
(985, 1, 5, 'Carocet', ''),
(986, 2, 5, 'Carofol-Z', ''),
(987, 9, 5, 'Cefida', ''),
(988, 2, 5, 'Cephalen', ''),
(989, 2, 5, 'Cephalen', '500 mg'),
(990, 9, 5, 'Cephalen', ''),
(991, 1, 5, 'Cer4in', ''),
(992, 2, 5, 'Clobex', ''),
(993, 3, 5, 'Clobex', ''),
(994, 8, 5, 'Cosmotrin', ''),
(995, 2, 5, 'Cox B', '100'),
(996, 2, 5, 'Cox B', '200'),
(997, 1, 5, 'Curin', ''),
(998, 14, 5, 'Decomit', ''),
(999, 1, 5, 'Deflux', ''),
(1000, 7, 5, 'DefluX', ''),
(1001, 9, 5, 'DefluX', ''),
(1002, 1, 5, 'Dexifen', '200'),
(1003, 1, 5, 'Dexifen', '300'),
(1004, 1, 5, 'Dexifen', '400'),
(1005, 9, 5, 'Dexifen', ''),
(1006, 3, 5, 'Dextromethorphan', ''),
(1007, 1, 5, 'Diavix', ''),
(1008, 1, 5, 'Dinovo', '375/20'),
(1009, 1, 5, 'Dinovo', '500/20'),
(1010, 8, 5, 'Ecotrim', ''),
(1011, 2, 5, 'Efol ER', ''),
(1012, 1, 5, 'Emonium', ''),
(1013, 4, 5, 'Emonium', '2 ml'),
(1014, 1, 5, 'Epilep', ''),
(1015, 1, 5, 'Epilep-CR', ''),
(1016, 1, 5, 'Epilep', '300 mg'),
(1017, 1, 5, 'Etrocin', ''),
(1018, 1, 5, 'Etrocin', '500 mg'),
(1019, 9, 5, 'Etrocin', ''),
(1020, 8, 5, 'Eukrim', ''),
(1021, 1, 5, 'Evo', '250 mg'),
(1022, 1, 5, 'Evo', '500 mg'),
(1023, 1, 5, 'Evo', '750 mg'),
(1024, 19, 5, 'Evo', ''),
(1025, 8, 5, 'Exovate', ''),
(1026, 8, 5, 'Exovate N', ''),
(1027, 29, 5, 'Exovate ', ''),
(1028, 2, 5, 'Fenamic', ''),
(1029, 1, 5, 'Fenamic', '500 mg'),
(1030, 9, 5, 'Fenamic', ''),
(1031, 1, 5, 'Fertil', ''),
(1032, 1, 5, 'Filmet', '200 mg'),
(1033, 1, 5, 'Filmet', '400 mg'),
(1034, 1, 5, 'Filmet DS', ''),
(1035, 9, 5, 'Filmet ', ''),
(1036, 9, 5, 'Filmet DS', ''),
(1037, 2, 5, 'Flubex', ''),
(1038, 2, 5, 'Flubex', '500 mg'),
(1039, 3, 5, 'Flubex', ''),
(1040, 3, 5, 'Flubex DS', ''),
(1041, 1, 5, 'Flurium', '5 mg'),
(1042, 1, 5, 'Flurium', '10 mg'),
(1043, 1, 5, 'Formula-E', ''),
(1044, 1, 5, 'Frenxit', ''),
(1045, 9, 5, 'Fungistin', ''),
(1046, 8, 5, 'Furasep', ''),
(1047, 29, 5, 'Fusidic Plus', ''),
(1048, 1, 5, 'Gastalfet', ''),
(1049, 8, 5, 'Gentosep', ''),
(1050, 8, 5, 'Icykool', ''),
(1051, 8, 5, 'Icykool Max', ''),
(1052, 1, 5, 'Inarzin', ''),
(1053, 2, 5, 'Intracef', '250 mg'),
(1054, 2, 5, 'Intracef', '500 mg'),
(1055, 7, 5, 'Intracef', ''),
(1056, 9, 5, 'Intracef', ''),
(1057, 9, 5, 'Intracef DS', ''),
(1058, 1, 5, 'Isofloxin', ''),
(1059, 1, 5, '4era', '6 mg'),
(1060, 1, 5, 'Keolax', ''),
(1061, 1, 5, 'Labeta', '100 mg'),
(1062, 1, 5, 'Labeta', '200 mg'),
(1063, 1, 5, 'Lactameal', ''),
(1064, 9, 5, 'Lactameal', ''),
(1065, 29, 5, 'Limo16', ''),
(1066, 1, 5, 'Lonet', '50 mg'),
(1067, 1, 5, 'Lospan', '10 mg'),
(1068, 1, 5, 'Lospan', '25 mg'),
(1069, 1, 5, 'Loverin', ''),
(1070, 3, 5, 'Loverin', ''),
(1071, 2, 5, 'Lucidol', ''),
(1072, 4, 5, 'Lucidol', ''),
(1073, 5, 5, 'Lucidol', ''),
(1074, 4, 5, 'Maxidim', '250 mg'),
(1075, 4, 5, 'Maxidim', '500 mg'),
(1076, 4, 5, 'Maxidim', '1 g'),
(1077, 2, 5, 'Megadox', ''),
(1078, 1, 5, 'Megatrim DS', ''),
(1079, 9, 5, 'Megatrim ', ''),
(1080, 1, 5, 'Melev', '20 gm'),
(1081, 9, 5, 'Melphin', ''),
(1082, 1, 5, 'Misopa', '100 mg'),
(1083, 1, 5, 'Misopa', '200 mg'),
(1084, 1, 5, 'Misopa', '600 mg'),
(1085, 1, 5, 'Mobicam', ''),
(1086, 2, 5, 'Modipran', ''),
(1087, 1, 5, 'Momento', ''),
(1088, 3, 5, 'Momento', ''),
(1089, 1, 5, 'Momvit', ''),
(1090, 1, 5, 'Momvit Plus', ''),
(1091, 7, 5, 'Mucosol', ''),
(1092, 3, 5, 'Mucosol', ''),
(1093, 19, 5, 'Mucomist', ''),
(1094, 5, 5, 'Napa', '60 mg'),
(1095, 5, 5, 'Napa', '125 mg'),
(1096, 5, 5, 'Napa', '250 mg'),
(1097, 5, 5, 'Napa', '500 mg'),
(1098, 1, 5, 'Napa', ''),
(1099, 1, 5, 'Napa DT', ''),
(1100, 1, 5, 'Napa Extend', ''),
(1101, 7, 5, 'Napa', ''),
(1102, 3, 5, 'Napa', ''),
(1103, 9, 5, 'Napa', ''),
(1104, 1, 5, 'Napadol', ''),
(1105, 1, 5, 'NapaSoft', ''),
(1106, 14, 5, 'Nazolin', ''),
(1107, 9, 5, 'Nebactil', ''),
(1108, 1, 5, 'Neoceptin-R', '150 mg'),
(1109, 1, 5, 'Neoceptin-R', '300 mg'),
(1110, 3, 5, 'Neoceptin-R', ''),
(1111, 4, 5, 'Neoceptin-R', '2 ml'),
(1112, 7, 5, 'Neodrop', ''),
(1113, 1, 5, 'Neofloxin', ''),
(1114, 1, 5, 'Neofloxin', '500 mg'),
(1115, 1, 5, 'Neofloxin', '750 mg'),
(1116, 1, 5, 'Neofloxin-XR', ''),
(1117, 1, 5, 'Neofloxin-XR', '1000 mg'),
(1118, 9, 5, 'Neofloxin', ''),
(1119, 1, 5, 'NeoKit', ''),
(1120, 8, 5, 'Neosten', ''),
(1121, 8, 5, 'Neosten HC', ''),
(1122, 1, 5, 'Neosten VT', ''),
(1123, 1, 5, 'Neurocare', ''),
(1124, 1, 5, 'Nightus', ''),
(1125, 9, 5, 'Nitaxide', ''),
(1126, 1, 5, 'Nitaxide', ''),
(1127, 3, 5, 'Nokof', ''),
(1128, 3, 5, 'Nokof DS', ''),
(1129, 8, 5, 'Noscab', ''),
(1130, 1, 5, 'Nuprafen', ''),
(1131, 1, 5, 'Nuprafen', '500 mg'),
(1132, 2, 5, 'Omastin', ''),
(1133, 2, 5, 'Omastin', '150 mg'),
(1134, 9, 5, 'Omastin', ''),
(1135, 1, 5, 'Onsat', '8 mg'),
(1136, 4, 5, 'Onsat', '4 ml'),
(1137, 1, 5, 'Opton', ''),
(1138, 1, 5, 'Opton', '40 mg'),
(1139, 1, 5, 'Orpan', ''),
(1140, 2, 5, 'Oseflu', ''),
(1141, 1, 5, 'Pantobex', '20 mg'),
(1142, 1, 5, 'Pantobex', '40 mg'),
(1143, 3, 5, 'Pedeamin', ''),
(1144, 1, 5, 'Pericam', '5 gm'),
(1145, 1, 5, 'Pericam', '10 gm'),
(1146, 14, 5, 'Perinase', ''),
(1147, 2, 5, 'Pregvit', ''),
(1148, 1, 5, 'Pretin', ''),
(1149, 1, 5, 'Pretin-D', ''),
(1150, 2, 5, 'Proceptin', '20 mg'),
(1151, 2, 5, 'Proceptin', '40 mg'),
(1152, 3, 5, 'Promezin', ''),
(1153, 1, 5, 'Prosan', '25 mg'),
(1154, 1, 5, 'Prosan', '50 mg'),
(1155, 1, 5, 'Prosan HZ 50mg', ''),
(1156, 1, 5, 'Prosan HZ', '100/125'),
(1157, 1, 5, 'Prosan HZ', '100/25'),
(1158, 1, 5, 'Prosfin', ''),
(1159, 2, 5, 'Protolan', '15 mg'),
(1160, 2, 5, 'Protolan', '30 mg'),
(1161, 3, 5, 'Prudex', ''),
(1162, 29, 5, 'Q-Rash', ''),
(1163, 1, 5, 'Recur', ''),
(1164, 1, 5, 'Relentus', ''),
(1165, 1, 5, 'Repitol', '0.25 mg'),
(1166, 1, 5, 'Repitol', '2 mg'),
(1167, 1, 5, 'Respira', '1 mg'),
(1168, 1, 5, 'Respira', '2 mg'),
(1169, 3, 5, 'Respira', ''),
(1170, 1, 5, 'Reumafen', '200 mg'),
(1171, 1, 5, 'Reumafen', '400 mg'),
(1172, 9, 5, 'Reumafen', ''),
(1173, 1, 5, 'Ribox', '60 mg'),
(1174, 1, 5, 'Ribox', '90 mg'),
(1175, 1, 5, 'Ribox', '120 mg'),
(1176, 1, 5, 'Rostil', ''),
(1177, 1, 5, 'S-Clon', '1 mg'),
(1178, 1, 5, 'S-Clon', '2 mg'),
(1179, 1, 5, 'Sensipin', ''),
(1180, 19, 5, 'Serelose', ''),
(1181, 1, 5, 'Seropam', '5 mg'),
(1182, 1, 5, 'Seropam', '10 mg'),
(1183, 8, 5, 'Soritene', ''),
(1184, 1, 5, 'Spanil', ''),
(1185, 1, 5, 'Sparlin', ''),
(1186, 3, 5, 'Spulyt', ''),
(1187, 1, 5, 'Tamona', '10 mg'),
(1188, 1, 5, 'Tamona', '20 mg'),
(1189, 1, 5, 'Taverin', ''),
(1190, 8, 5, 'Tenafin', ''),
(1191, 1, 5, 'Terbex', ''),
(1192, 8, 5, 'Terbex', ''),
(1193, 4, 5, 'Tetracef', '500 mg'),
(1194, 4, 5, 'Tetracef', '1 g'),
(1195, 4, 5, 'Tetracef', '2 g'),
(1196, 1, 5, 'Tofen', ''),
(1197, 3, 5, 'Tofen', ''),
(1198, 1, 5, 'Tolmic', ''),
(1199, 2, 5, 'Triocim', ''),
(1200, 2, 5, 'Triocim', '400 mg'),
(1201, 9, 5, 'Triocim', ''),
(1202, 9, 5, 'Triocim DS', ''),
(1203, 1, 5, 'Triovix', ''),
(1204, 3, 5, 'Tripec', ''),
(1205, 4, 5, 'Turbocef', '750 mg'),
(1206, 4, 5, 'Turbocef', '1.5 g'),
(1207, 1, 5, 'Turbocef', '250 mg'),
(1208, 1, 5, 'Turbocef', '500 mg'),
(1209, 2, 5, 'Tycil', ''),
(1210, 2, 5, 'Tycil', '500 mg'),
(1211, 7, 5, 'Tycil', ''),
(1212, 9, 5, 'Tycil', ''),
(1213, 9, 5, 'Tycil DS', ''),
(1214, 7, 5, 'Tynisol', ''),
(1215, 4, 5, 'Ultrafen', '3 ml'),
(1216, 4, 5, 'Ultrafen Extra', '2 ml'),
(1217, 5, 5, 'Ultrafen', '12.5 mg'),
(1218, 5, 5, 'Ultrafen', '50 mg'),
(1219, 1, 5, 'Ultrafen', '25 mg'),
(1220, 1, 5, 'Ultrafen', '50 mg'),
(1221, 1, 5, 'Ultrafen Plus', ''),
(1222, 1, 5, 'Ultrafen Plus', '75 mg'),
(1223, 1, 5, 'Ultrafen SR', '100 mg'),
(1224, 16, 5, 'Ultrafen ', ''),
(1225, 1, 5, 'Uricon', ''),
(1226, 2, 5, 'Uroflo', ''),
(1227, 4, 5, 'Veniron', ''),
(1228, 7, 5, 'Vercef', ''),
(1229, 9, 5, 'Vercef', ''),
(1230, 9, 5, 'Vercef DS', ''),
(1231, 3, 5, 'Vitonic', ''),
(1232, 2, 5, 'V4is', ''),
(1233, 1, 5, 'Vomec', ''),
(1234, 1, 5, 'Vomec Plus', ''),
(1235, 1, 5, 'Xegal', ''),
(1236, 1, 5, 'Xetril', '0.5 mg'),
(1237, 1, 5, 'Xetril', '2 mg'),
(1238, 4, 5, 'Xidolac', '10 mg'),
(1239, 4, 5, 'Xidolac', '30 mg'),
(1240, 1, 5, 'Xidolac', ''),
(1241, 2, 5, 'Xynofen', '100 sr'),
(1242, 1, 5, 'Xynor', ''),
(1243, 1, 5, 'Yamadin', '20 mg'),
(1244, 1, 5, 'Yamadin', '40 mg'),
(1245, 3, 5, 'Zedex DS', ''),
(1246, 3, 5, 'Zedex Max', ''),
(1247, 9, 5, 'Zilapro', ''),
(1248, 1, 5, 'Zocil', '50 mg'),
(1249, 1, 5, 'Zocil', '100 mg'),
(1250, 1, 5, 'Zolax', '0.25 mg'),
(1251, 1, 5, 'Zolax', ''),
(1252, 1, 5, 'Zolfin', ''),
(1253, 1, 5, 'Zymet', ''),
(1254, 4, 5, 'Evo', ''),
(1255, 4, 5, 'Filmet', ''),
(1256, 4, 5, 'Nalepsin', ''),
(1257, 4, 5, 'Napa', ''),
(1258, 4, 5, 'Neoceptin-R', ''),
(1259, 4, 5, 'Neofloxin', ''),
(1260, 4, 5, 'Nutrimin', ''),
(1261, 4, 5, 'Nutrimin D', ''),
(1262, 10, 5, 'Aernid', '200 mg'),
(1263, 1, 5, 'Amdocal Plus', '25 mg'),
(1264, 1, 5, 'Amdocal Plus', '50 mg'),
(1265, 1, 5, 'Amdova', ''),
(1266, 1, 5, 'Atova', '10 mg'),
(1267, 1, 5, 'Atova', '20 mg'),
(1268, 1, 5, 'Atova', '40 mg'),
(1269, 2, 5, 'Azmasol 2', ''),
(1270, 1, 5, 'Bexihaler', ''),
(1271, 10, 5, 'Bexitrol', ''),
(1272, 10, 5, 'Bexitrol-F ', '25/50 mg'),
(1273, 10, 5, 'Bexitrol-F ', '25/125 mg'),
(1274, 10, 5, 'Bexitrol-F ', '25/250 mg'),
(1275, 2, 5, 'Bexitrol-F ', '50/100 mg'),
(1276, 2, 5, 'Bexitrol-F ', '50/250 mg'),
(1277, 2, 5, 'Bexitrol-F ', '50/500 mg'),
(1278, 1, 5, 'Bizoran', ''),
(1279, 19, 5, 'Bricasol', ''),
(1280, 10, 5, 'Cesoride', '80 mg'),
(1281, 10, 5, 'Cesoride', '160 mg'),
(1282, 1, 5, 'CoDiaglit', '500 mg'),
(1283, 1, 5, 'CoDiaglit', '850 mg'),
(1284, 10, 5, 'Decomit', '50 mg'),
(1285, 10, 5, 'Decomit', '100 mg'),
(1286, 1, 5, 'Diactin', ''),
(1287, 1, 5, 'Diaglit', '15 mg'),
(1288, 1, 5, 'Diaglit', '30 mg'),
(1289, 1, 5, 'Diapro', ''),
(1290, 1, 5, 'Diaryl', '1 mg'),
(1291, 1, 5, 'Diaryl', '2 mg'),
(1292, 1, 5, 'Diaryl', '3 mg'),
(1293, 1, 5, 'Dilapress', '6.25 mg'),
(1294, 1, 5, 'Dilapress', '12.5 mg'),
(1295, 1, 5, 'Dilapress', '25 mg'),
(1296, 1, 5, 'Enaril', '5 mg'),
(1297, 1, 5, 'Ezeta', ''),
(1298, 1, 5, 'Glipita', '50 mg'),
(1299, 1, 5, 'Glipita', '100 mg'),
(1300, 1, 5, 'Glipita M', '50/500 mg'),
(1301, 1, 5, 'Glipita M', '50/1000'),
(1302, 1, 5, 'Informet', '500 mg'),
(1303, 1, 5, 'Informet', '850 mg'),
(1304, 1, 5, 'Informat LA', ''),
(1305, 10, 5, 'Ipramid', ''),
(1306, 19, 5, 'Ipramid', ''),
(1307, 10, 5, 'Iqrasol', ''),
(1308, 19, 5, 'Iqrasol', ''),
(1309, 1, 5, 'Larnox LA', ''),
(1310, 2, 5, 'Lofat', ''),
(1311, 19, 5, 'Lopidam', '370 mg'),
(1312, 1, 5, 'Metoprol XL', '50 mg'),
(1313, 1, 5, 'Metoprol XL', '100 mg'),
(1314, 1, 5, 'Monocast', '4 mg'),
(1315, 1, 5, 'Monocast', '5 mg'),
(1316, 1, 5, 'Monocast', '10 mg'),
(1317, 14, 5, 'Naspomet', ''),
(1318, 1, 5, 'Neopril', '5 mg'),
(1319, 14, 5, 'Nitrosol', ''),
(1320, 1, 5, 'Ordel', ''),
(1321, 1, 5, 'Ordel Plus', ''),
(1322, 1, 5, 'Olmesan', '20 mg'),
(1323, 14, 5, 'Olopan', ''),
(1324, 1, 5, 'Pacet', '100 mg'),
(1325, 1, 5, 'Pacet', '200 mg'),
(1326, 1, 5, 'Prasuva', '5 mg'),
(1327, 1, 5, 'Prasuva', '10 mg'),
(1328, 1, 5, 'Premil', '0.5 mg'),
(1329, 1, 5, 'Premil', '1 mg'),
(1330, 1, 5, 'Premil', '2 mg'),
(1331, 2, 5, 'Primace', '1.25 mg'),
(1332, 2, 5, 'Primace', '2.5 mg'),
(1333, 2, 5, 'Primace', '5 mg'),
(1334, 1, 5, 'Resitone', ''),
(1335, 1, 5, 'Resitone Plus', ''),
(1336, 1, 5, 'Rosutin', '5 mg'),
(1337, 1, 5, 'Rosutin', '10 mg'),
(1338, 2, 5, 'Symbion', '6/100 mg'),
(1339, 2, 5, 'Symbion', '6/200 mg'),
(1340, 1, 5, 'Thalin', ''),
(1341, 7, 5, 'Alastine', ''),
(1342, 7, 5, 'Chlormet', ''),
(1343, 7, 5, 'Cinarex', ''),
(1344, 7, 5, 'Contra', ''),
(1345, 7, 5, 'Evo', ''),
(1346, 7, 5, 'Evo TS', ''),
(1347, 7, 5, 'Glucovis', ''),
(1348, 7, 5, 'Hypersol', ''),
(1349, 7, 5, 'Hyprosol', ''),
(1350, 7, 5, 'Inflavis', ''),
(1351, 7, 5, 'Intramol', ''),
(1352, 7, 5, 'Mydrate', ''),
(1353, 7, 5, 'Neofloxin', ''),
(1354, 7, 5, 'Ocutrex', ''),
(1355, 7, 5, 'Odycin', ''),
(1356, 7, 5, 'Olopan', ''),
(1357, 7, 5, 'Olopan DS', ''),
(1358, 7, 5, 'Saloride', ''),
(1359, 7, 5, 'Tearex', ''),
(1360, 7, 5, 'Tearon', ''),
(1361, 7, 5, 'Tofen', ''),
(1362, 7, 5, 'Xegal', ''),
(1363, 7, 5, 'Xidolac', ''),
(1364, 7, 5, 'Xalanol', ''),
(1365, 7, 5, 'Xalaptost', ''),
(1366, 1, 17, 'Azimex', '250'),
(1367, 1, 17, 'Azimex', '500'),
(1368, 3, 17, 'Azimex Dry', '15ml'),
(1369, 3, 17, 'Azimex Dry', '30ml'),
(1370, 2, 17, 'Cefalex', ''),
(1371, 3, 17, 'Cefalex Dry', '100ml'),
(1372, 2, 17, 'Cloxpen', ''),
(1373, 1, 17, 'Ciprozid', ''),
(1374, 1, 17, 'Ciprozid-DS', ''),
(1375, 1, 17, 'Ciprozid', '750'),
(1376, 1, 17, 'Ciprozid-XR', '1000'),
(1377, 5, 17, 'Ciprozid', '60ml'),
(1378, 1, 17, 'Ceforan', ''),
(1379, 2, 17, 'Ceforan', '200'),
(1380, 2, 17, 'Ceforan', ''),
(1381, 5, 17, 'Ceforan', '50ml'),
(1382, 5, 17, 'Ceforan', '100ml'),
(1383, 5, 17, 'Ceforan-DS', ''),
(1384, 1, 17, 'Clarin', ''),
(1385, 1, 17, 'Clarin', '500'),
(1386, 2, 17, 'Dicef', '250'),
(1387, 2, 17, 'Dicef', '500'),
(1388, 3, 17, 'Dicef', '100ml'),
(1389, 3, 17, 'Dicef Forte', '100ml'),
(1390, 7, 17, 'Dicef Paediatric', '15ml'),
(1391, 2, 17, 'Dalacin', '300'),
(1392, 2, 17, 'Demoxil', '250'),
(1393, 2, 17, 'Demoxil', '500'),
(1394, 3, 17, 'Demoxil Dry', '100ml'),
(1395, 3, 17, 'Demoxiclave', ''),
(1396, 3, 17, 'Demoxiclave Forte', ''),
(1397, 5, 17, 'Demoxil-DS', ''),
(1398, 1, 17, 'Demoxiclave', '375'),
(1399, 1, 17, 'Demoxiclave', '625'),
(1400, 1, 17, 'Erybac', '250'),
(1401, 1, 17, 'Erybac', '500'),
(1402, 3, 17, 'Ertbac Dry', ''),
(1403, 2, 17, 'Flunac', '150'),
(1404, 2, 17, 'Flunac', '50'),
(1405, 5, 17, 'Flunac', '35ml'),
(1406, 2, 17, 'Flupen', '250'),
(1407, 2, 17, 'Flupen', '500'),
(1408, 3, 17, 'Flupen Dry', ''),
(1409, 1, 17, 'Furex', ''),
(1410, 3, 17, 'Furex Dry', ''),
(1411, 1, 17, 'Furex', '500'),
(1412, 2, 17, 'Gynomix', ''),
(1413, 1, 17, '16cin', ''),
(1414, 1, 17, 'Levoflox', '500'),
(1415, 1, 17, 'Levoflox', '750'),
(1416, 1, 17, 'Novirax', '200'),
(1417, 1, 17, 'Novirax', '400'),
(1418, 1, 17, 'Nitanid', '500mg'),
(1419, 1, 17, 'Oflacin', '200'),
(1420, 1, 17, 'Oflacin', '400'),
(1421, 1, 17, 'Peflox', ''),
(1422, 2, 17, 'Sefanid', ''),
(1423, 3, 17, 'Sefanid Dry', ''),
(1424, 1, 17, 'Sparonex', ''),
(1425, 2, 17, 'T-cef', ''),
(1426, 2, 17, 'T-cef', '400mg'),
(1427, 3, 17, 'T-cef Dry', ''),
(1428, 1, 17, 'T-cef DS', ''),
(1429, 1, 17, 'Vitamin A-Forte', ''),
(1430, 2, 17, 'Cod', ''),
(1431, 1, 17, 'Caldil', ''),
(1432, 1, 17, 'Caldil Plus', ''),
(1433, 2, 17, 'E-2', '200'),
(1434, 2, 17, 'E-2', '400'),
(1435, 2, 17, 'E-2 Plus', ''),
(1436, 1, 17, 'Mecolin', ''),
(1437, 1, 17, 'Supravit-M', ''),
(1438, 1, 17, 'Supravit-PN', ''),
(1439, 2, 17, 'Suravit-G', ''),
(1440, 3, 17, 'Supralex', ''),
(1441, 3, 17, 'Supra-Z', ''),
(1442, 3, 17, 'Supra Gold', ''),
(1443, 2, 17, 'Rationol Forte', ''),
(1444, 2, 17, 'Tanox Soft', ''),
(1445, 1, 17, 'Tanox Plus', ''),
(1446, 2, 17, 'Lunox Soft', ''),
(1447, 1, 17, 'Acepril', '10'),
(1448, 1, 17, 'Acepril', '5'),
(1449, 1, 17, 'Amlocard', '5'),
(1450, 1, 17, 'Amlocard', '10'),
(1451, 1, 17, 'Amlocard Plus', '25'),
(1452, 1, 17, 'Amlocard Plus', '50'),
(1453, 1, 17, 'Angicard', ''),
(1454, 1, 17, 'Acetor', ''),
(1455, 1, 17, 'AV', '5mg'),
(1456, 1, 17, 'AV', '10mg'),
(1457, 1, 17, 'Betaloc', ''),
(1458, 1, 17, 'Betaloc', '25'),
(1459, 1, 17, 'Betaloc XR', '50'),
(1460, 1, 17, 'Betaloc XR', '100'),
(1461, 1, 17, 'Cardizem', '30'),
(1462, 1, 17, 'Cardizem', '60'),
(1463, 1, 17, 'Cardizem SR', '90'),
(1464, 1, 17, 'Cardival', ''),
(1465, 1, 17, 'Cardival Plus', '80'),
(1466, 1, 17, 'Cardival Plus', '160'),
(1467, 1, 17, 'Cardizem-S', '120'),
(1468, 1, 17, 'Camiton', ''),
(1469, 1, 17, 'Cardiron', ''),
(1470, 1, 17, 'Clopid', ''),
(1471, 1, 17, 'Cavilon', '12..5'),
(1472, 1, 17, 'Disartan', ''),
(1473, 1, 17, 'Divastin', ''),
(1474, 1, 17, 'Divastin', '20'),
(1475, 1, 17, 'Divastin', '40'),
(1476, 1, 17, 'Divastin Plus', ''),
(1477, 1, 17, 'Digoxen', '0.1'),
(1478, 1, 17, 'Digoxen', '0.2'),
(1479, 1, 17, 'Diretic', ''),
(1480, 1, 17, 'Diretic Ds', ''),
(1481, 1, 17, 'Fenatrol', ''),
(1482, 1, 17, 'Indapa-SR', ''),
(1483, 1, 17, 'L-cardin', '2mg'),
(1484, 1, 17, 'L-cardin', '4mg'),
(1485, 1, 17, 'Losardil', '25'),
(1486, 1, 17, 'Losardil', '50'),
(1487, 1, 17, 'Losardil', '25/12.5'),
(1488, 1, 17, 'Losardil', '100mg'),
(1489, 1, 17, 'Losardil Plus', '100/12.5'),
(1490, 1, 17, 'Losardil Plus', '100mg'),
(1491, 1, 17, 'Luretic', '2.5'),
(1492, 1, 17, 'Luretic', '5'),
(1493, 1, 17, 'Monocard', ''),
(1494, 1, 17, 'Monocard-SR', ''),
(1495, 2, 17, 'Nife2', '10mg'),
(1496, 2, 17, 'OMG-3', ''),
(1497, 1, 17, 'Prapid', '5mg'),
(1498, 1, 17, 'Prapid', '10mg'),
(1499, 1, 17, 'Nidocard Retard', '2.6 mg'),
(1500, 14, 17, 'Nidocard', ''),
(1501, 1, 17, 'Niapid', ''),
(1502, 1, 17, 'Novastin', '10mg'),
(1503, 1, 17, 'Romicard', '2.5'),
(1504, 1, 17, 'Romicard', '5'),
(1505, 1, 17, 'Romicard', '2.5'),
(1506, 1, 17, 'Romicard Plus', '2.5'),
(1507, 1, 17, 'Romicard Plus', '5'),
(1508, 1, 17, 'Rostatin', '10mg'),
(1509, 1, 17, 'Spiretic', ''),
(1510, 1, 17, 'Trimet', ''),
(1511, 1, 17, 'Trimet-MR', ''),
(1512, 1, 17, 'tenibis', '5'),
(1513, 1, 17, 'tenibis', '2.5'),
(1514, 1, 17, 'Olmetic', ''),
(1515, 1, 17, 'Olmetic Plus', ''),
(1516, 2, 17, 'Ferospan', ''),
(1517, 1, 17, 'Ferozi', ''),
(1518, 3, 17, 'Ziton', ''),
(1519, 2, 17, 'Cosec', '20'),
(1520, 2, 17, 'Cosec', '40'),
(1521, 1, 17, 'Famotid', '20'),
(1522, 1, 17, 'Famotid', '40'),
(1523, 5, 17, '16udrox-HS', ''),
(1524, 2, 17, 'Lansec', ''),
(1525, 1, 17, 'Meverine', ''),
(1526, 2, 17, 'Meverine-SR', ''),
(1527, 1, 17, 'Paridon', ''),
(1528, 5, 17, 'Paridon', ''),
(1529, 1, 17, 'Pansec', ''),
(1530, 1, 17, 'Pansec', '40'),
(1531, 1, 17, 'Pronex', ''),
(1532, 1, 17, 'Pronex', '40'),
(1533, 1, 17, 'Rabesec', '20mg'),
(1534, 1, 17, 'Ulcar', '150'),
(1535, 1, 17, 'Ulcar', '300'),
(1536, 2, 17, 'Bufen-SR', ''),
(1537, 1, 17, 'Diproxen', '250'),
(1538, 1, 17, 'Diproxen', '500'),
(1539, 1, 17, 'Diproxen-CR', '500'),
(1540, 1, 17, 'Fenaton', ''),
(1541, 1, 17, 'Nopain', '25'),
(1542, 1, 17, 'Nopain', '50'),
(1543, 1, 17, 'Nopain Extra', ''),
(1544, 1, 17, 'Nopain Extra', '75'),
(1545, 1, 17, 'Nofenac', ''),
(1546, 1, 17, 'Napsec', '500'),
(1547, 1, 17, 'Napsec', '375'),
(1548, 1, 17, 'Pair', '10mg'),
(1549, 1, 17, 'Dialiptin', ''),
(1550, 1, 17, 'Dialiptin-M', '500'),
(1551, 1, 17, 'Dialiptin-M', '850'),
(1552, 1, 17, 'Dimerol', ''),
(1553, 1, 17, 'Dimerol-MR', ''),
(1554, 1, 17, 'Glimet', '1'),
(1555, 1, 17, 'Glimerol', '5'),
(1556, 1, 17, 'Limpet', '1'),
(1557, 1, 17, 'Limpet', '2'),
(1558, 1, 17, 'Limpet', '3'),
(1559, 1, 17, 'Limpet', '4'),
(1560, 1, 17, 'Neuropen', ''),
(1561, 1, 17, 'Oramet', ''),
(1562, 1, 17, 'Oramet-SR', ''),
(1563, 1, 17, 'Oramet', '500'),
(1564, 1, 17, 'Oramet-Plus', ''),
(1565, 1, 17, 'Piozena', '15'),
(1566, 1, 17, 'Piozena', '30'),
(1567, 1, 17, 'Piozena', '15/500'),
(1568, 1, 17, 'Piozena', '15/850'),
(1569, 1, 17, 'Romerol', '2'),
(1570, 1, 17, 'Romerol', '4'),
(1571, 1, 17, 'Sliptin', ''),
(1572, 1, 17, 'Sliptin-M', '500'),
(1573, 1, 17, 'Aslor', ''),
(1574, 1, 17, 'Cetrin', ''),
(1575, 1, 17, 'Clarigen', ''),
(1576, 1, 17, 'Fenat', ''),
(1577, 3, 17, 'Fenat', ''),
(1578, 1, 17, 'Fexofast', '120'),
(1579, 1, 17, 'Fexofast', '180'),
(1580, 3, 17, 'Fexofast', ''),
(1581, 1, 17, 'Lorat', ''),
(1582, 1, 17, 'M-Kast', '10mg'),
(1583, 1, 17, 'M-Kast', '5mg'),
(1584, 1, 17, 'M-Kast', '4mg'),
(1585, 1, 17, 'Theovent-SR', '400'),
(1586, 1, 17, 'Theovent-SR', '300'),
(1587, 1, 17, 'Theovent-SR', '200'),
(1588, 1, 17, 'Breton', ''),
(1589, 3, 17, 'Breton', ''),
(1590, 3, 17, 'Broncomet', ''),
(1591, 2, 17, 'theovent', ''),
(1592, 1, 17, 'Albasine', ''),
(1593, 1, 17, 'Carniten', ''),
(1594, 1, 17, 'D-Dopa', '110'),
(1595, 1, 17, 'D-Dopa-Plus', ''),
(1596, 2, 17, 'Dicaltrol', ''),
(1597, 1, 17, 'Diconten', ''),
(1598, 3, 17, 'D-Lac', ''),
(1599, 3, 17, 'D-Lac', ''),
(1600, 1, 17, 'Dutamax', ''),
(1601, 1, 17, 'D-Fen', '1.5'),
(1602, 1, 17, 'D-Fen', '0.5'),
(1603, 1, 17, 'D-Toin', ''),
(1604, 1, 17, 'Entavir', '0.5'),
(1605, 1, 17, 'Entavir', '1'),
(1606, 1, 17, 'Feripon', ''),
(1607, 1, 17, 'Glucotin Plus', ''),
(1608, 5, 17, 'Infesen', ''),
(1609, 1, 17, 'Infesen', ''),
(1610, 2, 17, 'I-2', ''),
(1611, 1, 17, 'Lexaton', ''),
(1612, 2, 17, 'Mintek', ''),
(1613, 1, 17, 'Miotrol', ''),
(1614, 1, 17, 'Nomosic', ''),
(1615, 1, 17, 'Ornid', ''),
(1616, 1, 17, 'Ondason', '8'),
(1617, 3, 17, 'Ondason', ''),
(1618, 2, 17, 'Prostam', ''),
(1619, 2, 17, 'Prostol', '1'),
(1620, 2, 17, 'Prostol', '2'),
(1621, 3, 17, 'Potassium Guaiacol', ''),
(1622, 1, 17, 'Parillex', ''),
(1623, 1, 17, 'Prelin', '50'),
(1624, 2, 17, 'Prelin', '150'),
(1625, 2, 17, 'Prelin', '75'),
(1626, 1, 17, 'Salfazin', ''),
(1627, 1, 17, 'Sertal', ''),
(1628, 7, 17, 'Semecon Paediatric', ''),
(1629, 1, 17, 'T-Fovir', '300mg'),
(1630, 1, 17, 'Ursolic', '150'),
(1631, 1, 17, 'Ursolic', '300'),
(1632, 1, 17, 'Varizil', '400'),
(1633, 1, 17, 'Resco', '1'),
(1634, 1, 17, 'Resco', '2'),
(1635, 1, 17, 'Zipradon', '20'),
(1636, 1, 17, 'Zipradon', '40'),
(1637, 8, 17, 'Aclene', '10'),
(1638, 8, 17, 'Betavate-CL', ''),
(1639, 8, 17, 'Betavate-N', ''),
(1640, 7, 17, 'Ciprozid', ''),
(1641, 7, 17, 'ciprozid-DX', ''),
(1642, 5, 17, 'Ciprocort Oit', ''),
(1643, 8, 17, 'Cinoderm', '10'),
(1644, 8, 17, 'Cinoderm', '5'),
(1645, 7, 17, 'Celudex', ''),
(1646, 8, 17, 'Clobederm', ''),
(1647, 8, 17, 'Dicot', ''),
(1648, 8, 17, 'Diproxen-GL', ''),
(1649, 16, 17, 'Dalacin Plus', '15mg'),
(1650, 7, 17, 'Fenat', ''),
(1651, 29, 17, 'Fungistat', '10'),
(1652, 29, 17, 'Fungistat', '5'),
(1653, 8, 17, 'Fungistat', '10'),
(1654, 29, 17, 'Flutiderm', ''),
(1655, 8, 17, 'Fusibac-H', ''),
(1656, 7, 17, 'Gentum', ''),
(1657, 8, 17, 'Licerin', '15'),
(1658, 8, 17, 'Licerin', '30gm'),
(1659, 7, 17, 'Levoflox', ''),
(1660, 8, 17, 'Metavate', '10mg'),
(1661, 29, 17, 'Muron', '15gm'),
(1662, 16, 17, 'Micoderm', '15gm'),
(1663, 7, 17, 'Nasochrom', ''),
(1664, 7, 17, 'Nopain', ''),
(1665, 8, 17, 'Novirax', ''),
(1666, 1, 17, 'Neo-DP', ''),
(1667, 29, 17, 'Neo-B', ''),
(1668, 7, 17, 'Opthacol', ''),
(1669, 7, 17, 'Opthaflox', ''),
(1670, 7, 17, 'Pednisol', ''),
(1671, 29, 17, 'Relitch', '15'),
(1672, 1, 17, 'Stencial', ''),
(1673, 7, 17, 'Syntar Sterile', ''),
(1674, 7, 17, 'Trocane', '5'),
(1675, 22, 17, 'Trialon', ''),
(1676, 1, 17, 'Texa Sterile', ''),
(1677, 4, 17, 'Dicef (IV/IM)', '250'),
(1678, 4, 17, 'Dicef (IV/IM)', '500'),
(1679, 4, 17, 'Dicephin (IM)', '250'),
(1680, 4, 17, 'Dicephin (IM)', '500'),
(1681, 4, 17, 'Dicephin (IM)', '1gm'),
(1682, 4, 17, 'Dicephin', '250mg'),
(1683, 4, 17, 'Dicephin (IV)', '500mg'),
(1684, 4, 17, 'Dicephin (IV)', '1gm'),
(1685, 4, 17, 'Dicef (IV/IM)', '1gm'),
(1686, 4, 17, 'Demoxil (IV/IM)', '1gm'),
(1687, 4, 17, 'Psudonil', '250'),
(1688, 4, 17, 'Psudonil', '500'),
(1689, 4, 17, 'Trum (IV/IM)', '3-500mg');
INSERT INTO `drug` (`drugID`, `typeID`, `companyID`, `drugName`, `strength`) VALUES
(1690, 4, 17, 'Trum (IV/IM)', '3-1gm'),
(1691, 4, 17, 'Furex', '250mg'),
(1692, 4, 17, 'furex', '750mg'),
(1693, 4, 17, 'Cardinex-Anti-Xa IU', '60-6000'),
(1694, 4, 17, 'Cardinex-Anti-Xa IU', '80-8000'),
(1695, 4, 17, 'Trum (IV/IM)', '3-250mg'),
(1696, 4, 17, 'Ciprozid (IV)', '100ml'),
(1697, 4, 17, 'Cardinex-Anti-Xa IU', '40-4000'),
(1698, 4, 17, 'Varizil Infusion', ''),
(1699, 4, 17, 'Decephin (IV/IM)', '2gm'),
(1700, 4, 17, 'Unipim (IV/IM)', '1gm'),
(1701, 4, 17, 'Pair (IV/IM)', ''),
(1702, 4, 17, 'Ropenem', '1gm'),
(1703, 4, 17, 'Ropenem', '500mg'),
(1704, 4, 17, 'Unipim', '500mg'),
(1705, 4, 17, 'Dinakin', '10'),
(1706, 4, 17, 'Trialon', ''),
(1707, 4, 17, 'Levoflox (IV)', '100ml'),
(1708, 4, 17, 'Calcirol', ''),
(1709, 4, 17, 'Dinakin MM', ''),
(1710, 4, 17, 'Cosec', '40mg'),
(1711, 4, 17, 'D-Dopamin', ''),
(1712, 4, 17, 'Pansec', '40'),
(1713, 4, 17, 'Furex', '1.5gm'),
(1714, 4, 17, 'Depomed', '40mg'),
(1715, 4, 17, 'Depomed', '80mg'),
(1716, 4, 17, 'Nidocard', ''),
(1717, 4, 17, 'Dalacin', '600'),
(1718, 4, 17, 'Psudonil', '100'),
(1719, 4, 17, 'Pronex IV', '40'),
(1720, 4, 17, 'Dalacin', '300'),
(1721, 1, 3, 'Actidex', ''),
(1722, 2, 3, 'Alneed', ''),
(1723, 2, 3, 'Alneed Plus', ''),
(1724, 2, 3, 'Alneed Gold', ''),
(1725, 4, 3, 'Amikin', '100'),
(1726, 4, 3, 'Amikin', '500'),
(1727, 4, 3, 'Cefotime', '250'),
(1728, 4, 3, 'Cefotime', '500'),
(1729, 4, 3, 'Cefotime', '1 gm'),
(1730, 4, 3, 'Cispenam', ''),
(1731, 2, 3, 'Clindacin', '150'),
(1732, 2, 3, 'Clindacin', '300'),
(1733, 4, 3, 'Clindacin', '300'),
(1734, 4, 3, 'Clindacin', '600'),
(1735, 33, 3, 'Clindacin', ''),
(1736, 8, 3, 'Clindacin', ''),
(1737, 16, 3, 'Clindacin Plus', ''),
(1738, 19, 3, 'Clindacin', ''),
(1739, 1, 3, 'Edopain', '600 ER'),
(1740, 2, 3, 'Edopain', '300'),
(1741, 1, 3, 'Evagren', ''),
(1742, 4, 3, 'Exephin', '1 gm'),
(1743, 4, 3, 'Exephin', '1 gm'),
(1744, 4, 3, 'Exephin', '500 mg'),
(1745, 4, 3, 'Exephin', '500 mg'),
(1746, 4, 3, 'Exephin', '250 mg'),
(1747, 4, 3, 'Exephin', '250 mg'),
(1748, 4, 3, 'Exephin', '2 gm'),
(1749, 1, 3, 'Flexor', '5'),
(1750, 1, 3, 'Flexor', '10'),
(1751, 1, 3, 'Flexifen', '5'),
(1752, 1, 3, 'Flexifen', '10'),
(1753, 1, 3, 'Flexifen', '25'),
(1754, 1, 3, 'Folneed', ''),
(1755, 3, 3, 'Hunycof', ''),
(1756, 2, 3, 'Inclox', '250'),
(1757, 2, 3, 'Inclox', '500'),
(1758, 4, 3, 'Intafenac', ''),
(1759, 1, 3, 'Intafenac K', ''),
(1760, 4, 3, 'Intafenac Plus', ''),
(1761, 1, 3, 'Intafenac', '50'),
(1762, 2, 3, 'Intrax', ''),
(1763, 4, 3, 'Intrax', ''),
(1764, 4, 3, 'I-Penam', '1 g'),
(1765, 4, 3, 'I-Penam', '500 mg'),
(1766, 1, 3, 'Ketomar', ''),
(1767, 3, 3, 'Ketomar', ''),
(1768, 1, 3, 'kilbac', '125'),
(1769, 1, 3, 'kilbac', '250'),
(1770, 1, 3, 'kilbac', '500'),
(1771, 9, 3, 'kilbac', ''),
(1772, 9, 3, 'Kilbac DS', ''),
(1773, 4, 3, 'kilbac', '750 mg'),
(1774, 4, 3, 'Kilbac', '250 mg'),
(1775, 4, 3, 'Kilbac', '1.5 gm'),
(1776, 1, 3, 'Klarix', '250'),
(1777, 1, 3, 'Klarix', '500'),
(1778, 1, 3, 'Levoxin', '250'),
(1779, 1, 3, 'Levoxin', '500'),
(1780, 1, 3, 'Levoxin', '750'),
(1781, 19, 3, 'Levoxin', ''),
(1782, 11, 3, 'Levoxin', ''),
(1783, 1, 3, 'linzolid', ''),
(1784, 9, 3, 'linzolid', ''),
(1785, 11, 3, 'linzolid', '600'),
(1786, 1, 3, 'Moxquin', ''),
(1787, 1, 3, 'Mucolyt', ''),
(1788, 3, 3, 'Mucolyt', ''),
(1789, 4, 3, 'Nalbun', '1 ml'),
(1790, 4, 3, 'Nalbun', '2 ml'),
(1791, 1, 3, 'Neocilor', ''),
(1792, 29, 3, 'Nebazin ', ''),
(1793, 1, 3, 'Nintoin', ''),
(1794, 2, 3, 'Nintoin SR', ''),
(1795, 9, 3, 'Omenix', '20'),
(1796, 9, 3, 'Omenix', '40'),
(1797, 2, 3, 'Omenix', '20'),
(1798, 2, 3, 'Omenix', '40'),
(1799, 4, 3, 'Omenix', '40'),
(1800, 1, 3, 'Onaseron', ''),
(1801, 4, 3, 'Onaseron', '4 ml'),
(1802, 19, 3, 'Onaseron', ''),
(1803, 1, 3, 'Oricox', '60'),
(1804, 1, 3, 'Oricox', '90'),
(1805, 1, 3, 'Oricox', '120'),
(1806, 4, 3, 'Paloxiron', '1.5'),
(1807, 4, 3, 'Paloxiron', '5'),
(1808, 1, 3, 'Paloxiron', '0.5'),
(1809, 2, 3, 'Procef', '250'),
(1810, 2, 3, 'Procef', '500'),
(1811, 9, 3, 'Procef', ''),
(1812, 7, 3, 'Procef', ''),
(1813, 9, 3, 'Procef Fort', ''),
(1814, 4, 3, 'Procef', '1 g'),
(1815, 4, 3, 'Procef', '500 mg'),
(1816, 4, 3, 'Procef', '250 mg'),
(1817, 1, 3, 'Purisal', '1'),
(1818, 1, 3, 'Purisal', '2'),
(1819, 3, 3, 'Purisal', ''),
(1820, 25, 3, 'Purisal', '0.63'),
(1821, 25, 3, 'Purisal', '1.25'),
(1822, 25, 3, 'Purisal', '0.31'),
(1823, 1, 3, 'Revert', ''),
(1824, 1, 3, 'Rifamax', '200'),
(1825, 1, 3, 'Rifamax', '550'),
(1826, 1, 3, 'Rupex', ''),
(1827, 1, 3, 'Secnizol DS', ''),
(1828, 3, 3, 'Sudocof', ''),
(1829, 1, 3, 'Tenafet', '250'),
(1830, 1, 3, 'Tenafet', '500'),
(1831, 9, 3, 'Tenafet', ''),
(1832, 1, 3, 'tenaxit', ''),
(1833, 4, 3, 'Tergocin', '200'),
(1834, 1, 3, 'Timozin', ''),
(1835, 4, 3, 'Timozin', ''),
(1836, 4, 3, 'Tigacil', ''),
(1837, 3, 3, 'Tomephen', ''),
(1838, 1, 3, 'Tridosil', '250'),
(1839, 1, 3, 'Tridosil', '500'),
(1840, 11, 3, 'Tridosil', ''),
(1841, 9, 3, 'Tridosil', ''),
(1842, 19, 3, 'Urikal', ''),
(1843, 4, 3, 'Vanmycin', '500 mg'),
(1844, 4, 3, 'Vanmycin', '1 gm'),
(1845, 3, 3, 'Vitagrow', ''),
(1846, 1, 3, 'Windel', '2'),
(1847, 1, 3, 'Windel', '4'),
(1848, 3, 3, 'Windel', ''),
(1849, 25, 3, 'Windel', ''),
(1850, 25, 3, 'Windel Plus', ''),
(1851, 2, 3, 'Winpain', '50'),
(1852, 2, 3, 'Winpain ER', '100'),
(1853, 4, 3, 'Winpain', '1 ml'),
(1854, 4, 3, 'Winpain', '2 ml'),
(1855, 55, 3, 'Hepa-B', '1 ml'),
(1856, 55, 3, 'Hepa-B', '0.5 ml'),
(1857, 55, 3, 'Rabix-VC', ''),
(1858, 55, 3, 'Vaxphoid', ''),
(1859, 55, 3, 'Vaxitet', ''),
(1860, 3, 3, 'Alervil', ''),
(1861, 1, 3, 'Alurol', '100'),
(1862, 9, 3, 'Algicid', ''),
(1863, 3, 3, 'Aquaphen', ''),
(1864, 1, 3, 'Beuflox', '250'),
(1865, 1, 3, 'Beuflox', '500'),
(1866, 1, 3, 'Beuflox', '750'),
(1867, 11, 3, '', ''),
(1868, 1, 3, 'Calcicar', '500'),
(1869, 2, 3, 'Celenta', '100'),
(1870, 1, 3, 'Cortan', '5'),
(1871, 1, 3, 'Cortan', '10'),
(1872, 1, 3, 'Cortan', '20'),
(1873, 19, 3, 'Cortan', ''),
(1874, 1, 3, 'Cyclopan', ''),
(1875, 3, 3, 'Cyclopan', ''),
(1876, 4, 3, 'Cyclopan', ''),
(1877, 1, 3, 'Disopan', '0.5'),
(1878, 1, 3, 'Disopan', '2'),
(1879, 1, 3, 'Diorin', ''),
(1880, 1, 3, 'Doresa', ''),
(1881, 1, 3, 'Drotapan', ''),
(1882, 8, 3, 'Elimate', ''),
(1883, 33, 3, 'Elimate Plus', ''),
(1884, 1, 3, 'Encilor', ''),
(1885, 1, 3, 'Fenofex', '60'),
(1886, 1, 3, 'Fenofex', '120'),
(1887, 1, 3, 'Fenofex', '180'),
(1888, 9, 3, 'Fenofex', '50 ml'),
(1889, 1, 3, 'Febustat', '40'),
(1890, 1, 3, 'Febustat', '80'),
(1891, 9, 3, 'Firmac', ''),
(1892, 11, 3, 'Flamyd', ''),
(1893, 1, 3, 'Flamyd', '250'),
(1894, 1, 3, 'Flamyd', '500'),
(1895, 16, 3, 'Flamyd', ''),
(1896, 9, 3, 'Flamyd', ''),
(1897, 1, 3, 'Iriban', ''),
(1898, 1, 3, 'Iriban SR', '200'),
(1899, 19, 3, 'Inolac', ''),
(1900, 4, 3, 'Intasone', ''),
(1901, 2, 3, 'Inovit E', '200'),
(1902, 2, 3, 'Inovit E', '400'),
(1903, 4, 3, 'Intamycin', '80'),
(1904, 8, 3, 'Kerasol', '0.06'),
(1905, 8, 3, 'Kerasol', '0.12'),
(1906, 1, 3, 'Kolchin', '0.6'),
(1907, 1, 3, 'Kolchin', '0.5'),
(1908, 7, 3, 'Lefoam', ''),
(1909, 53, 3, 'Magfin', ''),
(1910, 1, 3, 'Marlox', ''),
(1911, 1, 3, 'Marlox Plus', ''),
(1912, 9, 3, 'Marlox Plus', ''),
(1913, 9, 3, 'Nitazox', ''),
(1914, 1, 3, 'Nitazox', ''),
(1915, 1, 3, 'Omidon', ''),
(1916, 1, 3, 'Omidon D', ''),
(1917, 7, 3, 'Omidon', ''),
(1918, 9, 3, 'Omidon', ''),
(1919, 1, 3, 'Pantonix', '20'),
(1920, 1, 3, 'Pantonix', '40'),
(1921, 4, 3, 'Pantonix', '40'),
(1922, 1, 3, 'Rasonix', '20'),
(1923, 1, 3, 'Reservix', ''),
(1924, 1, 3, 'Roxair', ''),
(1925, 8, 3, 'Salinix', '15'),
(1926, 8, 3, 'Salinix', '30'),
(1927, 4, 3, 'Sidobac', '250'),
(1928, 4, 3, 'Sidobac', '500'),
(1929, 4, 3, 'Sidobac', '1 gm'),
(1930, 1, 3, 'Ticoflex', '250'),
(1931, 1, 3, 'Ticoflex', '500'),
(1932, 9, 3, 'Ticoflex', ''),
(1933, 16, 3, 'Ticoflex', ''),
(1934, 1, 3, 'Ticoflex SR', ''),
(1935, 4, 3, 'Tinobac', '2 mg'),
(1936, 1, 3, 'Trimotil', ''),
(1937, 1, 3, 'Vitabion', ''),
(1938, 4, 3, 'Vitabion', ''),
(1939, 1, 3, 'Ximeprox', '100'),
(1940, 1, 3, 'Ximeprox', '200'),
(1941, 9, 3, 'Ximeprox', ''),
(1942, 9, 3, 'Ximeprox', ''),
(1943, 2, 3, 'Adora', '500'),
(1944, 9, 3, 'Adora', ''),
(1945, 7, 3, 'Adora', ''),
(1946, 4, 3, 'Adrinor', ''),
(1947, 3, 3, 'Ambolyt', ''),
(1948, 7, 3, 'Ambolyt', ''),
(1949, 4, 3, 'Anestho', '500 mg'),
(1950, 4, 3, 'Anestho', '1 gm'),
(1951, 3, 3, 'Aritone Z', ''),
(1952, 1, 3, 'Artemet', ''),
(1953, 1, 3, 'Barbit', '30'),
(1954, 1, 3, 'Barbit', '60'),
(1955, 0, 3, 'Barbit Elixir', ''),
(1956, 4, 3, 'Barbit', ''),
(1957, 0, 3, 'Bonemass D', ''),
(1958, 1, 3, 'Calvimax', ''),
(1959, 1, 3, 'Calvimax Plus', ''),
(1960, 1, 3, 'Cavic-c', ''),
(1961, 1, 3, 'Cavic-c Plus', ''),
(1962, 3, 3, 'Compiron', ''),
(1963, 7, 3, 'Compiron', ''),
(1964, 2, 3, 'Colitrol', '0.25'),
(1965, 4, 3, 'Colitrol', ''),
(1966, 2, 3, 'Codcap', ''),
(1967, 4, 3, 'Dobutin', ''),
(1968, 4, 3, 'Drometa', ''),
(1969, 2, 3, 'Efdinir', ''),
(1970, 9, 3, 'Efdinir', ''),
(1971, 2, 3, 'Emixef', '200'),
(1972, 2, 3, 'Emixef', '400'),
(1973, 9, 3, 'Emixef', ''),
(1974, 9, 3, 'Emixef DS', ''),
(1975, 1, 3, 'Esonix', '20'),
(1976, 1, 3, 'Esonix', '40'),
(1977, 4, 3, 'Esonix', '40'),
(1978, 1, 3, 'Etorac', ''),
(1979, 4, 3, 'Etorac', '30'),
(1980, 4, 3, 'Etorac', '60'),
(1981, 11, 3, 'Ferimax ', ''),
(1982, 1, 3, 'Gatiflox', ''),
(1983, 1, 3, 'Hypnofast', '7.5'),
(1984, 1, 3, 'Hypnofast', '15'),
(1985, 4, 3, 'Hypnofast', ''),
(1986, 4, 3, 'Hypnofast', '5 mg'),
(1987, 4, 3, 'Hyronate', ''),
(1988, 4, 3, 'K MM', ''),
(1989, 4, 3, 'K MM Pediatric', ''),
(1990, 1, 3, 'Joinix Plus', ''),
(1991, 4, 3, 'Ketaride', ''),
(1992, 1, 3, 'Mecolagin', ''),
(1993, 4, 3, 'Mecolagin', ''),
(1994, 1, 3, 'Myolax', '50'),
(1995, 1, 3, 'Myolax', '100'),
(1996, 4, 3, 'Myolax Plus', ''),
(1997, 4, 3, 'Myomine', ''),
(1998, 4, 3, 'Nordrine', ''),
(1999, 4, 3, 'Nor Q', ''),
(2000, 1, 3, 'Ocarnix', ''),
(2001, 19, 3, 'Ocarnix', ''),
(2002, 4, 3, 'Opifen', '100 mg'),
(2003, 1, 3, 'Opifen', '100'),
(2004, 1, 3, 'Opifen', '200'),
(2005, 4, 3, 'Osteo-d', ''),
(2006, 19, 3, 'Osteo-d', ''),
(2007, 2, 3, 'Oticlor', '500'),
(2008, 9, 3, 'Oticlor', ''),
(2009, 7, 3, 'Oticlor', ''),
(2010, 1, 3, 'Pedilid', '150'),
(2011, 1, 3, 'Pedilid', '300'),
(2012, 9, 3, 'Pedilid', ''),
(2013, 1, 3, 'Proviten A-Z', ''),
(2014, 1, 3, 'Proviten Silver', ''),
(2015, 3, 3, 'Proviten JR', ''),
(2016, 11, 3, 'Prosol IV', ''),
(2017, 1, 3, 'Progesic', '375'),
(2018, 1, 3, 'Progesic', '500'),
(2019, 1, 3, 'Purifen', '200'),
(2020, 1, 3, 'Purifen', '300'),
(2021, 1, 3, 'Purifen', '400'),
(2022, 9, 3, 'Purifen', ''),
(2023, 1, 3, 'Reset', ''),
(2024, 3, 3, 'Reset', ''),
(2025, 7, 3, 'Reset', ''),
(2026, 1, 3, 'Reset Plus', ''),
(2027, 11, 3, 'Reset', '1 g'),
(2028, 1, 3, 'Resadol', ''),
(2029, 1, 3, 'Seasonix', ''),
(2030, 19, 3, 'Seasonix', ''),
(2031, 1, 3, 'Siesta', ''),
(2032, 1, 3, 'Silagra', '50'),
(2033, 1, 3, 'Silagra', '100'),
(2034, 4, 3, 'Spino', ''),
(2035, 1, 3, 'Tadalis', '10'),
(2036, 4, 3, 'Ultrapime', '500 mg'),
(2037, 4, 3, 'Ultrapime', '1 mg'),
(2038, 3, 3, 'Ziflu', ''),
(2039, 1, 3, 'Zolium', '0.25'),
(2040, 1, 3, 'Zolium', '0.5'),
(2041, 1, 3, 'Zopilone', '2'),
(2042, 11, 3, 'Zolenic', ''),
(2043, 1, 3, 'Acuren', '25'),
(2044, 1, 3, 'Acuren', '50'),
(2045, 2, 3, 'Adiponil', ''),
(2046, 8, 3, 'Apalene', '0.001'),
(2047, 1, 3, 'Aloxif', ''),
(2048, 1, 3, 'Alfasin XR', ''),
(2049, 1, 3, 'Ameloss', '5'),
(2050, 4, 3, 'Amidol', '300'),
(2051, 4, 3, 'Amidol', '370'),
(2052, 1, 3, 'Amlotab', '5'),
(2053, 1, 3, 'Amlosartan', '29342'),
(2054, 1, 3, 'Amlosartan', '5/160'),
(2055, 1, 3, 'Amlosartan', '10/160'),
(2056, 1, 3, 'Angiflx', '20'),
(2057, 1, 3, 'Aripra', '10'),
(2058, 1, 3, 'Aripra', '15'),
(2059, 1, 3, 'Arpolax', ''),
(2060, 14, 3, 'Azelast', ''),
(2061, 1, 3, 'Barcavir', '0.5'),
(2062, 1, 3, 'Barcavir', '1'),
(2063, 2, 3, 'Benadip', '10/2.5'),
(2064, 2, 3, 'Benadip', '41552'),
(2065, 2, 3, 'Benadip', '20/5'),
(2066, 2, 3, 'Benadip', '21/10'),
(2067, 29, 3, 'Betaderm', ''),
(2068, 29, 3, 'Betaderm N', ''),
(2069, 33, 3, 'Betamesal', ''),
(2070, 14, 3, 'Budicort', ''),
(2071, 25, 3, 'Budicort', '0.5'),
(2072, 1, 3, 'Bumecard', '1'),
(2073, 1, 3, 'Bumecard', '5'),
(2074, 4, 3, 'Bumecard', '2'),
(2075, 1, 3, 'Bisopro', '2.5'),
(2076, 1, 3, 'Bisopro', '5'),
(2077, 1, 3, 'Carvista', '6.25'),
(2078, 1, 3, 'Carvista', '12.5'),
(2079, 1, 3, 'Carvista', '25'),
(2080, 1, 3, 'Carmapine', '200'),
(2081, 9, 3, 'Carmapine', ''),
(2082, 14, 3, 'Cenolon', ''),
(2083, 4, 3, 'Cenolon', ''),
(2084, 2, 3, 'Celbarin', '200'),
(2085, 19, 3, 'Clarizol', ''),
(2086, 1, 3, 'Consucon MR', ''),
(2087, 1, 3, 'Compimet', '500'),
(2088, 1, 3, 'Compimet', '850'),
(2089, 6, 3, 'Convipen', ''),
(2090, 1, 3, 'Cytomis', ''),
(2091, 1, 3, 'Cytomis', '100'),
(2092, 1, 3, 'Cyclid', '5'),
(2093, 4, 3, 'Cyclid', '2 ml'),
(2094, 54, 3, 'Dancel', ''),
(2095, 54, 3, 'Dancel', ''),
(2096, 1, 3, 'Defogen', ''),
(2097, 1, 3, 'Dilast', '20'),
(2098, 8, 3, 'Doxiderm', ''),
(2099, 1, 3, 'Duloxen', '20'),
(2100, 1, 3, 'Duloxen', '30'),
(2101, 8, 3, 'Econate', ''),
(2102, 8, 3, 'Econate -G', ''),
(2103, 8, 3, 'Econate plus ', ''),
(2104, 1, 3, 'Econate VT', ''),
(2105, 1, 3, 'Edeloss Plus', ''),
(2106, 1, 3, 'Emenil', ''),
(2107, 1, 3, 'Emenil Plus', ''),
(2108, 1, 3, 'Epleron', '25'),
(2109, 1, 3, 'Eslpram', '10'),
(2110, 1, 3, 'Eslpram', '5'),
(2111, 1, 3, 'Ezetim', '10'),
(2112, 8, 3, 'Eudrate', ''),
(2113, 1, 3, 'Euthycin', ''),
(2114, 1, 3, 'Feelnor', ''),
(2115, 1, 3, 'Feelnor MR', ''),
(2116, 4, 3, 'Fenazin', '25'),
(2117, 1, 3, 'Fixocard', '25'),
(2118, 1, 3, 'Fixocard', '50'),
(2119, 4, 3, 'Filastin', '30'),
(2120, 1, 3, 'Flurazine', '1'),
(2121, 1, 3, 'Flurazine', '5'),
(2122, 8, 3, 'Fortison', ''),
(2123, 1, 3, 'Frenia', '1'),
(2124, 1, 3, 'Frenia', '2'),
(2125, 1, 3, 'Frenia', '4'),
(2126, 1, 3, 'Gabapen', '100'),
(2127, 1, 3, 'Gabapen', '300'),
(2128, 19, 3, 'Gabapen', ''),
(2129, 1, 3, 'Gestop', '28'),
(2130, 1, 3, 'Halopid', '5'),
(2131, 4, 3, 'Halopid', ''),
(2132, 1, 3, 'Indapril', '2'),
(2133, 1, 3, 'Indapril', '4'),
(2134, 1, 3, 'Inospiron', '25'),
(2135, 1, 3, 'Infovir', ''),
(2136, 25, 3, 'Ipratop', ''),
(2137, 1, 3, 'Ivaperx', '5'),
(2138, 1, 3, 'Ivaperx', '7.5'),
(2139, 8, 3, 'Lafrost', ''),
(2140, 1, 3, 'Lamivir', ''),
(2141, 1, 3, 'Larcadip', ''),
(2142, 1, 3, 'Lacidip', '2'),
(2143, 1, 3, 'Lacidip', '4'),
(2144, 1, 3, 'Lithin SR', ''),
(2145, 1, 3, 'Lopirel', ''),
(2146, 1, 3, 'Lopirel Plus', ''),
(2147, 14, 3, 'Lopadine', ''),
(2148, 1, 3, 'Losucon', '1'),
(2149, 1, 3, 'Losucon', '2'),
(2150, 1, 3, 'Losucon', '3'),
(2151, 1, 3, 'Losucon', '4'),
(2152, 2, 3, 'Lozana', '100'),
(2153, 2, 3, 'Lozana', '200'),
(2154, 1, 3, 'Lozicum', ''),
(2155, 14, 3, 'Lutisone', ''),
(2156, 29, 3, 'Lutisone', ''),
(2157, 1, 3, 'Lyta', '28'),
(2158, 4, 3, 'Maxsulin N', '40'),
(2159, 4, 3, 'Maxsulin n', '100'),
(2160, 4, 3, 'Maxsulin R', '40'),
(2161, 4, 3, 'Maxsulin R', '100'),
(2162, 4, 3, 'Maxsulin 30/70', '40'),
(2163, 4, 3, 'Maxsulin 30/70', '100'),
(2164, 4, 3, 'Maxsulin 50/50', '100'),
(2165, 1, 3, 'Menaril', ''),
(2166, 1, 3, 'Mebastin', ''),
(2167, 14, 3, 'Momeson', ''),
(2168, 8, 3, 'Momeson', ''),
(2169, 1, 3, 'Montair', '4'),
(2170, 1, 3, 'Montair', '5'),
(2171, 1, 3, 'Montair', '10'),
(2172, 1, 3, 'Mitaprex', '15'),
(2173, 1, 3, 'Mitaprex', '30'),
(2174, 1, 3, 'Neforex', ''),
(2175, 14, 3, 'Neotison', ''),
(2176, 29, 3, 'Napguard', ''),
(2177, 1, 3, 'Nicosit', '500'),
(2178, 1, 3, 'Nicosit', '750'),
(2179, 2, 3, 'Nispore', '50'),
(2180, 2, 3, 'Nispore', '150'),
(2181, 2, 3, 'Nispore', '200'),
(2182, 9, 3, 'Nispore', ''),
(2183, 1, 3, 'Nobesit', '500'),
(2184, 1, 3, 'Nobesit', '850'),
(2185, 1, 3, 'Nobesit ER', ''),
(2186, 2, 3, 'Noficate', ''),
(2187, 1, 3, 'Nomopil', '0.5'),
(2188, 1, 3, 'Nomopil', '1'),
(2189, 1, 3, 'Nomopil', '2'),
(2190, 2, 3, 'Norbit', ''),
(2191, 1, 3, 'Nodia', '10'),
(2192, 1, 3, 'Nodia', '100'),
(2193, 1, 3, 'Noteron', ''),
(2194, 8, 3, 'Nyclobate', ''),
(2195, 29, 3, 'Nyclobate', ''),
(2196, 8, 3, 'Nyclobate NN', ''),
(2197, 1, 3, 'Osartil', '25'),
(2198, 1, 3, 'Osartil', '50'),
(2199, 1, 3, 'Osartil', '100'),
(2200, 1, 3, 'Osartil', '50 Plus'),
(2201, 1, 3, 'Osartil', '100 Plus'),
(2202, 1, 3, 'Olanap', '5'),
(2203, 1, 3, 'Olanap', '10'),
(2204, 1, 3, 'Ovuclon', ''),
(2205, 1, 3, 'Ovuclon', '100'),
(2206, 4, 3, 'Parinox', '20'),
(2207, 4, 3, 'Parinox', '40'),
(2208, 4, 3, 'Parinox', '60'),
(2209, 4, 3, 'Parinox', '80'),
(2210, 1, 3, 'Pramin', ''),
(2211, 1, 3, 'Planex', ''),
(2212, 1, 3, 'Pioder', '15'),
(2213, 1, 3, 'Pioder', '30'),
(2214, 1, 3, 'POP-D', ''),
(2215, 1, 3, 'Prasurel', '10'),
(2216, 1, 3, 'Prasurel', '5'),
(2217, 1, 3, 'Precare', ''),
(2218, 2, 3, 'Preneed CL', ''),
(2219, 1, 3, 'Presonil', ''),
(2220, 2, 3, 'Prostacin', ''),
(2221, 2, 3, 'Pregaben', '75'),
(2222, 2, 3, 'Pregaben', '150'),
(2223, 2, 3, 'Pregaben', '50'),
(2224, 1, 3, 'Quiet', '25'),
(2225, 1, 3, 'Quiet', '100'),
(2226, 1, 3, 'Ramoril', '1.25'),
(2227, 1, 3, 'Ramoril', '2.5'),
(2228, 1, 3, 'Ramoril', '5'),
(2229, 1, 3, 'Ramoril', '10'),
(2230, 1, 3, 'Ramoril', '2.5 Plus'),
(2231, 1, 3, 'Ramoril', '5 Plus'),
(2232, 1, 3, 'Reconil', ''),
(2233, 1, 3, 'Repose', '25'),
(2234, 1, 3, 'Repose', '50'),
(2235, 1, 3, 'Repose', '100'),
(2236, 1, 3, 'Renophos', '400'),
(2237, 1, 3, 'Ridel ER', '500'),
(2238, 1, 3, 'Ropinol', '0.25'),
(2239, 1, 3, 'Ropinol', '1'),
(2240, 1, 3, 'Ropinol', '2'),
(2241, 1, 3, 'Rocovas', '5'),
(2242, 1, 3, 'Rocovas', '10'),
(2243, 1, 3, 'Rosen', '28'),
(2244, 14, 3, 'Rynex', ''),
(2245, 7, 3, 'Rynex', ''),
(2246, 7, 3, 'Rynex', '0.0005'),
(2247, 1, 3, 'Sardopa', ''),
(2248, 8, 3, 'Simplovir', ''),
(2249, 1, 3, 'Sitagil', '25'),
(2250, 1, 3, 'Sitagil', '50'),
(2251, 1, 3, 'Sitagil', '100'),
(2252, 8, 3, 'Spotcien', ''),
(2253, 8, 3, 'Spotcine Plus', ''),
(2254, 19, 3, 'Sporium', ''),
(2255, 1, 3, 'Sudorin', ''),
(2256, 29, 3, 'Tacrolim', '0.0003'),
(2257, 29, 3, 'Tacrolim', '0.001'),
(2258, 8, 3, 'Tazoskin', ''),
(2259, 1, 3, 'Terazon', '2'),
(2260, 1, 3, 'Terazon', '5'),
(2261, 1, 3, 'Tiginor', '10'),
(2262, 1, 3, 'Tiginor', '20'),
(2263, 1, 3, 'Tiginor', '40'),
(2264, 1, 3, 'Topirva', '25'),
(2265, 1, 3, 'Topirva', '50'),
(2266, 1, 3, 'Toltrex', '2'),
(2267, 8, 3, 'Topicazole', ''),
(2268, 8, 3, 'Topicazole Plus', ''),
(2269, 29, 3, 'Trego', ''),
(2270, 2, 3, 'Trocer', '2.6 SR'),
(2271, 1, 3, 'Ubilon', ''),
(2272, 1, 3, 'Urilax', '100'),
(2273, 1, 3, 'Urilax', '200'),
(2274, 1, 3, 'Valex', ''),
(2275, 3, 3, 'Valex', ''),
(2276, 1, 3, 'Valex CR', '200'),
(2277, 1, 3, 'Valex CR', '300'),
(2278, 1, 3, 'Valex CR', '500'),
(2279, 1, 3, 'Valsartil', '40'),
(2280, 1, 3, 'Valsartil', '80'),
(2281, 1, 3, 'Valsartil', '80 Plus'),
(2282, 1, 3, 'Valsartil', '160'),
(2283, 1, 3, 'Valsartil', '160 Plus'),
(2284, 1, 3, 'Vastocor', ''),
(2285, 1, 3, 'Valovir', '1 mg'),
(2286, 1, 3, 'Valovir', '500 mg'),
(2287, 1, 3, 'Veracal', '40'),
(2288, 1, 3, 'Veracal', '80'),
(2289, 1, 3, 'Veracal SR', '180'),
(2290, 1, 3, 'Veracal SR', ''),
(2291, 4, 3, 'Veracal', '2 ml'),
(2292, 1, 3, 'Vinsetine', ''),
(2293, 4, 3, 'Vibrenta', ''),
(2294, 1, 3, 'Warin', ''),
(2295, 14, 3, 'Xylo Plus', ''),
(2296, 1, 3, 'Xynovir', ''),
(2297, 19, 3, 'Xenogrow', '0.05'),
(2298, 19, 3, 'Xenogrow', '0.02'),
(2299, 1, 3, 'Xyotil', '40'),
(2300, 1, 3, 'Xyotil', '20 Plus'),
(2301, 1, 3, 'Xyotil', '20'),
(2302, 1, 3, 'Zapenia', '100'),
(2303, 1, 3, 'Zapenia', '25'),
(2304, 1, 3, 'Zomitan', '2.5'),
(2305, 2, 3, 'Azecol', ''),
(2306, 7, 3, 'Beuflox', ''),
(2307, 7, 3, 'Beuflox-D', ''),
(2308, 7, 3, 'Betastin', ''),
(2309, 7, 3, 'Brimodin', ''),
(2310, 7, 3, 'Brimodin Plus', ''),
(2311, 7, 3, 'Catrix', ''),
(2312, 7, 3, 'Cortan', ''),
(2313, 7, 3, 'Cliomet', ''),
(2314, 7, 3, 'Clarizol', ''),
(2315, 7, 3, 'Dexaguard', ''),
(2316, 7, 3, 'Dextrobac', ''),
(2317, 7, 3, 'Dilate', '0.01'),
(2318, 7, 3, 'Dilate Plus', ''),
(2319, 7, 3, 'Eyebet', ''),
(2320, 7, 3, 'Etorac', ''),
(2321, 7, 3, 'Filtear', ''),
(2322, 7, 3, 'Gatiflox', ''),
(2323, 7, 3, 'I-guard', ''),
(2324, 7, 3, 'Intafenac', ''),
(2325, 7, 3, 'Intobac', ''),
(2326, 7, 3, 'Levoxin', ''),
(2327, 7, 3, 'Levoxin TS', ''),
(2328, 7, 3, 'Lomequin ', ''),
(2329, 7, 3, 'Lotepro', ''),
(2330, 7, 3, 'Lotepro Plus', ''),
(2331, 7, 3, 'Lopadine', ''),
(2332, 7, 3, 'Lopadine Plus', ''),
(2333, 7, 3, 'Lubric', ''),
(2334, 7, 3, 'Mastguard', ''),
(2335, 7, 3, 'Mastguard', '0.04'),
(2336, 7, 3, 'Metalone', ''),
(2337, 7, 3, 'Metalone Plus', ''),
(2338, 1, 4, 'Aggra', '50'),
(2339, 1, 4, 'Aggra', '100'),
(2340, 1, 4, 'Alben', ''),
(2341, 1, 4, 'Alben', ''),
(2342, 9, 4, 'Alben', '200 mg'),
(2343, 1, 4, 'Aldorin', '50 mg'),
(2344, 7, 4, 'Albotin', ''),
(2345, 3, 4, 'Amboten', ''),
(2346, 1, 4, 'Amlip', ''),
(2347, 1, 4, 'Anapril', '5 mg'),
(2348, 1, 4, 'Anapril', '10 MG'),
(2349, 2, 4, 'Aroce', '500 mg'),
(2350, 15, 4, 'Arocef', ''),
(2351, 1, 4, 'Bonflex', ''),
(2352, 1, 4, 'Brizy', '1 mg'),
(2353, 1, 4, 'Brizy', '2mg'),
(2354, 3, 4, 'Brizy', ''),
(2355, 1, 4, 'Carbazin', ''),
(2356, 1, 4, 'Carbazin CR', ''),
(2357, 3, 4, 'Carbolin', ''),
(2358, 3, 4, 'Carbolin DS', ''),
(2359, 1, 4, 'Cardon', '25mg'),
(2360, 1, 4, 'Cardoplus', '50mg'),
(2361, 1, 4, 'Calx', ''),
(2362, 50, 4, 'Calx', ''),
(2363, 7, 4, 'Ceflon', ''),
(2364, 1, 4, 'Celipress', '200mg'),
(2365, 1, 4, 'Cloron', '0.5mg'),
(2366, 1, 4, 'Cloron', '2 mg'),
(2367, 8, 4, 'Cortider', ''),
(2368, 1, 4, 'Cosat DS', ''),
(2369, 9, 4, 'Cosat', ''),
(2370, 2, 4, 'Danamet', '100mg'),
(2371, 2, 4, 'Danamet', '200mg'),
(2372, 1, 4, 'Dayprox', '600mg'),
(2373, 1, 4, 'Desodin', ''),
(2374, 3, 4, 'Dexpoten', ''),
(2375, 1, 4, 'Dezide', ''),
(2376, 1, 4, 'Dextor', '0.5mg'),
(2377, 1, 4, 'Dialon', '1mg'),
(2378, 1, 4, 'Dialon', '02mg'),
(2379, 1, 4, 'Dialon', '04mg'),
(2380, 2, 4, 'Dietil', ''),
(2381, 19, 4, 'Dilator', ''),
(2382, 1, 4, 'Dilator', '10MG'),
(2383, 1, 4, 'Dilator', '20mg'),
(2384, 1, 4, 'Dinafex', '60mg'),
(2385, 1, 4, 'Dinafex', '120mg'),
(2386, 9, 4, 'Dinafex', '50ml'),
(2387, 1, 4, 'Dorenta', ''),
(2388, 3, 4, 'Dorenta', ''),
(2389, 3, 4, 'Dorenta', '100mg'),
(2390, 1, 4, 'Edenil', '20mg'),
(2391, 1, 4, 'Edenil', '40mg'),
(2392, 1, 4, 'Emezin', ''),
(2393, 1, 4, 'Emezin', ''),
(2394, 1, 4, 'Esoral', '40mg'),
(2395, 1, 4, 'Esoral', '20mg'),
(2396, 1, 4, 'Etorix', '20mg'),
(2397, 1, 4, 'Etorix', '120mg'),
(2398, 1, 4, 'Etorix', '60mg'),
(2399, 1, 4, 'Etorix', '90mg'),
(2400, 1, 4, 'Ethinor', '5mg'),
(2401, 3, 4, 'Expoten', ''),
(2402, 8, 4, 'Facid', ''),
(2403, 8, 4, 'Facid', ''),
(2404, 8, 4, 'Facid', ''),
(2405, 29, 4, 'Facid', ''),
(2406, 1, 4, 'Feozin', ''),
(2407, 2, 4, 'Feofol cl', ''),
(2408, 2, 4, 'Feofol TR', ''),
(2409, 1, 4, 'Fenobac', '10mg'),
(2410, 1, 4, 'Fenobac', '5mg'),
(2411, 2, 4, 'Fibrino', '500mg'),
(2412, 2, 4, 'Flucloxin', '250mg'),
(2413, 2, 4, 'Flucloxin', '500mg'),
(2414, 5, 4, 'Flucloxin', ''),
(2415, 2, 4, 'Flucoder', '50mg'),
(2416, 2, 4, 'Flucoder', '150mg'),
(2417, 2, 4, 'Folvit', ''),
(2418, 2, 4, 'Folvit CL', ''),
(2419, 1, 4, 'Gatinox', '400mg'),
(2420, 7, 4, 'Gasnil', ''),
(2421, 1, 4, 'Geminox', '320mg'),
(2422, 1, 4, 'Glunor', '500mg'),
(2423, 1, 4, 'Glunor', '850mg'),
(2424, 1, 4, 'Glunor XR', ''),
(2425, 1, 4, 'GTN', '2.6mg'),
(2426, 19, 4, 'Hunny', ''),
(2427, 19, 4, 'Handirub', ''),
(2428, 3, 4, 'Hi-c', ''),
(2429, 1, 4, 'Irbes', ''),
(2430, 1, 4, 'Irbes', ''),
(2431, 1, 4, 'ketonic', '10mg'),
(2432, 1, 4, 'Kilmax', '125mg'),
(2433, 1, 4, 'Kilmax', '250mg'),
(2434, 1, 4, 'Kilmax', '500mg'),
(2435, 9, 4, 'Kilmax', ''),
(2436, 1, 4, 'Kynol', '25mg'),
(2437, 2, 4, 'Kynol TR', '100mg'),
(2438, 2, 4, 'Kynol TR', '200MG'),
(2439, 1, 4, 'lamidin ', '100mg'),
(2440, 50, 4, 'Laxitol', ''),
(2441, 1, 4, 'Levomax', '500 mg'),
(2442, 1, 4, 'Levomax', '750 mg'),
(2443, 1, 4, 'Lipicon', '10 mg'),
(2444, 1, 4, 'Lipicon', '20 mg'),
(2445, 1, 4, 'Lipicon', '40 mg'),
(2446, 2, 4, 'Lindamax', '150 mg'),
(2447, 2, 4, 'Lindamax', '300 MG'),
(2448, 2, 4, 'Losectil', '10 mg'),
(2449, 2, 4, 'Losectil', '20 mg'),
(2450, 2, 4, 'Losectil', '40 mg'),
(2451, 15, 4, 'Losectil', '20 mg'),
(2452, 15, 4, 'Losectil', '40 mg'),
(2453, 15, 4, 'Losectil', '20 mg'),
(2454, 15, 4, 'Losectil', '40 mg'),
(2455, 1, 4, 'Lumona', '5 mg'),
(2456, 1, 4, 'Lumona', '10 mg'),
(2457, 50, 4, 'Lumona', '4 mg'),
(2458, 1, 4, 'Losita', '5 mg'),
(2459, 1, 4, 'Losita', '10 mg'),
(2460, 1, 4, 'Mebidal', ''),
(2461, 1, 4, 'Mecopen', ''),
(2462, 9, 4, 'Metco', ''),
(2463, 1, 4, 'Metco', '400 mg'),
(2464, 1, 4, 'Milam', '15 mg'),
(2465, 1, 4, 'Milam', '7.5 mg'),
(2466, 3, 4, 'Mixavit', ''),
(2467, 29, 4, 'Mupiron', '10 mg'),
(2468, 8, 4, 'Mycofin', ''),
(2469, 1, 4, 'Mycofin', '250 mg'),
(2470, 1, 4, 'Naprox', '250 mg'),
(2471, 1, 4, 'Naprox', '500 mg'),
(2472, 9, 4, 'Naprox ', ''),
(2473, 16, 4, 'Naprox', ''),
(2474, 2, 4, 'Naprox', '500 mg'),
(2475, 9, 4, 'Naprox', ''),
(2476, 16, 4, 'Naprox', ''),
(2477, 2, 4, 'Neorex ', '500 mg'),
(2478, 1, 4, 'Nepsy', '300 mg'),
(2479, 1, 4, 'Nimodi', '30 mg'),
(2480, 1, 4, 'Noclog', '75 mg'),
(2481, 1, 4, 'Noclog', ''),
(2482, 2, 4, 'Noficon', ''),
(2483, 1, 4, 'Norium', '10 mg'),
(2484, 1, 4, 'Norium', '5 mg'),
(2485, 15, 4, 'NRG', ''),
(2486, 3, 4, 'Ontin', ''),
(2487, 1, 4, 'Ontin', ''),
(2488, 1, 4, 'Oradin Plus', ''),
(2489, 9, 4, 'Oradin', ''),
(2490, 1, 4, 'Oradin', ''),
(2491, 1, 4, 'Oradin FT', ''),
(2492, 16, 4, 'Orogurd', '15 mg'),
(2493, 1, 4, 'Ostocal JR', '250 mg'),
(2494, 1, 4, 'Ostocal ', '500 mg'),
(2495, 1, 4, 'Ostocal C', ''),
(2496, 1, 4, 'Ostovit', ''),
(2497, 1, 4, 'Ostovit D', ''),
(2498, 1, 4, 'Ostocal D', ''),
(2499, 1, 4, 'Ostocal M', ''),
(2500, 1, 4, 'Ostocal D', ''),
(2501, 1, 4, 'Paino', '100 mg'),
(2502, 1, 4, 'Parlox', ''),
(2503, 1, 4, 'Panoral', '20 mg'),
(2504, 1, 4, 'Panoral', '40 mg'),
(2505, 1, 4, 'Peptil-H', '150 mg'),
(2506, 3, 4, 'Peptil-H', ''),
(2507, 8, 4, 'Perosa', ''),
(2508, 1, 4, 'Provenor', '5 mg'),
(2509, 1, 4, 'Provenor', '10 mg'),
(2510, 1, 4, 'Pred', '5 mg'),
(2511, 1, 4, 'Pred', '10 mg'),
(2512, 1, 4, 'Pred', '20 mg'),
(2513, 2, 4, 'PG', '75 mg'),
(2514, 2, 4, 'PG', '150 mg'),
(2515, 1, 4, 'Quinox', '250 mg'),
(2516, 1, 4, 'Quinox', '500 mg'),
(2517, 1, 4, 'Quinox', '750 mg'),
(2518, 9, 4, 'Quinox DS', ''),
(2519, 1, 4, 'Reomen ', '50 mg'),
(2520, 1, 4, 'Restol', '3 mg'),
(2521, 1, 4, 'Rabifast ', '20 mg'),
(2522, 7, 4, 'Ridon P/D', ''),
(2523, 9, 4, 'Ridon', ''),
(2524, 1, 4, 'Ridon', '10 mg'),
(2525, 1, 4, 'Ridon', '10 mg'),
(2526, 2, 4, 'Roxim', '200 mg'),
(2527, 2, 4, 'Roxim', '400 mg'),
(2528, 1, 4, 'Roxim', '200 mg'),
(2529, 1, 4, 'Roxim', '400 mg'),
(2530, 9, 4, 'Roxim', ''),
(2531, 1, 4, 'Sensit ', ''),
(2532, 1, 4, 'Sentix', '0.5 mg'),
(2533, 1, 4, 'Sentix', '1 mg'),
(2534, 1, 4, 'Sidopin', '5 mg'),
(2535, 1, 4, 'Sidoplus', '25 mg'),
(2536, 1, 4, 'Sidoplus', '50 mg'),
(2537, 2, 4, 'SK-cef', '250 mg'),
(2538, 2, 4, 'SK-cef', '500 mg'),
(2539, 15, 4, 'SK-cef DS', ''),
(2540, 7, 4, 'SK-cef P/D', ''),
(2541, 15, 4, 'SK-cef ', ''),
(2542, 2, 4, 'SK-mox', '250 mg'),
(2543, 2, 4, 'SK-mox', '500 mg'),
(2544, 15, 4, 'SK-mox', ''),
(2545, 7, 4, 'SK-mox', ''),
(2546, 9, 4, 'SK-mox', ''),
(2547, 29, 4, 'Softi', ''),
(2548, 1, 4, 'Solvit-B', ''),
(2549, 1, 4, ' Solvit-M', ''),
(2550, 3, 4, 'Solvitone', ''),
(2551, 1, 4, 'Solbion', ''),
(2552, 2, 4, 'Starin', '100 mg'),
(2553, 2, 4, 'Starin', '200 mg'),
(2554, 15, 4, 'Starin DS', ''),
(2555, 15, 4, 'Starin', ''),
(2556, 1, 4, 'Sulidac', ''),
(2557, 22, 4, 'Sorex', '5 mg'),
(2558, 8, 4, 'Salidex', ''),
(2559, 9, 4, 'Tamen', ''),
(2560, 1, 4, 'Tamen', ''),
(2561, 1, 4, 'Tamen', '500 mg'),
(2562, 1, 4, 'Tamen-X', ''),
(2563, 3, 4, 'Tamen', ''),
(2564, 1, 4, 'Telazine ', '1 mg'),
(2565, 1, 4, 'Telazine ', '5 mg'),
(2566, 1, 4, 'Tibes', '6 mg'),
(2567, 1, 4, 'Tibonor', '2.5 mg'),
(2568, 1, 4, 'Toperin', '50 mg'),
(2569, 29, 4, 'Topibet CL', ''),
(2570, 8, 4, 'Topiclo', ''),
(2571, 29, 4, 'Topiclo', ''),
(2572, 29, 4, 'Topiclo S', ''),
(2573, 3, 4, 'Toti', ''),
(2574, 1, 4, 'toti', ''),
(2575, 1, 4, 'Tumy', '240 mg'),
(2576, 19, 4, 'Tulac', ''),
(2577, 1, 4, 'Tufnil', '200 mg'),
(2578, 1, 4, 'Toza', '500 mg'),
(2579, 9, 4, 'Toza', ''),
(2580, 1, 4, 'Topress', ''),
(2581, 1, 4, 'Timothy FC', '50 mg'),
(2582, 1, 4, 'Thynor', '50 mcg'),
(2583, 1, 4, 'Urokit', '10 mEq'),
(2584, 2, 4, 'Urosin SR', ''),
(2585, 1, 4, 'Vanila E', '200 mg'),
(2586, 1, 4, 'Veron', ''),
(2587, 1, 4, 'Vincet ', '5 mg'),
(2588, 1, 4, 'Vitrum Gold', ''),
(2589, 1, 4, 'Vitrum Silver', ''),
(2590, 2, 4, 'Volmax SR', '100 mg'),
(2591, 1, 4, 'Xinc', '20 mg'),
(2592, 3, 4, 'Xinc B', ''),
(2593, 1, 4, 'Xinc B', ''),
(2594, 3, 4, 'Xinc', ''),
(2595, 8, 4, 'Xenthol ', '30 mg'),
(2596, 1, 4, 'Zatral', '10 mg'),
(2597, 2, 4, 'Zeefol-CL', ''),
(2598, 2, 4, 'Zilvit', ''),
(2599, 1, 4, 'Zithrox', '250 mg'),
(2600, 1, 4, 'Zithrox', '500 mg'),
(2601, 1, 4, 'Zofra ODT', '4 mg'),
(2602, 1, 4, 'Zofra ODT', '8 mg'),
(2603, 19, 4, 'Zofra', ''),
(2604, 11, 4, 'Protinex', '500 ml'),
(2605, 11, 4, 'Protinex Gold', '500 ml'),
(2606, 10, 4, 'Arotide', '125'),
(2607, 10, 4, 'Arotide', '250'),
(2608, 10, 4, 'Salomax', ''),
(2609, 4, 4, 'Ketonic', '30'),
(2610, 4, 4, 'ketonic', '60'),
(2611, 4, 4, 'Kilmax', '750'),
(2612, 4, 4, 'Kilmax', '1.5'),
(2613, 4, 4, 'Losectil', '40'),
(2614, 4, 4, 'Milam', '15'),
(2615, 4, 4, 'Meroject', '500'),
(2616, 4, 4, 'Meroject', '1'),
(2617, 4, 4, 'Peptil', '50'),
(2618, 4, 4, 'Solbion', ''),
(2619, 4, 4, 'SK-cef', '500'),
(2620, 4, 4, 'Triject', '1'),
(2621, 4, 4, 'Triject', '2'),
(2622, 4, 4, 'Triject', '250'),
(2623, 4, 4, 'Triject', '250'),
(2624, 4, 4, 'Triject', '500'),
(2625, 4, 4, 'Triject', '500'),
(2626, 4, 4, 'Timothy', ''),
(2627, 4, 4, 'Esoral', '40'),
(2628, 4, 4, 'Tazimax', '1'),
(2629, 4, 4, 'Tazimax', '250'),
(2630, 4, 4, 'Zofra', '8'),
(2631, 4, 4, 'Megapime', '500'),
(2632, 4, 4, 'Megapime', '1'),
(2633, 4, 4, 'Megapime', '2'),
(2634, 4, 4, 'SK-cef', '1'),
(2635, 15, 4, 'Zithrox S', ''),
(2636, 15, 4, 'Zithrox M', ''),
(2637, 15, 4, 'Zithrox L', ''),
(2638, 2, 9, 'A-Forty Soft ', ''),
(2639, 2, 9, 'A-Vit-1 Soft Gelatin', ''),
(2640, 1, 9, 'A-Vit-2 Soft Gelatin', ''),
(2641, 1, 9, 'AL-DS', '400 mg'),
(2642, 3, 9, 'Actolin', '2mg/5ml'),
(2643, 1, 9, 'Actrim-DS', ''),
(2644, 5, 9, 'Actrim', '60ml'),
(2645, 1, 9, 'Anlet', '75 ml'),
(2646, 29, 9, 'Apodin', '50mg/1gm'),
(2647, 19, 9, 'Apodin', '100ml'),
(2648, 1, 9, 'Aros', '100mg'),
(2649, 3, 9, 'Asmafen', '100ml'),
(2650, 1, 9, 'Asmafen', ''),
(2651, 3, 9, 'Bizi', '100ml'),
(2652, 1, 9, 'Calpin Plus', '50 mg'),
(2653, 1, 9, 'Carbocal', '5mg'),
(2654, 1, 9, 'Carbocal-M', ''),
(2655, 1, 9, 'Carbocal-500', '1.25gm'),
(2656, 1, 9, 'Carbocal-D', '1.25gm'),
(2657, 1, 9, 'Cartifit', ''),
(2658, 2, 9, 'Cefix', '400 mg'),
(2659, 5, 9, 'Cefix Dry Powder', '100mg'),
(2660, 2, 9, 'Cefix', '200mg'),
(2661, 4, 9, 'Cetaxim', '1gm'),
(2662, 4, 9, 'cetaxim', '500mg'),
(2663, 8, 9, 'Clodal', '1%/1gm'),
(2664, 1, 9, 'Clon', ''),
(2665, 4, 9, 'D-Cort', '5mg/ml'),
(2666, 1, 9, 'D-Cort', '0.5mg'),
(2667, 2, 9, 'EPL Plus', ''),
(2668, 2, 9, 'Ecovit', '400'),
(2669, 2, 9, 'ecovit-S Soft', '200'),
(2670, 1, 9, 'Ema', '20mg'),
(2671, 1, 9, 'Etoxib', '60mg'),
(2672, 1, 9, 'Europan', '20mg'),
(2673, 1, 9, 'Europan', '60mg'),
(2674, 1, 9, 'Etoxib', '90mg'),
(2675, 1, 9, 'Europan', '20mg'),
(2676, 4, 9, 'Europan-40IV', '40mg'),
(2677, 1, 9, 'Europan', '40mg'),
(2678, 2, 9, 'Eusef', '500mg'),
(2679, 5, 9, 'Eusef DS', '250mg/5ml'),
(2680, 5, 9, 'Eusef Dry Powder', '125mg/5ml'),
(2681, 4, 9, 'Eusef', '1gm'),
(2682, 4, 9, 'Eusef', '500mg'),
(2683, 7, 9, 'Eusef Paediatric', '125mg/1.25ml'),
(2684, 3, 9, 'Femex 3up', '15mg/5ml'),
(2685, 5, 9, 'Fexona', '50ml'),
(2686, 1, 9, 'Fexona-120', ''),
(2687, 1, 9, 'Fexona-180', ''),
(2688, 1, 9, 'Flamic', '250mg'),
(2689, 1, 9, 'Flamic', '500mg'),
(2690, 5, 9, 'Flamic', '50mg/5ml'),
(2691, 1, 9, 'Fluzole', '150mg'),
(2692, 1, 9, 'Fluzole', '50mg'),
(2693, 1, 9, 'Frusiton', '20mg'),
(2694, 1, 9, 'Frusiton', '40mg'),
(2695, 1, 9, 'Genac', '50mg'),
(2696, 4, 9, 'Genac', '75mg/3ml'),
(2697, 4, 9, 'Genac Plus', '20mg/2ml'),
(2698, 1, 9, 'Gevit', ''),
(2699, 1, 9, 'Gloxen-250', ''),
(2700, 1, 9, 'Gloxen-500', ''),
(2701, 3, 9, 'Isoclox Dry Powder', '125mg/5ml'),
(2702, 2, 9, 'Isoclox', '250mg'),
(2703, 2, 9, 'Isoclox', '500mg'),
(2704, 1, 9, 'Kanaprim', '15mg'),
(2705, 1, 9, 'kanaquine', '300mg'),
(2706, 4, 9, 'kanaquine', '300mg/5ml'),
(2707, 3, 9, 'Kapron Dry 3up', '250mg'),
(2708, 1, 9, 'Kapron', '250mg'),
(2709, 1, 9, 'Kapron', '500mg'),
(2710, 1, 9, 'Kapron', '750mg'),
(2711, 5, 9, 'Laxolac', '3.40gm/5ml'),
(2712, 3, 9, 'Laxolac', '3.40gm/5ml'),
(2713, 1, 9, 'Liplo', '10mg'),
(2714, 1, 9, 'Liplo', '20mg'),
(2715, 1, 9, 'Locin', '500mg'),
(2716, 1, 9, 'Lok-50 Plus', ''),
(2717, 1, 9, 'Lok-50', '50mg'),
(2718, 4, 9, 'Merocar IV 4.', '1gm'),
(2719, 4, 9, 'Merocar IV 4.', '500mg'),
(2720, 8, 9, 'MIC', '2%/10gm'),
(2721, 8, 9, 'MIC-HC', '2%/10gm'),
(2722, 5, 9, 'Micogyl', '200mg/5ml'),
(2723, 1, 9, 'Micogyl', '400mg'),
(2724, 1, 9, 'Montifiast', '4mg'),
(2725, 1, 9, 'Montifiast', '10mg'),
(2726, 1, 9, 'Montifiast', '5mg'),
(2727, 1, 9, 'Nebium', ''),
(2728, 1, 9, 'Neuofen', '400mg'),
(2729, 2, 9, 'OP-20', '20mg'),
(2730, 2, 9, 'OP-40', '40mg'),
(2731, 4, 9, 'OP-40', '40mg'),
(2732, 1, 9, 'Pedial', '0.5mg'),
(2733, 7, 9, 'Pedigas', '67mg'),
(2734, 5, 9, 'Perion', '5mg/5ml'),
(2735, 1, 9, 'Perion', '10mg'),
(2736, 8, 9, 'Perls', '0.05'),
(2737, 5, 9, 'Pol', '120mg/5ml'),
(2738, 1, 9, 'Pol', '500mg'),
(2739, 1, 9, 'Pol Plus', ''),
(2740, 1, 9, 'Polan', '5mg'),
(2741, 3, 9, 'Quinolex', '80mg/5ml'),
(2742, 1, 9, 'Quinolex', '250mg'),
(2743, 1, 9, 'Radex', '10mg'),
(2744, 4, 9, 'Reladol', ''),
(2745, 1, 9, 'Roket-10', '10mg'),
(2746, 4, 9, 'Roket-30', '30mg'),
(2747, 4, 9, 'Roket-60', '60mg'),
(2748, 5, 9, 'Rolid Dry Powder', '50mg/5ml'),
(2749, 1, 9, 'Rolid-150', '150mg'),
(2750, 1, 9, 'Rolid-300', '300mg'),
(2751, 3, 9, 'Seas Plus', '100ml'),
(2752, 3, 9, 'Seas Plus', '200ml'),
(2753, 1, 9, 'Spar', '200mg'),
(2754, 1, 9, 'Spinafen', '10mg'),
(2755, 2, 9, 'Stano-M-Soft', ''),
(2756, 3, 9, 'Stanoplex', '100ml'),
(2757, 3, 9, 'Stanoplex', '200ml'),
(2758, 1, 9, 'Stanovit-M', ''),
(2759, 1, 9, 'Stanovit-B', ''),
(2760, 1, 9, 'Sucomet', '500mg'),
(2761, 1, 9, 'Sucomet', '850mg'),
(2762, 1, 9, 'Suco1', '80mg'),
(2763, 3, 9, 'Texco', '100ml'),
(2764, 5, 9, 'Throcin Dry Powder', '125mg/5ml'),
(2765, 4, 9, 'Tizime', '1mg'),
(2766, 4, 9, 'Tizime', '250mg'),
(2767, 4, 9, 'Tizime', '500mg'),
(2768, 4, 9, 'Tribac IM', '1gm'),
(2769, 4, 9, 'Tribac IV', '1gm'),
(2770, 4, 9, 'Tribac IM', '250mg'),
(2771, 4, 9, 'Tribac IV', '2gm'),
(2772, 4, 9, 'Tribac IV', '250mg'),
(2773, 4, 9, 'Tribac IV', '2gm'),
(2774, 4, 9, 'Tribac IM', '500mg'),
(2775, 4, 9, 'Tribac IV', '500mg'),
(2776, 4, 9, 'Tribion', ''),
(2777, 1, 9, 'Tribion', ''),
(2778, 3, 9, 'Trin', '60ml'),
(2779, 1, 9, 'Trin', '10mg'),
(2780, 1, 9, 'Ultradin', '150mg'),
(2781, 2, 9, 'Ultramox', '250mg'),
(2782, 2, 9, 'Ultramox', '500mg'),
(2783, 3, 9, 'Ultramox Dry Powder', '125mg/5ml'),
(2784, 2, 9, 'Unidox', '100mg'),
(2785, 4, 9, 'Vispazin', '5mg/2ml'),
(2786, 1, 9, 'Vispazin', '50mg'),
(2787, 3, 9, 'Winkol', '2mg/5ml'),
(2788, 5, 9, 'Xanide Powder', '100mg/5ml'),
(2789, 1, 9, 'Xanide', '500mg'),
(2790, 4, 9, 'Ximepime IM/IV', '1gm'),
(2791, 4, 9, 'Ximepime IM/IV', '500mg'),
(2792, 4, 9, 'Ximetil', '1.5mg'),
(2793, 1, 9, 'Ximetil', '250mg'),
(2794, 1, 9, 'Ximetil', '500mg'),
(2795, 4, 9, 'Ximetil IM/IV', '750mg'),
(2796, 1, 9, 'Xiotic', '0.5'),
(2797, 1, 9, 'Xtrum Gold', ''),
(2798, 3, 9, 'Zedoxim Dry 3up', '50ml'),
(2799, 2, 9, 'Zedoxim', '100mg'),
(2800, 2, 9, 'Zedoxim', '200mg'),
(2801, 3, 9, 'Zikid', '10mg/5ml'),
(2802, 1, 9, 'Zycin', '500mg'),
(2803, 5, 9, 'Zycin Dry Powder', '200mg/5ml'),
(2804, 5, 9, 'Zycin Powder', '200mg/5ml'),
(2805, 1, 13, 'Alantine DS', '400'),
(2806, 1, 13, 'Algin', '50'),
(2807, 4, 13, 'Algin', '2.5'),
(2808, 1, 13, 'Alphapress', '1'),
(2809, 1, 13, 'Alphapress', '2'),
(2810, 1, 13, 'Bactamox', '250'),
(2811, 1, 13, 'Bactamox', '500'),
(2812, 3, 13, 'Bactamox', ''),
(2813, 7, 13, 'Bactamox', ''),
(2814, 7, 13, 'Bactipront', '480'),
(2815, 7, 13, 'Bactipront DS', '960'),
(2816, 3, 13, 'Bactipront', ''),
(2817, 4, 13, 'Beconex', ''),
(2818, 3, 13, 'Beconex', ''),
(2819, 3, 13, 'Beconex ZI', ''),
(2820, 2, 13, 'Becosules', ''),
(2821, 2, 13, 'Becosules Gold', ''),
(2822, 1, 13, 'Bigmet FC', '500'),
(2823, 1, 13, 'Bigmet FC', '850'),
(2824, 1, 13, 'Bisoren', '2.5'),
(2825, 1, 13, 'Bisoren', '5'),
(2826, 1, 13, 'Bredicon', '75'),
(2827, 9, 13, 'Cabretol', '100'),
(2828, 1, 13, 'Cabretol', '200'),
(2829, 1, 13, 'Cabretol CR', '200'),
(2830, 4, 13, 'Calciferol', ''),
(2831, 1, 13, 'Calcin', '1.25'),
(2832, 1, 13, 'Calcin-D FC', ''),
(2833, 1, 13, 'Calcin-D', ''),
(2834, 1, 13, 'Calcin-D Film coated', ''),
(2835, 1, 13, 'Calcin-M Film Coated', ''),
(2836, 1, 13, 'Calcin-M ', ''),
(2837, 1, 13, 'Cardipin', '5'),
(2838, 1, 13, 'Cardipin Plus', '5'),
(2839, 8, 13, 'Caress', '0.025'),
(2840, 1, 13, 'Cartilage plus Fc', ''),
(2841, 1, 13, 'Ceclofen', '100'),
(2842, 4, 13, 'Cefazid', '500'),
(2843, 4, 13, 'Cefazid', '250'),
(2844, 4, 13, 'Cefazid', '1000'),
(2845, 4, 13, 'Cefotex', '1000'),
(2846, 4, 13, 'Cefotex', '250'),
(2847, 4, 13, 'Cefotex', '500'),
(2848, 4, 13, 'Ceftipime', '500'),
(2849, 4, 13, 'Ceftipime', '1000'),
(2850, 4, 13, 'Ceftipime', '2000'),
(2851, 4, 13, 'Ceftizone', '250'),
(2852, 4, 13, 'Ceftizone', '500'),
(2853, 4, 13, 'Ceftizone', '1000'),
(2854, 4, 13, 'Ceftizone', '1000'),
(2855, 4, 13, 'Ceftizone', '250'),
(2856, 4, 13, 'Ceftizone', '500'),
(2857, 4, 13, 'Ceftizone', '2000'),
(2858, 1, 13, 'Clarox FC', '250'),
(2859, 1, 13, 'Clarox FC', '500'),
(2860, 2, 13, 'Cloxicap', '500'),
(2861, 8, 13, 'Conasyd 1%', ''),
(2862, 1, 13, 'Criptine', '2.5'),
(2863, 2, 13, 'Danzol', '100'),
(2864, 2, 13, 'Danzol', '200'),
(2865, 9, 13, 'Deletin', ''),
(2866, 1, 13, 'Deltasone', '10'),
(2867, 1, 13, 'Deltasone', '20'),
(2868, 1, 13, 'Deltasone', '5'),
(2869, 1, 13, 'Deltasone', '1'),
(2870, 19, 13, 'Deltasone', ''),
(2871, 1, 13, 'Denixil', '0.5'),
(2872, 1, 13, 'Denixil', '2'),
(2873, 1, 13, 'Desolon', ''),
(2874, 4, 13, 'Dexa', ''),
(2875, 1, 13, 'Dexatab', '0.5'),
(2876, 1, 13, 'Domiren FC', '10'),
(2877, 7, 13, 'Domiren', ''),
(2878, 9, 13, 'Domiren', ''),
(2879, 2, 13, 'Doxicap', '50'),
(2880, 2, 13, 'Doxicap', '100'),
(2881, 1, 13, 'Dysmen', '250'),
(2882, 1, 13, 'Dysmen', '500'),
(2883, 2, 13, 'E-Gel', '200'),
(2884, 2, 13, 'E-Gel DS', '400'),
(2885, 1, 13, 'Emcon-1', '1.5'),
(2886, 1, 13, 'Emicet FC', '4'),
(2887, 1, 13, 'Emicet FC', '8'),
(2888, 4, 13, 'Emicet', ''),
(2889, 4, 13, 'Epidron', ''),
(2890, 1, 13, 'Erecta FC', ''),
(2891, 1, 13, 'Erecta FC', '100'),
(2892, 1, 13, 'Erythrox', '250'),
(2893, 1, 13, 'Erythrox', '500'),
(2894, 9, 13, 'Erythrox', ''),
(2895, 1, 13, 'Estracon FC', '0.625'),
(2896, 1, 13, 'Fenadin', '120'),
(2897, 1, 13, 'Fenadin FC', '180'),
(2898, 1, 13, 'Fenadin FC', '30'),
(2899, 1, 13, 'Fenadin FC', '60'),
(2900, 9, 13, 'Fenadin', ''),
(2901, 4, 13, 'Feristar', ''),
(2902, 2, 13, 'Flexicam', '10'),
(2903, 4, 13, 'Flexicam', ''),
(2904, 1, 13, 'Flotin', '250'),
(2905, 1, 13, 'Flotin', '500'),
(2906, 1, 13, 'Flotin', '750'),
(2907, 11, 13, 'Flotin', ''),
(2908, 9, 13, 'Flotin', ''),
(2909, 2, 13, 'Flustar', '250'),
(2910, 2, 13, 'Flustar', '500'),
(2911, 1, 13, 'Furocef FC', '125'),
(2912, 1, 13, 'Furocef FC', '250'),
(2913, 1, 13, 'Furocef FC', '500'),
(2914, 4, 13, 'Furocef', '1000'),
(2915, 4, 13, 'Furocef', '1500'),
(2916, 4, 13, 'Furocef', '250'),
(2917, 4, 13, 'Furocef', '750'),
(2918, 9, 13, 'Furocef', ''),
(2919, 1, 13, 'Gaba', '300'),
(2920, 1, 13, 'Gaba', '600'),
(2921, 2, 13, 'Gaba-P', '50'),
(2922, 2, 13, 'Gaba-P', '75'),
(2923, 1, 13, 'Gatlin', '200'),
(2924, 1, 13, 'Gatlin', '400'),
(2925, 1, 13, 'Gestrinol', '5'),
(2926, 1, 13, 'Giane', '35'),
(2927, 1, 13, 'Glicron', '80'),
(2928, 2, 13, 'Glicron CR', '30'),
(2929, 3, 13, 'Honycol', ''),
(2930, 3, 13, 'Honycol', ''),
(2931, 4, 13, 'Iropen', '500'),
(2932, 4, 13, 'Kain', ''),
(2933, 3, 13, 'Kiddi', ''),
(2934, 1, 13, 'Letrol', '2.5'),
(2935, 19, 13, 'Levoking', ''),
(2936, 1, 13, 'Levoking', '500'),
(2937, 1, 13, 'Levoking', '750'),
(2938, 2, 13, 'Lucan-R', '150'),
(2939, 2, 13, 'Lucan-R', '200'),
(2940, 2, 13, 'Lucan-R', '50'),
(2941, 9, 13, 'Lucan-R', ''),
(2942, 2, 13, 'Lucent', ''),
(2943, 1, 13, 'Maxolax', '10'),
(2944, 1, 13, 'Maxolax', '5'),
(2945, 2, 13, 'Maxpro', '20'),
(2946, 2, 13, 'Maxpro', '40'),
(2947, 4, 13, 'Maxpro', '40'),
(2948, 1, 13, 'Maxpro ', '20'),
(2949, 1, 13, 'Maxpro ', '40'),
(2950, 3, 13, 'Mazic', ''),
(2951, 3, 13, 'Mazic DS', ''),
(2952, 3, 13, 'Mazic JR', ''),
(2953, 1, 13, 'Mazic', '20'),
(2954, 1, 13, 'Medrogest', '10'),
(2955, 1, 13, 'Medrogest', '5'),
(2956, 1, 13, 'Medrogest', '2.5'),
(2957, 4, 13, 'Meropen', '1000'),
(2958, 4, 13, 'Meropen', '500'),
(2959, 1, 13, 'Metaloc', '100'),
(2960, 1, 13, 'Metaloc', '50'),
(2961, 1, 13, 'Metorax', '2.5'),
(2962, 4, 13, 'Mez', ''),
(2963, 2, 13, 'Microgest', '100'),
(2964, 2, 13, 'Microgest', '200'),
(2965, 4, 13, 'Morphin-R', ''),
(2966, 4, 13, 'Nandron', '25'),
(2967, 4, 13, 'Nandron', '50'),
(2968, 4, 13, 'Neos-R', ''),
(2969, 1, 13, 'Neurobest FC', ''),
(2970, 1, 13, 'Normanal FC', '500'),
(2971, 1, 13, 'Normens', '5'),
(2972, 1, 13, 'Norry', '5'),
(2973, 1, 13, 'Novelon FC', ''),
(2974, 1, 13, 'Odmon', '10'),
(2975, 1, 13, 'Odmon', '5'),
(2976, 1, 13, 'Orcef', '200'),
(2977, 1, 13, 'Orcef', '400'),
(2978, 2, 13, 'Orcef', '200'),
(2979, 9, 13, 'Orcef', ''),
(2980, 1, 13, 'Ostan', '25'),
(2981, 1, 13, 'Ostan', '50'),
(2982, 1, 13, 'Ostan Plus', '50'),
(2983, 1, 13, 'Ostan Plus', '100'),
(2984, 1, 13, 'Ovulet', '100'),
(2985, 1, 13, 'Ovulet', '50'),
(2986, 4, 13, 'Oxyton 5IU', ''),
(2987, 2, 13, 'Palsef', '300'),
(2988, 7, 13, 'Palsef', ''),
(2989, 7, 13, 'Palsef DS', ''),
(2990, 1, 13, 'Paradote', ''),
(2991, 2, 13, 'Pen-A', '250'),
(2992, 4, 13, 'Pen-A', '500'),
(2993, 1, 13, 'Pendoril', '2'),
(2994, 1, 13, 'Pendoril', '4'),
(2995, 1, 13, 'Pendoril Plus', '2'),
(2996, 1, 13, 'Pendoril Plus', '4'),
(2997, 4, 13, 'Pethidin-R', ''),
(2998, 1, 13, 'Phenocept', ''),
(2999, 1, 13, 'Plagrin FC', '75'),
(3000, 1, 13, 'Plagrin Plus FC 75+', '75'),
(3001, 2, 13, 'Polycef', '250'),
(3002, 2, 13, 'Polycef', '500'),
(3003, 9, 13, 'Polycef DS', ''),
(3004, 4, 13, 'Polycef', '1000'),
(3005, 4, 13, 'Polycef', '500'),
(3006, 4, 13, 'Polycef', '250'),
(3007, 7, 13, 'Polycef', ''),
(3008, 3, 13, 'Polycef', ''),
(3009, 2, 13, 'Prazole', '20'),
(3010, 4, 13, 'Pronapen 4LAC', ''),
(3011, 4, 13, 'Pronapen 8LAC', ''),
(3012, 1, 13, 'Proscan', '250'),
(3013, 4, 13, 'Protimin', ''),
(3014, 1, 13, 'Protonil EC', '20'),
(3015, 1, 13, 'Protonil EC', '40'),
(3016, 1, 13, 'Pushtikona', ''),
(3017, 1, 13, 'Pyra Plus FC', ''),
(3018, 1, 13, 'Pyralgin', '500'),
(3019, 9, 13, 'Pyralgin', ''),
(3020, 2, 13, 'Qcin', '150'),
(3021, 2, 13, 'Qcin', '300'),
(3022, 4, 13, 'Qcin', '300'),
(3023, 4, 13, 'Qcin', '600'),
(3024, 55, 13, 'Rabipur', ''),
(3025, 4, 13, 'Rapidol', ''),
(3026, 2, 13, 'Rapidol', '50'),
(3027, 3, 13, 'Recof', ''),
(3028, 1, 13, 'Regumen', ''),
(3029, 1, 13, 'Renxit FC', ''),
(3030, 19, 13, 'RM', '3.5'),
(3031, 19, 13, 'RM', '5'),
(3032, 2, 13, 'RM', '350'),
(3033, 19, 13, 'RM.I/M', ''),
(3034, 1, 13, 'Rolec', '10'),
(3035, 4, 13, 'Rolec', '10'),
(3036, 4, 13, 'Rolec', '30'),
(3037, 4, 13, 'Rolec', '60'),
(3038, 19, 13, 'Saline-R', ''),
(3039, 4, 13, 'Sivicaine Heavy', ''),
(3040, 1, 13, 'Sperid', '1'),
(3041, 1, 13, 'Sperid', '2'),
(3042, 1, 13, 'Taven FC', '10'),
(3043, 1, 13, 'Taven FC', '20'),
(3044, 1, 13, 'Taven', '40'),
(3045, 4, 13, 'Tazopen', '4500'),
(3046, 4, 13, 'TD-PUR', ''),
(3047, 4, 13, 'Tetanol PUR', ''),
(3048, 1, 13, 'Thyrox', '50'),
(3049, 1, 13, 'Thyrox', '100'),
(3050, 1, 13, 'Tolter FC', '1'),
(3051, 1, 13, 'Tolter FC', '2'),
(3052, 1, 13, 'Topmate', '25'),
(3053, 1, 13, 'Topmate', '50'),
(3054, 1, 13, 'Totifen', '1'),
(3055, 3, 13, 'Totifen', ''),
(3056, 1, 13, 'Tovastine-10', ''),
(3057, 1, 13, 'Trucef', '100'),
(3058, 1, 13, 'Trucef', '200'),
(3059, 3, 13, 'Trucef DS', ''),
(3060, 7, 13, 'Trucef', ''),
(3061, 9, 13, 'Trucef', ''),
(3062, 3, 13, 'Trulax', ''),
(3063, 1, 13, 'Valzide 160+', '12.5'),
(3064, 1, 13, 'Valzide 80+', '12.5'),
(3065, 55, 13, 'Vaxem Agrippal', ''),
(3066, 55, 13, 'Vaxem HIB', ''),
(3067, 2, 13, 'Xamic', '500'),
(3068, 4, 13, 'Xamic', '500'),
(3069, 9, 13, 'Xanita', ''),
(3070, 1, 13, 'Xanita FC', '500'),
(3071, 1, 13, 'Xcitin', '4'),
(3072, 1, 13, 'Xenapro', '250'),
(3073, 1, 13, 'Xenapro', '500'),
(3074, 1, 13, 'Zithrin', '250'),
(3075, 1, 13, 'Zithrin', '500'),
(3076, 2, 13, 'Zithrin', '250'),
(3077, 3, 13, 'Zithrin', ''),
(3078, 9, 13, 'Zithrin', ''),
(3079, 4, 13, 'Zithrin', ''),
(3080, 1, 13, 'Zostin', '10'),
(3081, 5, 2, 'Ace', '60'),
(3082, 5, 2, 'Ace', '125'),
(3083, 5, 2, 'Ace', '250'),
(3084, 5, 2, 'Ace', '500'),
(3085, 7, 2, 'Ace', ''),
(3086, 1, 2, 'Ace Plus', ''),
(3087, 1, 2, 'Ace', ''),
(3088, 3, 2, 'Ace', ''),
(3089, 1, 2, 'Ace XR', ''),
(3090, 1, 2, 'Acetram', ''),
(3091, 3, 2, 'Adryl', ''),
(3092, 8, 2, 'Afun', ''),
(3093, 7, 2, 'Alacot', ''),
(3094, 7, 2, 'Aladril', ''),
(3095, 3, 2, 'Aladril', ''),
(3096, 1, 2, 'Aladril', ''),
(3097, 7, 2, 'Alatrol', ''),
(3098, 3, 2, 'Alatrol', ''),
(3099, 1, 2, 'Alatrol', ''),
(3100, 1, 2, 'Almex', '400'),
(3101, 5, 2, 'Almex', ''),
(3102, 2, 2, 'Ambrox', '75SR'),
(3103, 7, 2, 'Ambrox', ''),
(3104, 3, 2, 'Ambrox', ''),
(3105, 1, 2, 'Amlosart', '5/20'),
(3106, 1, 2, 'Amodis', '400'),
(3107, 1, 2, 'Amodis', '500'),
(3108, 4, 2, 'Amodis', ''),
(3109, 5, 2, 'Amodis', ''),
(3110, 4, 2, 'Anadol', '100'),
(3111, 2, 2, 'Anadol', '100SR'),
(3112, 5, 2, 'Anadol', '100'),
(3113, 2, 2, 'Anadol', '50'),
(3114, 1, 2, 'Anclog', '75'),
(3115, 1, 2, 'Anclog Plus', ''),
(3116, 4, 2, 'Anespine', ''),
(3117, 1, 2, 'Angilock', '25'),
(3118, 1, 2, 'Angilock', '50'),
(3119, 1, 2, 'Angilock', '100'),
(3120, 1, 2, 'Angilock Plus', '100/12.5'),
(3121, 1, 2, 'Angilock Plus', '100/25'),
(3122, 1, 2, 'Angilock Plus', '50/12.5'),
(3123, 1, 2, 'Angivent MR', ''),
(3124, 1, 2, 'Anleptic', '200'),
(3125, 1, 2, 'Anleptic CR', '200'),
(3126, 5, 2, 'Anleptic', ''),
(3127, 1, 2, 'Anoxa', ''),
(3128, 1, 2, 'Anril', '0.5'),
(3129, 4, 2, 'Anril', ''),
(3130, 14, 2, 'Anril', ''),
(3131, 1, 2, 'Anril', ''),
(3132, 4, 2, 'Ansulin 30/70', '100'),
(3133, 4, 2, 'Ansulin 30/70', '40'),
(3134, 4, 2, 'Ansulin 50/50', '100'),
(3135, 4, 2, 'Ansulin R', '40'),
(3136, 4, 2, 'Ansulin N', '100'),
(3137, 4, 2, 'Ansulin N', '40'),
(3138, 7, 2, 'Antazol', '0.0005'),
(3139, 7, 2, 'Antazol', '0.001'),
(3140, 7, 2, 'Antazol Plus', ''),
(3141, 3, 2, 'Antista', ''),
(3142, 1, 2, 'Antiva', ''),
(3143, 1, 2, 'Anzitor', '10'),
(3144, 1, 2, 'Anzitor', '20'),
(3145, 1, 2, 'Anzitor', '40'),
(3146, 22, 2, 'Apsol', ''),
(3147, 2, 2, 'Aviflu', ''),
(3148, 3, 2, 'B-50 Forte', ''),
(3149, 2, 2, 'B-50 Forte', ''),
(3150, 1, 2, 'B-50 Forte', ''),
(3151, 4, 2, 'B-50 Forte', ''),
(3152, 29, 2, 'Bactrocin', ''),
(3153, 1, 2, 'Barif', '40'),
(3154, 1, 2, 'Barif', '80'),
(3155, 10, 2, 'Beclomin', '50'),
(3156, 10, 2, 'Beclomin', '250'),
(3157, 10, 2, 'Beclomin', '100'),
(3158, 14, 2, 'Beco Spray', ''),
(3159, 4, 2, 'Benzapen', ''),
(3160, 1, 2, 'Beovit', ''),
(3161, 8, 2, 'Betameson-N', ''),
(3162, 3, 2, 'Bicozin', ''),
(3163, 1, 2, 'Bicozin', ''),
(3164, 3, 2, 'Bicozin-I', ''),
(3165, 1, 2, 'Bisocor', '2.5'),
(3166, 1, 2, 'Bisocor', '5'),
(3167, 1, 2, 'Bisocor', '10'),
(3168, 1, 2, 'Bisocor Plus', '2.5/6.25'),
(3169, 1, 2, 'Bisocor Plus', '5/6.25'),
(3170, 3, 2, 'Brofex', ''),
(3171, 1, 2, 'Bromolac', ''),
(3172, 2, 2, 'Bufocort', '100'),
(3173, 2, 2, 'Bufocort', '200'),
(3174, 2, 2, 'Bufocort', '400'),
(3175, 8, 2, 'Burna', ''),
(3176, 8, 2, 'Butafin', ''),
(3177, 1, 2, 'Cadnyl', '4'),
(3178, 1, 2, 'Calbo', '500'),
(3179, 1, 2, 'Calbo JR', ''),
(3180, 1, 2, 'Calbo-C', ''),
(3181, 1, 2, 'Calbo-D', ''),
(3182, 1, 2, 'Calboplex', ''),
(3183, 1, 2, 'Camlodin', '5'),
(3184, 1, 2, 'Camlodin', '10'),
(3185, 1, 2, 'Camlodin Plus', ''),
(3186, 1, 2, 'Camlodin Plus', '25'),
(3187, 2, 2, 'Camlopril', '5/10'),
(3188, 2, 2, 'Camlopril', '5/20'),
(3189, 1, 2, 'Camlotor', '5/10'),
(3190, 1, 2, 'Camoval', '5/160'),
(3191, 1, 2, 'Camoval', '5/80'),
(3192, 5, 2, 'Candex', ''),
(3193, 8, 2, 'Capsi', ''),
(3194, 1, 2, 'Carbizol', ''),
(3195, 1, 2, 'Cardipro', '100'),
(3196, 1, 2, 'Cardipro', '50'),
(3197, 1, 2, 'Cardipro Plus', '50'),
(3198, 1, 2, 'Carva', '75'),
(3199, 1, 2, 'Cavir', '0.5'),
(3200, 1, 2, 'Cavir', '1'),
(3201, 1, 2, 'Ceevit', '250'),
(3202, 1, 2, 'Ceevit Forte', ''),
(3203, 2, 2, 'Cef-3', ''),
(3204, 1, 2, 'Cef-3 DS', ''),
(3205, 2, 2, 'Cef-3 DS', ''),
(3206, 1, 2, 'Cef-3 Forte', ''),
(3207, 9, 2, 'Cef-3', ''),
(3208, 4, 2, 'Cefotil', '1.5'),
(3209, 1, 2, 'Cefotil', '250'),
(3210, 1, 2, 'Cefotil', '125'),
(3211, 1, 2, 'Cefotil', '500'),
(3212, 4, 2, 'Cefotil', '750'),
(3213, 15, 2, 'Cefotil', ''),
(3214, 4, 2, 'Ceftron', '1000'),
(3215, 4, 2, 'Ceftron', '250'),
(3216, 4, 2, 'Ceftron', '500'),
(3217, 4, 2, 'Ceftron', '2000'),
(3218, 1, 2, 'Ceporin', ''),
(3219, 15, 2, 'Ceporin', ''),
(3220, 1, 2, 'Cerevas', ''),
(3221, 1, 2, 'Cholinor', ''),
(3222, 1, 2, 'Cilosta', ''),
(3223, 1, 2, 'Cinaron', ''),
(3224, 1, 2, 'Cinaron Plus', ''),
(3225, 4, 2, 'Ciprocin', '200'),
(3226, 1, 2, 'Ciprocin', '250'),
(3227, 1, 2, 'Ciprocin', '500'),
(3228, 1, 2, 'Ciprocin', '750'),
(3229, 7, 2, 'Ciprocin', ''),
(3230, 15, 2, 'Ciprocin', ''),
(3231, 1, 2, 'Ciprocin XR', '1000'),
(3232, 2, 2, 'Climycin', '150'),
(3233, 2, 2, 'Climycin', '300'),
(3234, 16, 2, 'Clinface', ''),
(3235, 1, 2, 'Clobam', ''),
(3236, 5, 2, 'Clofenac', '100'),
(3237, 2, 2, 'Clofenac', '100'),
(3238, 5, 2, 'Clofenac', '12.5'),
(3239, 5, 2, 'Clofenac', '25'),
(3240, 1, 2, 'Clofenac', '25'),
(3241, 5, 2, 'Clofenac', '50'),
(3242, 1, 2, 'Clofenac', ''),
(3243, 16, 2, 'Clofenac', ''),
(3244, 4, 2, 'Clofenac', ''),
(3245, 4, 2, 'Clofenac Plus', ''),
(3246, 1, 2, 'Clofenac SR', ''),
(3247, 4, 2, 'Clotinex', '40'),
(3248, 4, 2, 'Clotinex', '60'),
(3249, 4, 2, 'Colicon', ''),
(3250, 3, 2, 'Colicon', ''),
(3251, 1, 2, 'Colicon', ''),
(3252, 1, 2, 'Comet', '500'),
(3253, 1, 2, 'Comet', '750'),
(3254, 1, 2, 'Comet', '850'),
(3255, 1, 2, 'Comet', '1000'),
(3256, 1, 2, 'Comet XR', '1000'),
(3257, 1, 2, 'Comet XR', '500'),
(3258, 1, 2, 'Comprid', ''),
(3259, 1, 2, 'Comprid XR', ''),
(3260, 1, 2, 'Contifil SR', '300'),
(3261, 1, 2, 'Contifil SR', '400'),
(3262, 1, 2, 'Contilex', ''),
(3263, 1, 2, 'Contrim DS', ''),
(3264, 1, 2, 'Contrim  ', ''),
(3265, 5, 2, 'Contrim', ''),
(3266, 4, 2, 'Defiron', ''),
(3267, 2, 2, 'Delipid', ''),
(3268, 1, 2, 'Depram', ''),
(3269, 1, 2, 'Deprex', '5'),
(3270, 1, 2, 'Deprex', '10'),
(3271, 29, 2, 'D-rash', ''),
(3272, 29, 2, 'Dermasol', ''),
(3273, 8, 2, 'Dermasol', ''),
(3274, 29, 2, 'Dermasol-N', ''),
(3275, 8, 2, 'Dermasol-N', ''),
(3276, 54, 2, 'Dermasol-S', ''),
(3277, 1, 2, 'Dexonex', ''),
(3278, 7, 2, 'Dexonex-C', ''),
(3279, 1, 2, 'Dibenol', ''),
(3280, 2, 2, 'Diliner', '30'),
(3281, 2, 2, 'Diliner', '60'),
(3282, 1, 2, 'Diltizem', '90'),
(3283, 8, 2, 'Diprobet', ''),
(3284, 29, 2, 'Diprobet', ''),
(3285, 2, 2, 'Doxacil', ''),
(3286, 2, 2, 'Durol', '10'),
(3287, 2, 2, 'Durol', '20'),
(3288, 1, 2, 'Durol', '12.5'),
(3289, 1, 2, 'Durol', '6.25'),
(3290, 8, 2, 'Divon', ''),
(3291, 29, 2, 'Divon', ''),
(3292, 29, 2, 'Divon Plus', ''),
(3293, 8, 2, 'Eczena', ''),
(3294, 29, 2, 'Eczena', ''),
(3295, 1, 2, 'Efigrel', '5'),
(3296, 1, 2, 'Efigrel', '10'),
(3297, 1, 2, 'Elzer', ''),
(3298, 1, 2, 'Emcil', ''),
(3299, 5, 2, 'Entacyd', ''),
(3300, 1, 2, 'Entacyd', ''),
(3301, 5, 2, 'Entacyd Plus', ''),
(3302, 1, 2, 'Entacyd Plus', ''),
(3303, 1, 2, 'Epinal', '30'),
(3304, 1, 2, 'Epinal', '60'),
(3305, 4, 2, 'Epinal', ''),
(3306, 1, 2, 'Epitra', '0.5'),
(3307, 1, 2, 'Epitra', '2'),
(3308, 7, 2, 'Epitra', ''),
(3309, 8, 2, 'Ecura', ''),
(3310, 8, 2, 'Erian', ''),
(3311, 29, 2, 'Erian', ''),
(3312, 1, 2, 'Ermox', '100'),
(3313, 5, 2, 'Ermox', ''),
(3314, 1, 2, 'Eromycin', '250'),
(3315, 1, 2, 'Eromycin-DS', ''),
(3316, 33, 2, 'Eromycin', ''),
(3317, 7, 2, 'Eromycin', ''),
(3318, 3, 2, 'Eromycin', ''),
(3319, 1, 2, 'Esloric', '300'),
(3320, 1, 2, 'Esloric', '100'),
(3321, 2, 2, 'Esmo LA', ''),
(3322, 1, 2, 'Esmo  ', ''),
(3323, 1, 2, 'Espa', ''),
(3324, 4, 2, 'Espa', ''),
(3325, 1, 2, 'Evit', '200'),
(3326, 2, 2, 'Eyevi', ''),
(3327, 29, 2, 'Ezex', ''),
(3328, 8, 2, 'Ezex', ''),
(3329, 1, 2, 'Facticin', ''),
(3330, 1, 2, 'Famotack', '20'),
(3331, 1, 2, 'Famotack', '40'),
(3332, 1, 2, 'Femastin', ''),
(3333, 2, 2, 'Fe-Plus', ''),
(3334, 1, 2, 'Fexo', '60'),
(3335, 1, 2, 'Fexo', '180'),
(3336, 1, 2, 'Fexo', '120'),
(3337, 1, 2, 'Fexo Plus', ''),
(3338, 5, 2, 'Fexo', ''),
(3339, 1, 2, 'FilFresh', ''),
(3340, 7, 2, 'Flacol', ''),
(3341, 1, 2, 'Flexi', ''),
(3342, 1, 2, 'Flexilax', '5'),
(3343, 1, 2, 'Flexilax', '10'),
(3344, 14, 2, 'Flonaspray', ''),
(3345, 2, 2, 'Flugal', '50'),
(3346, 2, 2, 'Flugal', '150'),
(3347, 2, 2, 'Flugal', '200'),
(3348, 5, 2, 'Flugal', ''),
(3349, 1, 2, 'Flurizen', '5'),
(3350, 1, 2, 'Flurizen', '10'),
(3351, 8, 2, 'Fona', ''),
(3352, 16, 2, 'Fona', ''),
(3353, 8, 2, 'Fona Plus', ''),
(3354, 4, 2, 'Force', '1000'),
(3355, 2, 2, 'Frabex', '500'),
(3356, 2, 2, 'Frabex', '500'),
(3357, 1, 2, 'Fungidal', ''),
(3358, 8, 2, 'Fungidal', ''),
(3359, 8, 2, 'Fungidal-HC', ''),
(3360, 1, 2, 'Fusid', '40'),
(3361, 4, 2, 'Fusid', ''),
(3362, 1, 2, 'Fusid Plus', '40'),
(3363, 1, 2, 'Fusid Plus', '');
INSERT INTO `drug` (`drugID`, `typeID`, `companyID`, `drugName`, `strength`) VALUES
(3364, 1, 2, 'Gabastar', '100'),
(3365, 1, 2, 'Gabastar', '500'),
(3366, 1, 2, 'Gabastar', '600'),
(3367, 3, 2, 'Gabastar', ''),
(3368, 16, 2, 'Gelora', ''),
(3369, 4, 2, 'Genacyn', '20'),
(3370, 4, 2, 'Genacyn', '80'),
(3371, 7, 2, 'Genacyn', ''),
(3372, 29, 2, 'Genacyn', ''),
(3373, 4, 2, 'Genisia', ''),
(3374, 37, 2, 'Germisol', ''),
(3375, 1, 2, 'Geston', ''),
(3376, 1, 2, 'Glyros', '2'),
(3377, 5, 2, 'Gynepro', ''),
(3378, 8, 2, 'Halobet', ''),
(3379, 29, 2, 'Halobet', ''),
(3380, 1, 2, 'Hemorif', ''),
(3381, 1, 2, 'Hepavir', '100'),
(3382, 2, 2, 'Emotil', ''),
(3383, 1, 2, 'Inflagic', '5'),
(3384, 1, 2, 'Inflagic', '20'),
(3385, 10, 2, 'Imprex', ''),
(3386, 19, 2, 'Imprex', ''),
(3387, 25, 2, 'Imprex', ''),
(3388, 1, 2, 'Isovent', '100'),
(3389, 1, 2, 'Isovent', '200'),
(3390, 1, 2, 'Isovent', '600'),
(3391, 2, 2, 'Itra', ''),
(3392, 1, 2, 'Ivanor', '5'),
(3393, 1, 2, 'Ivanor', '7.5'),
(3394, 7, 2, 'Iventy', ''),
(3395, 11, 2, 'Iventy', '400'),
(3396, 1, 2, 'Kalinac', '50'),
(3397, 1, 2, 'Ketoral', ''),
(3398, 1, 2, 'Kitex', ''),
(3399, 4, 2, 'K-One MM', ''),
(3400, 2, 2, 'Kop', '100'),
(3401, 2, 2, 'Kop', '200'),
(3402, 1, 2, 'Kop', '50'),
(3403, 16, 2, 'Kop', ''),
(3404, 4, 2, 'Kop', ''),
(3405, 1, 2, 'Laciten', '2'),
(3406, 1, 2, 'Laciten', '4'),
(3407, 2, 2, 'Lanso', '15'),
(3408, 2, 2, 'Lanso', '30'),
(3409, 1, 2, 'Laxyl', ''),
(3410, 4, 2, 'Lebac', '1000'),
(3411, 2, 2, 'Lebac', '250'),
(3412, 2, 2, 'Lebac', '500'),
(3413, 4, 2, 'Lebac', '500'),
(3414, 7, 2, 'Lebac ', ''),
(3415, 15, 2, 'Lebac ', ''),
(3416, 15, 2, 'Lebac Forte', ''),
(3417, 1, 2, 'Lerozol', ''),
(3418, 19, 2, 'Levocar', ''),
(3419, 1, 2, 'Levocar', ''),
(3420, 1, 2, 'Levostar', '1'),
(3421, 1, 2, 'Levostar', '2'),
(3422, 10, 2, 'Levostar', ''),
(3423, 3, 2, 'Levostar', ''),
(3424, 1, 2, 'Lipired', '160'),
(3425, 1, 2, 'Lipired', '200'),
(3426, 3, 2, 'Livwel', ''),
(3427, 7, 2, 'Locular', ''),
(3428, 2, 2, 'Lorasef', '500'),
(3429, 7, 2, 'Lorasef', ''),
(3430, 15, 2, 'Lorasef', ''),
(3431, 1, 2, 'Loratin Fast', ''),
(3432, 1, 2, 'Loratin Plus', ''),
(3433, 1, 2, 'Loratin', ''),
(3434, 5, 2, 'Loratin', ''),
(3435, 7, 2, 'Lubtear', ''),
(3436, 1, 2, 'Lumertam', ''),
(3437, 1, 2, 'Maganta Plus', ''),
(3438, 5, 2, 'Maganta Plus', ''),
(3439, 1, 2, 'Malacide', ''),
(3440, 4, 2, 'Maxcef', '1000'),
(3441, 4, 2, 'Maxcef', '500'),
(3442, 4, 2, 'Maxcef', '250'),
(3443, 4, 2, 'Maxpine', '1000'),
(3444, 4, 2, 'Maxpine', '2000'),
(3445, 4, 2, 'Maxpine', '500'),
(3446, 2, 2, 'Maxrin', ''),
(3447, 1, 2, 'Melcam', '7.5'),
(3448, 1, 2, 'Melcam', '15'),
(3449, 1, 2, 'Melixol', ''),
(3450, 1, 2, 'Menoral', ''),
(3451, 1, 2, 'Merison', ''),
(3452, 14, 2, 'Metaspray', ''),
(3453, 4, 2, 'Methicol', ''),
(3454, 1, 2, 'Methicol', ''),
(3455, 1, 2, 'Mevin', ''),
(3456, 1, 2, 'Mexlo', '400'),
(3457, 7, 2, 'Mexlo', ''),
(3458, 1, 2, 'Miclofenac', '50'),
(3459, 1, 2, 'Miclofenac', '75'),
(3460, 1, 2, 'Migranil', '0.5'),
(3461, 1, 2, 'Migranil', '1.5'),
(3462, 1, 2, 'Mirakof', ''),
(3463, 1, 2, 'Montene Chewable', '4'),
(3464, 1, 2, 'Montene Chewable', '5'),
(3465, 1, 2, 'Montene', '10'),
(3466, 1, 2, 'Monty Fast', ''),
(3467, 7, 2, 'Matigut', ''),
(3468, 5, 2, 'Matigut', ''),
(3469, 1, 2, 'Matigut', ''),
(3470, 2, 2, 'Moxacil', '250'),
(3471, 2, 2, 'Moxacil', '500'),
(3472, 1, 2, 'Moxacil', '250'),
(3473, 1, 2, 'Moxacil', '875'),
(3474, 4, 2, 'Moxacil', '500'),
(3475, 5, 2, 'Moxacil ', ''),
(3476, 15, 2, 'Moxacil ', ''),
(3477, 15, 2, 'Moxacil Forte', ''),
(3478, 4, 2, 'Moxaclav', '0.6'),
(3479, 4, 2, 'Moxaclav', '1.2'),
(3480, 1, 2, 'Moxaclav', '1000'),
(3481, 1, 2, 'Moxaclav', '375'),
(3482, 1, 2, 'Moxaclav', '625'),
(3483, 15, 2, 'Moxaclav', ''),
(3484, 15, 2, 'Moxaclav Forte', ''),
(3485, 3, 2, 'Mucospell', ''),
(3486, 1, 2, 'Mucospell', ''),
(3487, 1, 2, 'Multivit Plus', ''),
(3488, 1, 2, 'Myonil', ''),
(3489, 7, 2, 'Nacromin', ''),
(3490, 15, 2, 'Nalid', ''),
(3491, 1, 2, 'Nalid', ''),
(3492, 1, 2, 'Naurif', ''),
(3493, 4, 2, 'Naurif', ''),
(3494, 29, 2, 'Nebanol', ''),
(3495, 29, 2, 'Nebanol Plus', ''),
(3496, 1, 2, 'Neotack', '150'),
(3497, 1, 2, 'Neotack', '300'),
(3498, 4, 2, 'Neotack IV', ''),
(3499, 3, 2, 'Neotack', ''),
(3500, 8, 2, 'Nepranol', ''),
(3501, 4, 2, 'Neuro-B', ''),
(3502, 1, 2, 'Neuro-B', ''),
(3503, 1, 2, 'Neurolep', ''),
(3504, 19, 2, 'Neurolep', ''),
(3505, 3, 2, 'Neurolin', '50'),
(3506, 3, 2, 'Neurolin', '75'),
(3507, 3, 2, 'Neurolin', '150'),
(3508, 1, 2, 'Nexum', '20'),
(3509, 1, 2, 'Nexum', '40'),
(3510, 2, 2, 'Nexum', '20'),
(3511, 2, 2, 'Nexum', '40'),
(3512, 4, 2, 'Nexum', '40'),
(3513, 1, 2, 'Nidipine SP', ''),
(3514, 2, 2, 'Nidipro', ''),
(3515, 16, 2, 'Nilac', ''),
(3516, 1, 2, 'Nimocal', ''),
(3517, 1, 2, 'Nixalo', '0.5'),
(3518, 1, 2, 'Nixalo', '0.25'),
(3519, 7, 2, 'Nokon', '0.00025'),
(3520, 7, 2, 'Nokon', '0.0005'),
(3521, 1, 2, 'Nomi', '2.5'),
(3522, 1, 2, 'Norpil', ''),
(3523, 10, 2, 'Norvent', ''),
(3524, 4, 2, 'Norvis', ''),
(3525, 1, 2, 'Norvis', ''),
(3526, 7, 2, 'Ocufen', ''),
(3527, 3, 2, 'Ofkof', ''),
(3528, 1, 2, 'Ofran', '8'),
(3529, 4, 2, 'Ofran', ''),
(3530, 19, 2, 'Ofran', ''),
(3531, 1, 2, 'Olmecar', '20'),
(3532, 1, 2, 'Olmecar', '40'),
(3533, 1, 2, 'Olmecar Plus', '20/12.5'),
(3534, 8, 2, 'Oni', ''),
(3535, 16, 2, 'Orogel', ''),
(3536, 19, 2, 'Osmolax', ''),
(3537, 1, 2, 'Ostel', '10'),
(3538, 1, 2, 'Ostel', '70'),
(3539, 1, 2, 'Ostel D', '10/400'),
(3540, 1, 2, 'Ostel D', '70/2800'),
(3541, 1, 2, 'Oxapro', '5'),
(3542, 1, 2, 'Oxapro', '10'),
(3543, 1, 2, 'Oxifyl CR', ''),
(3544, 1, 2, 'Oxat', '20'),
(3545, 8, 2, 'Oxifun', ''),
(3546, 1, 2, 'Panodin SR', ''),
(3547, 8, 2, 'Penrif', '15'),
(3548, 8, 2, 'Penrif', '30'),
(3549, 1, 2, 'Pentadol', '50'),
(3550, 1, 2, 'Pentadol', '75'),
(3551, 1, 2, 'Penvik', ''),
(3552, 15, 2, 'Penvik', ''),
(3553, 1, 2, 'Penvik DS', ''),
(3554, 15, 2, 'Penvik Forte', ''),
(3555, 4, 2, 'Perkinil', ''),
(3556, 1, 2, 'Perkinil', ''),
(3557, 1, 2, 'Perkirol', '0.25'),
(3558, 1, 2, 'Perkirol', '2'),
(3559, 1, 2, 'Puritar', '1'),
(3560, 1, 2, 'Puritar', '3'),
(3561, 8, 2, 'Pevitin', ''),
(3562, 2, 2, 'Phylopen', ''),
(3563, 4, 2, 'Phylopen', '500'),
(3564, 15, 2, 'Phylopen', ''),
(3565, 2, 2, 'Phylopen DS', ''),
(3566, 15, 2, 'Phylopen Forte', ''),
(3567, 1, 2, 'Pyramed', '25'),
(3568, 1, 2, 'Pyramed', '200'),
(3569, 2, 2, 'Prolert', ''),
(3570, 1, 2, 'Promtil', ''),
(3571, 4, 2, 'Promtil', ''),
(3572, 1, 2, 'Pronor', ''),
(3573, 1, 2, 'Proxivir', ''),
(3574, 3, 2, 'Purotrol', ''),
(3575, 1, 2, 'Purotrol', ''),
(3576, 1, 2, 'Rebeca', '20'),
(3577, 4, 2, 'Radirif', ''),
(3578, 29, 2, 'Rectocare', ''),
(3579, 1, 2, 'Remac', ''),
(3580, 29, 2, 'Remus', '0.0003'),
(3581, 29, 2, 'Remus', '0.001'),
(3582, 1, 2, 'Renorma', ''),
(3583, 1, 2, 'Repres SR', '1.5'),
(3584, 1, 2, 'Repres Plus', '2'),
(3585, 1, 2, 'Repres Plus', '4'),
(3586, 1, 2, 'Revira', '1000'),
(3587, 1, 2, 'Revira', '500'),
(3588, 1, 2, 'Rezulin', '15/500'),
(3589, 1, 2, 'Rezulin', '15/850'),
(3590, 51, 2, 'Rice ORS', '250'),
(3591, 51, 2, 'Rice ORS', '500'),
(3592, 1, 2, 'Ripril', '1.25'),
(3593, 1, 2, 'Ripril', '2.5'),
(3594, 1, 2, 'Ripril', '5'),
(3595, 1, 2, 'Ripril Plus', '2.5/12.5'),
(3596, 1, 2, 'Ripril Plus', '5.0/25.0'),
(3597, 1, 2, 'Risedon', '150'),
(3598, 1, 2, 'Robic', ''),
(3599, 1, 2, 'Rosuva', '5'),
(3600, 1, 2, 'Rosuva', '10'),
(3601, 1, 2, 'Rosuva', '20'),
(3602, 1, 2, 'Rutix', '200'),
(3603, 1, 2, 'Rutix', '400'),
(3604, 1, 2, 'Saga', '200'),
(3605, 10, 2, 'Salmate', ''),
(3606, 1, 2, 'Sanit', ''),
(3607, 8, 2, 'Scabex', '0.05'),
(3608, 2, 2, 'Seclo', '20'),
(3609, 2, 2, 'Seclo', '40'),
(3610, 4, 2, 'Seclo', '40'),
(3611, 1, 2, 'Seclo DR', '20'),
(3612, 1, 2, 'Secnid DS', ''),
(3613, 1, 2, 'Secrin', '1'),
(3614, 1, 2, 'Secrin', '2'),
(3615, 1, 2, 'Secrin', '3'),
(3616, 1, 2, 'Secrin', '4'),
(3617, 1, 2, 'Sedil', ''),
(3618, 4, 2, 'Sedil', ''),
(3619, 1, 2, 'Sedno', '5'),
(3620, 3, 2, 'Sedno', ''),
(3621, 1, 2, 'Sensimet', '1'),
(3622, 1, 2, 'Sensimet', '2'),
(3623, 1, 2, 'Sensimet', '4'),
(3624, 2, 2, 'Servin', ''),
(3625, 1, 2, 'Siglimet', '50/1000'),
(3626, 1, 2, 'Siglimet', '50/500'),
(3627, 1, 2, 'Siglita', '50'),
(3628, 1, 2, 'Siglita', '100'),
(3629, 1, 2, 'Simacor', '10'),
(3630, 14, 2, 'Snizex', ''),
(3631, 7, 2, 'Solo', ''),
(3632, 1, 2, 'Sonap', '250'),
(3633, 1, 2, 'Sonap', '500'),
(3634, 5, 2, 'Sonap', '500'),
(3635, 16, 2, 'Sonap', ''),
(3636, 4, 2, 'Specbac', '1000'),
(3637, 4, 2, 'Specbac', '500'),
(3638, 7, 2, 'Sq-Mycetin', ''),
(3639, 1, 2, 'Squarezinc', ''),
(3640, 2, 2, 'Swev', '10'),
(3641, 10, 2, 'Sulprex', ''),
(3642, 25, 2, 'Sulprex', ''),
(3643, 1, 2, 'Sultolin', '4'),
(3644, 2, 2, 'Sultolin', ''),
(3645, 10, 2, 'Sultolin', ''),
(3646, 48, 2, 'Sultolin', ''),
(3647, 25, 2, 'Sultolin', ''),
(3648, 1, 2, 'Sultolin SR', ''),
(3649, 3, 2, 'Sultolin', ''),
(3650, 4, 2, 'Tazid', '1000'),
(3651, 4, 2, 'Tazid', '500'),
(3652, 4, 2, 'Tazid', '250'),
(3653, 1, 2, 'Tebust', ''),
(3654, 1, 2, 'Tesod', ''),
(3655, 2, 2, 'Tetrax', '500'),
(3656, 1, 2, 'Thyrin', ''),
(3657, 2, 2, 'Ticamet', '100'),
(3658, 2, 2, 'Ticamet', '250'),
(3659, 10, 2, 'Ticamet', '125'),
(3660, 10, 2, 'Ticamet', '50'),
(3661, 10, 2, 'Ticamet', '250'),
(3662, 8, 2, 'Ticas', '0.0005'),
(3663, 29, 2, 'Ticas', '0.005%'),
(3664, 1, 2, 'Timotor', '100'),
(3665, 8, 2, 'Togent', ''),
(3666, 8, 2, 'Topicort', ''),
(3667, 1, 2, 'Torax', '10'),
(3668, 4, 2, 'Torax', '10'),
(3669, 4, 2, 'Torax', '30'),
(3670, 4, 2, 'Torax', '60'),
(3671, 1, 2, 'Tory', '60'),
(3672, 1, 2, 'Tory', '90'),
(3673, 1, 2, 'Tory', '120'),
(3674, 1, 2, 'Tos', '15'),
(3675, 1, 2, 'Tos', '30'),
(3676, 1, 2, 'Tosirin', '30/2'),
(3677, 1, 2, 'Tosirin', '30/4'),
(3678, 1, 2, 'Trevox', '500'),
(3679, 1, 2, 'Trevox', '750'),
(3680, 4, 2, 'Trevox', '500'),
(3681, 19, 2, 'Trevox', ''),
(3682, 14, 2, 'Trispray', ''),
(3683, 1, 2, 'Trupan', '20'),
(3684, 1, 2, 'Trupan', '40'),
(3685, 4, 2, 'Trupan', '40'),
(3686, 1, 2, 'Triptin', '10'),
(3687, 1, 2, 'Triptin', '25'),
(3688, 3, 2, 'Tusca', ''),
(3689, 1, 2, 'Ucol', '2'),
(3690, 1, 2, 'Uriten', ''),
(3691, 1, 2, 'Valoate CR', '200'),
(3692, 1, 2, 'Valoate CR', '300'),
(3693, 1, 2, 'Valoate CR', '500'),
(3694, 3, 2, 'Valoate', ''),
(3695, 2, 2, 'Vanprox', '100'),
(3696, 2, 2, 'Vanprox', '200'),
(3697, 7, 2, 'Vanprox', ''),
(3698, 15, 2, 'Vanprox', ''),
(3699, 15, 2, 'Vanprox Forte', ''),
(3700, 1, 2, 'Vasopril', '5'),
(3701, 1, 2, 'Vasopril', '10'),
(3702, 4, 2, 'Versia', ''),
(3703, 1, 2, 'Vertina', ''),
(3704, 19, 2, 'Viodin', ''),
(3705, 29, 2, 'Viodin', ''),
(3706, 41, 2, 'Viodin', ''),
(3707, 1, 2, 'Virux', '200'),
(3708, 1, 2, 'Virux', '400'),
(3709, 8, 2, 'Virux', ''),
(3710, 9, 2, 'Virux', ''),
(3711, 1, 2, 'Xcid', ''),
(3712, 8, 2, 'Xfin', ''),
(3713, 1, 2, 'Xflam', '300'),
(3714, 1, 2, 'Xflam', '400'),
(3715, 1, 2, 'Xripa', ''),
(3716, 1, 2, 'Xten', ''),
(3717, 3, 2, 'Zesup', ''),
(3718, 3, 2, 'Zesup Forte', ''),
(3719, 2, 2, 'Zif', ''),
(3720, 2, 2, 'Zif Forte', ''),
(3721, 2, 2, 'Zif-CL', ''),
(3722, 1, 2, 'Zifolet', ''),
(3723, 1, 2, 'Ziliron', ''),
(3724, 2, 2, 'Ziliron', ''),
(3725, 2, 2, 'Zimax', '250'),
(3726, 4, 2, 'Zimax', '500'),
(3727, 1, 2, 'Zimax', '500'),
(3728, 7, 2, 'Zimax', ''),
(3729, 15, 2, 'Zimax', ''),
(3730, 1, 2, 'Zox', ''),
(3731, 5, 2, 'Zox', ''),
(3732, 7, 3, 'Moxquin', ''),
(3733, 7, 3, 'Mirolast', ''),
(3734, 7, 3, 'Nispore', ''),
(3735, 7, 3, 'Timopress', '0.5'),
(3736, 7, 3, 'Travast', ''),
(3737, 7, 3, 'Travast Plus', ''),
(3738, 7, 3, 'Xibrofen', ''),
(3739, 1, 3, 'Idatix', '1.5'),
(3740, 1, 3, 'Arofil', '300'),
(3741, 1, 3, 'Arofil', '400'),
(3742, 1, 3, 'Trocer', '2.6'),
(3743, 1, 3, 'Ralozine', '500'),
(3744, 1, 3, 'Arofil', '300'),
(3745, 1, 3, 'Arofil', '400'),
(3746, 15, 3, 'Aqualax', ''),
(3747, 48, 3, 'Windel', ''),
(3748, 1, 3, 'Ralozine', '500'),
(3749, 1, 18, 'Alba', ''),
(3750, 1, 18, 'Alkafen', ''),
(3751, 1, 18, 'Anamet', '400'),
(3752, 5, 18, 'Anamet', ''),
(3753, 1, 18, 'Arolax', '1'),
(3754, 1, 18, 'Arolax', '2'),
(3755, 3, 18, 'Arolax', ''),
(3756, 1, 18, 'Arokast', '4'),
(3757, 1, 18, 'Arokast', '5'),
(3758, 1, 18, 'Arokast', '10'),
(3759, 1, 18, 'Asural', '5'),
(3760, 1, 18, 'Asural', '10'),
(3761, 1, 18, 'Azirox', '500'),
(3762, 3, 18, 'Azirox Dry', ''),
(3763, 3, 18, 'Brox', ''),
(3764, 1, 18, 'Catapres', '0.1'),
(3765, 1, 18, 'Chewce', ''),
(3766, 3, 18, 'Chewce', ''),
(3767, 1, 18, 'Ciafil', '5'),
(3768, 1, 18, 'Ciafil', '10'),
(3769, 1, 18, 'Ciafil', '20'),
(3770, 2, 18, 'Clincin', '150'),
(3771, 2, 18, 'Clincin', '300'),
(3772, 1, 18, 'CV nor', '5'),
(3773, 1, 18, 'CV nor', '10'),
(3774, 1, 18, 'CV nor', ''),
(3775, 1, 18, 'Clozam', ''),
(3776, 1, 18, 'Desatrol', ''),
(3777, 3, 18, 'Desatrol', ''),
(3778, 1, 18, 'Diatus', '15'),
(3779, 1, 18, 'Diatus', '30'),
(3780, 2, 18, 'Dinac-TR', ''),
(3781, 3, 18, 'Eryrox Dry', ''),
(3782, 1, 18, 'Enjofil', '25'),
(3783, 1, 18, 'Enjofil', '50'),
(3784, 1, 18, 'Enjofil', '100'),
(3785, 1, 18, 'Esona', '375/20'),
(3786, 1, 18, 'Esona', '500/20'),
(3787, 1, 18, 'Esotac', '20'),
(3788, 1, 18, 'Esotac', '40'),
(3789, 1, 18, 'Fea', ''),
(3790, 1, 18, 'Fea Plus', ''),
(3791, 1, 18, 'Fea Xr', ''),
(3792, 5, 18, 'Fea', ''),
(3793, 2, 18, 'Fef-TR', ''),
(3794, 1, 18, 'Floxacin', '250'),
(3795, 1, 18, 'Floxacin', '500'),
(3796, 2, 18, 'Flubiotic', '250'),
(3797, 2, 18, 'Flubiotic', '500'),
(3798, 3, 18, 'Flubiotic Dry', ''),
(3799, 1, 18, 'Gemelon', ''),
(3800, 1, 18, 'Gix', '80'),
(3801, 2, 18, 'Imigra', '5'),
(3802, 2, 18, 'Imigra', '10'),
(3803, 2, 18, 'Itracon', ''),
(3804, 1, 18, 'Ketonac', '50'),
(3805, 1, 18, 'Ketonac', '100'),
(3806, 19, 18, 'Laxol', ''),
(3807, 1, 18, 'Levoquin', '250'),
(3808, 1, 18, 'Levoquin', '500'),
(3809, 1, 18, 'Lipostat', '10'),
(3810, 1, 18, 'Lipostat', '20'),
(3811, 2, 18, 'Lucon', '50'),
(3812, 2, 18, 'Lucon', '150'),
(3813, 1, 18, 'Mec-P', ''),
(3814, 1, 18, 'Meltix', ''),
(3815, 1, 18, 'Miracal', '500'),
(3816, 1, 18, 'Miracal-D', ''),
(3817, 1, 18, 'Miracal-J', ''),
(3818, 1, 18, 'Miracal-M', ''),
(3819, 1, 18, 'Mylo', ''),
(3820, 1, 18, 'Myobac', '5'),
(3821, 1, 18, 'Myobac', '10'),
(3822, 1, 18, 'Naltrax', '50'),
(3823, 2, 18, 'Navaclox', ''),
(3824, 3, 18, 'Navaclox Dry', ''),
(3825, 2, 18, 'Navamox', '250'),
(3826, 2, 18, 'Navamox', '500'),
(3827, 3, 18, 'Navamox Dry', ''),
(3828, 1, 18, 'Navatrim DS', ''),
(3829, 5, 18, 'Navatrim', ''),
(3830, 1, 18, 'Naxo', '250'),
(3831, 1, 18, 'Naxo', '500'),
(3832, 1, 18, 'Nestor', '5'),
(3833, 1, 18, 'Nestor', '10'),
(3834, 1, 18, 'Normaten', ''),
(3835, 2, 18, 'Nortin', '25'),
(3836, 1, 18, 'Noxid', ''),
(3837, 1, 18, 'NV met', '500'),
(3838, 1, 18, 'NV met', '500 SR'),
(3839, 1, 18, 'NV met', '825'),
(3840, 1, 18, 'Odafen', '120'),
(3841, 1, 18, 'Odafen', '180'),
(3842, 5, 18, 'Odafen', ''),
(3843, 2, 18, 'Ometac', '20'),
(3844, 2, 18, 'Ometac', '40'),
(3845, 2, 18, 'Opidol', '50'),
(3846, 2, 18, 'Opidol', '100'),
(3847, 1, 18, 'Orazinc', '20'),
(3848, 3, 18, 'Orazinc', ''),
(3849, 3, 18, 'Orazinc-B', ''),
(3850, 1, 18, 'Orc', ''),
(3851, 1, 18, 'Paftrol', ''),
(3852, 1, 18, 'Pantac', '20'),
(3853, 1, 18, 'Pantac', '40'),
(3854, 1, 18, 'Pertilos Plus', ''),
(3855, 1, 18, 'Pertilos', '50'),
(3856, 1, 18, 'Pizofen', '0.5'),
(3857, 1, 18, 'Pizofen TS', ''),
(3858, 1, 18, 'Piobig', '15/500'),
(3859, 1, 18, 'Piobig', '15/850'),
(3860, 1, 18, 'Placent-B', ''),
(3861, 3, 18, 'Placent-B', ''),
(3862, 1, 18, 'Placent-M', ''),
(3863, 1, 18, 'Plavix', ''),
(3864, 1, 18, 'Plavix Plus', ''),
(3865, 2, 18, 'Pregan', '50'),
(3866, 2, 18, 'Pregan', '75'),
(3867, 2, 18, 'Pregnid', ''),
(3868, 1, 18, 'Promat', ''),
(3869, 1, 18, 'Rabetac', '20'),
(3870, 1, 18, 'Rebetac R', '150'),
(3871, 1, 18, 'Revam Gold', ''),
(3872, 3, 18, 'Revam Kids', ''),
(3873, 1, 18, 'Rozam', ''),
(3874, 1, 18, 'Ryth', '150'),
(3875, 1, 18, 'Ryth', '300'),
(3876, 3, 18, 'Ryth Dry', ''),
(3877, 7, 18, 'Simicon', ''),
(3878, 1, 18, 'Spalax', ''),
(3879, 3, 18, 'Spalax', ''),
(3880, 1, 18, 'Spark', ''),
(3881, 1, 18, 'S-pirin', ''),
(3882, 1, 18, 'Talopram', '5'),
(3883, 1, 18, 'Talopram', '10'),
(3884, 1, 18, 'Terodin', '2'),
(3885, 1, 18, 'Toma', ''),
(3886, 3, 18, 'Toma', ''),
(3887, 3, 18, 'Tridex', ''),
(3888, 1, 18, 'Trizin', ''),
(3889, 3, 18, 'Trizin', ''),
(3890, 1, 18, 'Urinide', ''),
(3891, 2, 18, 'Urotam', '0.4'),
(3892, 1, 18, 'Vomitop', ''),
(3893, 5, 18, 'Vomitop', ''),
(3894, 7, 18, 'Vomitop', ''),
(3895, 1, 18, 'Xanax', '0.25'),
(3896, 1, 18, 'Xanax', '0.5'),
(3897, 1, 18, 'Zerodol', ''),
(3898, 2, 18, 'Zifef-TR', ''),
(3899, 2, 18, 'Duracef', '200'),
(3900, 2, 18, 'Duracef', '400'),
(3901, 3, 18, 'Duracef Dry', ''),
(3902, 1, 18, 'Fixcef', '250'),
(3903, 1, 18, 'Fixcef', '500'),
(3904, 3, 18, 'Fixcef Dry', ''),
(3905, 2, 18, 'Navacef', '250'),
(3906, 2, 18, 'Navacef', '500'),
(3907, 7, 18, 'Navacef', ''),
(3908, 3, 18, 'Navacef Dry', ''),
(3909, 2, 18, 'Ridicef', '300'),
(3910, 3, 18, 'Ridicef Dry', ''),
(3911, 2, 18, 'Sefox', '100'),
(3912, 3, 18, 'Sefox Dry', ''),
(3913, 2, 18, 'Sefro', '250'),
(3914, 2, 18, 'Sefro', '500'),
(3915, 3, 18, 'Sefro Dry', ''),
(3916, 7, 18, 'Sefro', ''),
(3917, 3, 18, 'Sefro HS Dry', ''),
(3918, 4, 18, 'Cefzon', '250'),
(3919, 4, 18, 'Cefzon', '500'),
(3920, 4, 18, 'Cefzon', '1gm'),
(3921, 4, 18, 'Fixcef', '250'),
(3922, 4, 18, 'Fixcef', '750'),
(3923, 4, 18, 'Fixcef', '1.5gm'),
(3924, 4, 18, 'Sefro', '500'),
(3925, 4, 18, 'Sefro', '1gm'),
(3926, 4, 18, 'Topcef', '250'),
(3927, 4, 18, 'Topcef', '500'),
(3928, 4, 18, 'Topcef', '1gm'),
(3929, 4, 18, 'Topcef', '2gm'),
(3930, 4, 18, 'Dinac Plus', ''),
(3931, 4, 18, 'Orc', '30'),
(3932, 4, 18, 'Orc', '60'),
(3933, 4, 18, 'Stedex', ''),
(3934, 7, 18, 'Cloradex', ''),
(3935, 7, 18, 'Dinac', ''),
(3936, 7, 18, 'Floxacin', ''),
(3937, 7, 18, 'Iclear', ''),
(3938, 7, 18, 'Levoquin', ''),
(3939, 7, 18, 'Nacrom', ''),
(3940, 7, 18, 'Ocuram', ''),
(3941, 7, 18, 'Otholon', ''),
(3942, 5, 18, 'Loteba', ''),
(3943, 1, 0, 'A-Cal', '250'),
(3944, 1, 6, 'A-Cal', '500'),
(3945, 1, 6, 'Kidcal', ''),
(3946, 1, 6, 'A-Cal D', ''),
(3947, 1, 6, 'A- Card', '20mg'),
(3948, 1, 6, 'Amlopin', '5mg'),
(3949, 1, 6, 'Amlopin', '10mg'),
(3950, 1, 6, 'Amloten', '50'),
(3951, 1, 6, 'Amloten', '25'),
(3952, 1, 6, 'Angist', ''),
(3953, 1, 6, 'Arth-A SR', '2.6mg'),
(3954, 10, 6, 'Axinaf-F', '125'),
(3955, 10, 6, 'Axinaf-F', '250'),
(3956, 10, 6, 'Ascon', '250'),
(3957, 8, 6, 'Clotrim', '10gm'),
(3958, 8, 6, 'Clotrim', '5gm'),
(3959, 5, 6, 'Clotrim', '200mg'),
(3960, 1, 6, 'Daomin', '500'),
(3961, 1, 6, 'Daomin', '850'),
(3962, 1, 6, 'Dactus', '1mg'),
(3963, 1, 6, 'Dactus', '2mg'),
(3964, 1, 6, 'Dactus', '3mg'),
(3965, 1, 6, 'Dclot', '75mg'),
(3966, 1, 6, 'Dulox', '30'),
(3967, 1, 6, 'Dulox', '20'),
(3968, 1, 6, 'Carvipress', '12.50mg'),
(3969, 1, 6, 'Carvipress', '6.25mg'),
(3970, 1, 6, 'Cosium', ''),
(3971, 1, 6, 'Ecosprin', '300mg'),
(3972, 1, 6, 'Ecosprin', '75mg'),
(3973, 1, 6, 'Ecosprin Plus', ''),
(3974, 1, 6, 'Edemide', ''),
(3975, 1, 6, 'Edemide', '40'),
(3976, 1, 6, 'Gilclid', ''),
(3977, 1, 6, 'Leanxit', ''),
(3978, 1, 6, 'Liptor', '10mg'),
(3979, 1, 6, 'Liptor', '20mg'),
(3980, 1, 6, 'Liptor', '40mg'),
(3981, 1, 6, 'Losart', '25mg'),
(3982, 1, 6, 'Losart', '50mg'),
(3983, 1, 6, 'Losart', '100'),
(3984, 1, 6, 'Losart Plus', ''),
(3985, 1, 6, 'Losart Plus', '100/12.5'),
(3986, 1, 6, 'Losart', '100/25'),
(3987, 1, 6, 'Leptic', '0.5mg'),
(3988, 1, 6, 'Leptic', '2mg'),
(3989, 2, 6, 'Lipidof', '200mg'),
(3990, 1, 6, 'Lipril', '5mg'),
(3991, 1, 6, 'Lipril', '10mg'),
(3992, 2, 6, 'Maxima', '20mg'),
(3993, 2, 6, 'Maxima', '40mg'),
(3994, 1, 6, 'Monas', '4'),
(3995, 1, 6, 'Monas', '5'),
(3996, 1, 6, 'Monas', '10'),
(3997, 2, 6, 'Moxilin', '250mg'),
(3998, 2, 6, 'Moxilin', '500mg'),
(3999, 5, 6, 'Moxilin', ''),
(4000, 7, 6, 'Moxilin PD', ''),
(4001, 5, 6, 'Moxilin DS', ''),
(4002, 4, 6, 'Moxilin', '250mg'),
(4003, 4, 6, 'Moxilin', '500mg'),
(4004, 1, 6, 'Nifin', '10mg'),
(4005, 1, 6, 'Norflu', ''),
(4006, 3, 6, 'Ntrum Junior', ''),
(4007, 1, 6, 'Nutrum PN', ''),
(4008, 1, 6, 'Nutrum Super', ''),
(4009, 1, 6, 'Nutrum Gold', ''),
(4010, 1, 6, 'Nutrum 50', ''),
(4011, 1, 6, 'Nutrum Bone', ''),
(4012, 1, 6, 'Nutrum Gold 15', ''),
(4013, 1, 6, 'Pidus', ''),
(4014, 4, 6, 'Protocid', ''),
(4015, 1, 6, 'Protocid', '20'),
(4016, 1, 6, 'Protocid', '40'),
(4017, 4, 6, 'Ranidin', ''),
(4018, 3, 6, 'Ranidin', ''),
(4019, 1, 6, 'Ranidin', '300mg'),
(4020, 1, 6, 'Ranidin', '150mg'),
(4021, 1, 6, 'Tenil', '3mg'),
(4022, 10, 6, 'Topium', ''),
(4023, 1, 6, 'Tenoloc', '50'),
(4024, 1, 6, 'Tenoloc', '100'),
(4025, 2, 6, 'PPI', '20mg'),
(4026, 2, 6, 'PPI', '40mg'),
(4027, 4, 6, 'PPI', ''),
(4028, 10, 6, 'Salflu', '100'),
(4029, 10, 6, 'Salflu', '250'),
(4030, 10, 6, 'Salflu', '500'),
(4031, 10, 6, 'Salpium', ''),
(4032, 1, 6, 'Simvatin', '10mg'),
(4033, 1, 6, 'Sizopra', '10'),
(4034, 1, 6, 'Sizopra', '15'),
(4035, 1, 6, 'Sono 2', '2'),
(4036, 1, 6, 'Sucrol', '18mg'),
(4037, 1, 6, 'Zero', '8mg'),
(4038, 1, 6, 'Zero', ''),
(4039, 3, 6, 'A-Cof', ''),
(4040, 2, 6, 'Azin', '250mg'),
(4041, 3, 6, 'Azin Dry', ''),
(4042, 1, 6, 'Azin', '500mg'),
(4043, 4, 6, 'A-Fenac', '3ml'),
(4044, 4, 6, 'A-Fenac Plus', ''),
(4045, 29, 6, 'A-Fenac 16', ''),
(4046, 1, 6, 'A-Fenac', '50mg'),
(4047, 1, 6, 'A-Fenac', '25mg'),
(4048, 1, 6, 'A-Fenac SR', ''),
(4049, 1, 6, 'A-Fenac K', '50mg'),
(4050, 5, 6, 'A-Fenac', '12.5mg'),
(4051, 5, 6, 'A-Fenac', '50mg'),
(4052, 7, 6, 'A-Phenicol', ''),
(4053, 29, 6, 'A-Phenicol', ''),
(4054, 8, 6, 'Azelec', '5mg'),
(4055, 8, 6, 'Azelec', '10mg'),
(4056, 1, 6, 'Acemox', ''),
(4057, 2, 6, 'A-Clox', '500mg'),
(4058, 5, 6, 'A-Clox', ''),
(4059, 4, 6, 'A-Clox', '250mg'),
(4060, 4, 6, 'A-Clox', '500mg'),
(4061, 2, 6, 'Acmecilin', '250mg'),
(4062, 4, 6, 'Acmecilin', '250mg'),
(4063, 4, 6, 'Acmecilin', '500mg'),
(4064, 1, 6, 'Antox (Bottle)', ''),
(4065, 1, 6, 'Antox (Strip)', ''),
(4066, 1, 6, 'Baby Zinc', ''),
(4067, 1, 6, 'Cecon', '250mg'),
(4068, 1, 6, 'Cetizin', '10mg'),
(4069, 3, 6, 'CP Dry', ''),
(4070, 3, 6, 'CP Paediatric', ''),
(4071, 1, 6, 'CP', '200mg'),
(4072, 4, 6, 'Dot', ''),
(4073, 1, 6, 'Dot', ''),
(4074, 4, 6, 'Famicef IV/IM', '750mg'),
(4075, 4, 6, 'Famicet', '1.5g'),
(4076, 1, 6, 'Famicef', '250mg'),
(4077, 1, 6, 'Famicef', '500mg'),
(4078, 5, 6, 'Famicef', ''),
(4079, 4, 6, 'Mb12', ''),
(4080, 1, 6, 'Mb12', ''),
(4081, 1, 6, 'Napro-A', '250mg'),
(4082, 1, 6, 'Napro-A', '500mg'),
(4083, 3, 6, 'Phenadryl', ''),
(4084, 1, 6, 'Pilestop', ''),
(4085, 1, 6, 'Rizat', '5mg'),
(4086, 4, 6, 'Tracid', ''),
(4087, 1, 6, 'Tracid', '500mg'),
(4088, 4, 6, 'Tinium', ''),
(4089, 1, 6, 'Tinium', ''),
(4090, 4, 6, 'TPC', ''),
(4091, 1, 6, 'TPC', ''),
(4092, 8, 6, 'Tycon', '10mg'),
(4093, 5, 6, 'Tycon', '300mg'),
(4094, 3, 6, 'Tulos', ''),
(4095, 2, 6, 'Twicef', '500mg'),
(4096, 5, 6, 'Twicef', ''),
(4097, 7, 6, 'Winop', ''),
(4098, 4, 6, 'Winop', '30'),
(4099, 4, 6, 'Winop', '60'),
(4100, 1, 6, 'Winop', '10mg'),
(4101, 2, 6, 'A-Flox', '250mg'),
(4102, 2, 6, 'A-Flox', '500mg'),
(4103, 5, 6, 'A-Flox', ''),
(4104, 4, 6, 'A-Flox', '250mg'),
(4105, 4, 6, 'A-Flox', '500mg'),
(4106, 1, 6, 'A-Zyme', '325mg'),
(4107, 1, 6, 'A-Spasm', '5mg'),
(4108, 5, 6, 'Ben-A', ''),
(4109, 1, 6, 'Ben-A', '400mg'),
(4110, 1, 6, 'Cinazin', '15mg'),
(4111, 1, 6, 'Claricin', '250mg'),
(4112, 1, 6, 'Claricin', '500mg'),
(4113, 4, 6, 'Combipen', '4 Lacs'),
(4114, 3, 6, 'Cofrid', ''),
(4115, 11, 6, 'Dirozyl IV', ''),
(4116, 3, 6, 'Dirozyl 5', ''),
(4117, 1, 6, 'Dirozyl', '200mg'),
(4118, 1, 6, 'Dirozyl', '400mg'),
(4119, 5, 6, 'Dirozyl', ''),
(4120, 2, 6, 'Dolonil', '50mg'),
(4121, 4, 6, 'Dolonil', '100mg'),
(4122, 1, 6, 'Dolonil SR', ''),
(4123, 2, 6, 'Doxy-A', '100mg'),
(4124, 1, 6, 'Fast Plus', ''),
(4125, 2, 6, 'Fix-A', '200mg'),
(4126, 2, 6, 'Fix-A DS', '400mg'),
(4127, 3, 6, 'Fix-A Dry', ''),
(4128, 2, 6, 'Ferocit TR', ''),
(4129, 1, 6, 'Firocit', ''),
(4130, 3, 6, 'Fluconal', ''),
(4131, 1, 6, 'Fluconal', '50mg'),
(4132, 1, 6, 'Fluconal', '150mg'),
(4133, 1, 6, 'Famodin', '20mg'),
(4134, 1, 6, 'Famodin', '40mg'),
(4135, 2, 6, 'Lansodin', '15mg'),
(4136, 2, 6, 'Lansodin', '30mg'),
(4137, 1, 6, 'Leo', '250mg'),
(4138, 1, 6, 'Leo', '500mg'),
(4139, 1, 6, 'Leo', '750mg'),
(4140, 5, 6, 'Indo-A', '100mg'),
(4141, 4, 6, 'Keto-A', ''),
(4142, 1, 6, 'Keto-A', '50mg'),
(4143, 1, 6, 'Keto-A', '100mg'),
(4144, 5, 6, 'Keto-A', '100mg'),
(4145, 2, 6, 'Lopamid', '2mg'),
(4146, 7, 6, 'Leo', ''),
(4147, 3, 6, 'Naligram', ''),
(4148, 1, 6, 'Naligram', '500mg'),
(4149, 8, 6, 'Neobet', '10gm'),
(4150, 8, 6, 'Neobet', '5gm'),
(4151, 29, 6, 'Neotracin', ''),
(4152, 15, 6, 'Neotracin', ''),
(4153, 1, 6, 'Mizolam', ''),
(4154, 1, 6, 'Mebolin', '50mg'),
(4155, 29, 6, 'Neobet-E', '5'),
(4156, 29, 6, 'Neobet-E', '2.5'),
(4157, 4, 6, 'Nalphin', '10'),
(4158, 4, 6, 'Nalphin', '20'),
(4159, 8, 6, 'Permin', '15gm'),
(4160, 8, 6, 'Permin', '30gm'),
(4161, 1, 6, 'Pizo-A', '0.5mg'),
(4162, 1, 6, 'Pizo-A', '1.5mg'),
(4163, 3, 6, 'Politrim', ''),
(4164, 1, 6, 'Politrim', '480mg'),
(4165, 5, 6, 'Profen', ''),
(4166, 1, 6, 'Profen', '400mg'),
(4167, 1, 6, 'Pronil-DS', '1g'),
(4168, 7, 6, 'Rhinozol', '0.0005'),
(4169, 7, 6, 'Rhinozol', '0.001'),
(4170, 2, 6, 'Sefril', '250mg'),
(4171, 2, 6, 'Sefril', '500mg'),
(4172, 5, 6, 'Sefril', ''),
(4173, 7, 6, 'Sefril PD', ''),
(4174, 5, 6, 'Sefril DS', ''),
(4175, 4, 6, 'Sefril', '500mg'),
(4176, 4, 6, 'Sefril', '1g'),
(4177, 1, 6, 'Steron', '0.5mg'),
(4178, 7, 6, 'Steron', ''),
(4179, 4, 6, 'Trizon', '250mg'),
(4180, 4, 6, 'Trizon', '500mg'),
(4181, 4, 6, 'Trizon', '1g'),
(4182, 4, 6, 'Trizon', '250mg'),
(4183, 4, 6, 'Trizon', '500mg'),
(4184, 4, 6, 'Trizon', '1g'),
(4185, 4, 6, 'Trizon', '2gm'),
(4186, 1, 6, 'Ulive', '150'),
(4187, 1, 6, 'Ulive', '300'),
(4188, 3, 6, 'X-cold', ''),
(4189, 7, 6, 'X-cold', ''),
(4190, 3, 6, 'Zis Ds', ''),
(4191, 3, 6, 'Z-Plex', ''),
(4192, 3, 6, 'Z-Plex', ''),
(4193, 11, 6, 'Leo', '500mg'),
(4194, 1, 6, 'AB 1', ''),
(4195, 1, 6, 'A-Calm', '50mg'),
(4196, 3, 6, 'A-cold', ''),
(4197, 2, 6, 'Acelex', '250mg'),
(4198, 2, 6, 'Acelex', '500mg'),
(4199, 5, 6, 'Acelex', ''),
(4200, 2, 6, 'Adinir', '300mg'),
(4201, 3, 6, 'Adinir', ''),
(4202, 2, 6, 'A-Tetra', '500mg'),
(4203, 1, 6, 'A-Tetra', '500mg'),
(4204, 29, 6, 'A-Tetra', ''),
(4205, 1, 6, 'Aplitac', '100mg'),
(4206, 3, 6, 'Cipro-A', ''),
(4207, 7, 6, 'Cipro-A', ''),
(4208, 11, 6, 'Cipro-A', ''),
(4209, 1, 6, 'Cipro-A', '250mg'),
(4210, 1, 6, 'Cipro-A', '500mg'),
(4211, 1, 6, 'Cipro-A', '750mg'),
(4212, 5, 6, 'Cinoplus', ''),
(4213, 5, 6, 'Don-A', ''),
(4214, 5, 6, 'Don-A', '15'),
(4215, 5, 6, 'Don-A', '30'),
(4216, 7, 6, 'Don-A PD', ''),
(4217, 1, 6, 'Don-A', '10mg'),
(4218, 3, 6, 'Ketifen', ''),
(4219, 1, 6, 'Ketifen', '1.0mg'),
(4220, 1, 6, 'Floxipar', '200mg'),
(4221, 3, 6, 'Feziplex', ''),
(4222, 3, 6, 'Feziplex', ''),
(4223, 7, 6, 'Eyemox', ''),
(4224, 5, 6, 'Fast ', ''),
(4225, 7, 6, 'Fast PD', ''),
(4226, 1, 6, 'Fast ', '500mg'),
(4227, 5, 6, 'Fast', '125mg'),
(4228, 5, 6, 'Fast', '500mg'),
(4229, 5, 6, 'Fast ', '250mg'),
(4230, 3, 6, 'Histalex', ''),
(4231, 1, 6, 'Histalex', '4mg'),
(4232, 3, 6, 'Electro-K', ''),
(4233, 1, 6, 'Electro-K', '600mg'),
(4234, 3, 6, 'Erocin', ''),
(4235, 1, 6, 'Erocin', '250mg'),
(4236, 1, 6, 'Erocin', '500mg'),
(4237, 1, 6, 'E-Tab', ''),
(4238, 2, 6, 'Ferocit-Z', ''),
(4239, 3, 6, 'Ferroglobin', ''),
(4240, 1, 6, 'Gatox', ''),
(4241, 3, 6, 'Nystat 7s', ''),
(4242, 1, 6, 'Nystat O.T', ''),
(4243, 1, 6, 'Orin', '10mg'),
(4244, 5, 6, 'Oxecone-S', ''),
(4245, 1, 6, 'Oxecone-S', ''),
(4246, 2, 6, 'Oxecylin', '250mg'),
(4247, 3, 6, 'Salmolin-L', ''),
(4248, 1, 6, 'Salmolin-L', '1'),
(4249, 1, 6, 'Salmolin-L', '2'),
(4250, 3, 6, 'Thenglate', ''),
(4251, 1, 6, 'Thenglate SR', '250mg'),
(4252, 1, 6, 'Thenglate SR', '400mg'),
(4253, 2, 6, 'V-Plex', ''),
(4254, 4, 6, 'V-Plex', ''),
(4255, 7, 6, 'V-Plex', ''),
(4256, 3, 6, 'V-Plex', ''),
(4257, 1, 6, 'V-Plex', ''),
(4258, 1, 6, 'V-Plex Plus', ''),
(4259, 3, 6, 'Neotrax', ''),
(4260, 1, 6, 'Neotrax', '40mg'),
(4261, 5, 6, 'Oxecone-M', ''),
(4262, 5, 6, 'Oxecone', ''),
(4263, 1, 6, 'Oxecone', '650mg'),
(4264, 1, 6, 'Oxecone-M', '400mg'),
(4265, 10, 6, 'Rotahaler Device', ''),
(4266, 19, 6, 'Salmolin', ''),
(4267, 3, 6, 'Salmolin', ''),
(4268, 1, 6, 'Salmolin', '4mg'),
(4269, 10, 6, 'Salmolin', ''),
(4270, 10, 6, 'Salmolin', ''),
(4271, 29, 6, 'Tacrol', '5mg'),
(4272, 29, 6, 'Tacrol', '10mg'),
(4273, 4, 6, 'Taxim', '1g'),
(4274, 4, 6, 'Taxim', '500mg'),
(4275, 4, 6, 'Taxim', '250mg'),
(4276, 4, 6, 'Trizidim', '250mg'),
(4277, 4, 6, 'Trizidim', '500mg'),
(4278, 4, 6, 'Trizidim', '1g'),
(4279, 3, 6, 'Amlacid', ''),
(4280, 3, 6, 'Acmina', ''),
(4281, 7, 6, 'Alercon', ''),
(4282, 14, 6, 'Alercon Nasal', ''),
(4283, 14, 6, 'Fluticon', ''),
(4284, 1, 6, 'Angirid MR ', ''),
(4285, 3, 6, 'Asmarid', ''),
(4286, 7, 6, 'Catnil', ''),
(4287, 3, 6, 'Digac', ''),
(4288, 1, 6, 'Defaz', ''),
(4289, 2, 6, 'Defaz CI', ''),
(4290, 1, 6, 'Cinazin Plus', ''),
(4291, 2, 6, 'Echina', ''),
(4292, 4, 6, 'Fulspec', '1g'),
(4293, 4, 6, 'Fulspec', '500mg'),
(4294, 1, 6, 'Gingo', '40mg'),
(4295, 2, 6, 'Gintonic', ''),
(4296, 3, 6, 'Hemorist', ''),
(4297, 1, 6, 'Hajmo-A', ''),
(4298, 2, 6, 'Hepamilk', '87.5mg'),
(4299, 3, 6, 'Hepatolin', ''),
(4300, 2, 6, 'Lopid', '300mg'),
(4301, 1, 6, 'Lacitab', '2'),
(4302, 1, 6, 'Lacitab', '4'),
(4303, 1, 6, 'Misofenac', '50mg'),
(4304, 2, 6, 'Momneed', ''),
(4305, 2, 6, 'Menocare', '40mg'),
(4306, 3, 6, 'Menotox', ''),
(4307, 1, 6, 'NVP', ''),
(4308, 3, 6, 'Nidozox', ''),
(4309, 1, 6, 'Nidozox', '500mg'),
(4310, 2, 6, 'Perkup', '300mg'),
(4311, 2, 6, 'Prostacare', '500mg'),
(4312, 3, 6, 'Safkin', ''),
(4313, 3, 6, 'Santonic', ''),
(4314, 3, 6, 'Oxecone-MS', ''),
(4315, 2, 6, 'Vigo-Fort', ''),
(4316, 16, 6, 'A-Mi16', ''),
(4317, 1, 6, 'Keto-D', '25mg'),
(4318, 1, 6, 'Orinex', ''),
(4319, 1, 6, 'Setrib', '60'),
(4320, 1, 6, 'Setrib', '90'),
(4321, 1, 6, 'Setrib', '120'),
(4322, 2, 6, 'Uropass', ''),
(4323, 1, 6, 'Azepam', ''),
(4324, 1, 6, 'Darifen ER', ''),
(4325, 2, 6, 'Nim-A', ''),
(4326, 1, 6, 'Vigorex', ''),
(4327, 1, 6, 'Enocam', ''),
(4328, 8, 6, 'Bet-CL', '10g'),
(4329, 29, 6, 'Bet-CL', '10g'),
(4330, 7, 6, 'A-Phenicol D', ''),
(4331, 8, 6, 'Aclobet', '10gm'),
(4332, 29, 6, 'Aclobet', '10gm'),
(4333, 8, 6, 'Aclobet N', '15gm'),
(4334, 29, 6, 'Aclobet N', '15gm'),
(4335, 1, 6, 'Levopa', '110mg'),
(4336, 1, 6, 'Levopa', '275mg'),
(4337, 1, 6, 'Misoclear', ''),
(4338, 4, 6, 'Maxima', ''),
(4339, 7, 6, 'Azolin Paed nasal', '0.025%mg'),
(4340, 7, 6, 'Azolin', '0.05%mg'),
(4341, 1, 6, 'Unipiril', '2.5mg'),
(4342, 1, 6, 'Unipiril', '5mg'),
(4343, 29, 6, 'A-Mi16', '15gm'),
(4344, 1, 6, 'Clotrim VT', '20mg'),
(4345, 3, 6, 'Santonic', ''),
(4346, 3, 6, 'Balarist-A', ''),
(4347, 3, 6, 'Arjunacard', ''),
(4348, 1, 6, 'Thyrolar', '50mg'),
(4349, 1, 6, 'Sevel', '400mg'),
(4350, 8, 6, 'Bet-A', '15gm'),
(4351, 29, 6, 'Bet-A', '15gm'),
(4352, 1, 6, 'Bet-A', '0.50mg'),
(4353, 4, 6, 'Superpime', '500mg'),
(4354, 4, 6, 'Superpime', '1g'),
(4355, 4, 6, 'Superpime', '2g'),
(4356, 1, 6, 'Rabizol', ''),
(4357, 7, 6, 'Cipro D', ''),
(4358, 1, 6, 'Periset', '8mg'),
(4359, 4, 6, 'Periset', ''),
(4360, 1, 6, 'Vir', '0.5mg'),
(4361, 1, 6, 'Rostab', '10mg'),
(4362, 1, 6, 'Rostab', '20mg'),
(4363, 4, 6, 'Becky', ''),
(4364, 1, 6, 'Fluzin', '5mg'),
(4365, 1, 6, 'Fluzin', '10mg'),
(4366, 1, 6, 'Pavigard', '2mg'),
(4367, 1, 6, 'Janvia', '50mg'),
(4368, 1, 6, 'Janvia', '100mg'),
(4369, 1, 6, 'Janmet', '500mg'),
(4370, 1, 6, 'Janmet', '1000mg'),
(4371, 3, 6, 'Safkin', ''),
(4372, 3, 6, 'CPDS Dry', ''),
(4373, 1, 6, 'Skelofen', ''),
(4374, 10, 6, 'Salmolin', ''),
(4375, 4, 6, 'Steron', ''),
(4376, 10, 6, 'Salflu', '125'),
(4377, 10, 6, 'Salflu', '250'),
(4378, 10, 6, 'Ascon', '250'),
(4379, 10, 6, 'Salpium', ''),
(4380, 1, 8, 'Encoren', ''),
(4381, 1, 15, 'ACOS', '500mg'),
(4382, 5, 15, 'ACOS', ''),
(4383, 1, 15, 'ATOZ Premium', ''),
(4384, 1, 15, 'Avenac', '100mg'),
(4385, 1, 15, 'Bonviva', '150mg'),
(4386, 1, 15, 'Coralcal-D', ''),
(4387, 1, 15, 'Dilatrend', '6.25mg'),
(4388, 1, 15, 'Dormicum', '7.5mg'),
(4389, 4, 15, 'Dormicum', '5mg/5ml'),
(4390, 4, 15, 'Dormicum', '15mg/3ml'),
(4391, 2, 15, 'Exium', '20mg'),
(4392, 2, 15, 'Exium', '40mg'),
(4393, 2, 15, 'Ginoba', '60mg'),
(4394, 4, 15, 'Konakion MM', '2mg/0.2ml'),
(4395, 4, 15, 'Konakion MM', '10mg/1ml'),
(4396, 1, 15, 'Lexotanil', '3mg'),
(4397, 1, 15, 'Naprosyn', '250mg'),
(4398, 1, 15, 'Naprosyn', '500mg'),
(4399, 1, 15, 'Pantium', '20mg'),
(4400, 2, 15, 'Panaseng', '100mg'),
(4401, 1, 15, 'Rivotril', '0.5mg'),
(4402, 1, 15, 'Rivotril', '2mg'),
(4403, 2, 15, 'Rocaltrol', '0.25mcg'),
(4404, 4, 15, 'Rofecin', '500mg'),
(4405, 4, 15, 'Rofecin', '1gm'),
(4406, 4, 15, 'Rofecin', '2gm'),
(4407, 4, 15, 'Rofecin', '500mg'),
(4408, 2, 15, 'Rofixim', '200mg'),
(4409, 2, 15, 'Rofixim', '400mg'),
(4410, 5, 15, 'Rofixim', ''),
(4411, 1, 15, 'Rofurox', '250mg'),
(4412, 1, 15, 'rofurox', '500mg'),
(4413, 5, 15, 'Rofurox', ''),
(4414, 4, 15, 'Rofurox', '750mg'),
(4415, 1, 15, 'Tikotil', '20mg'),
(4416, 4, 15, 'Toradolin', '30mg/1ml'),
(4417, 1, 15, 'Toradol', '10mg'),
(4418, 1, 15, 'Winbac', '500mg'),
(4419, 2, 15, 'Xenical', '120mg'),
(4420, 2, 15, 'Xolide', '250mg'),
(4421, 2, 15, 'Xolide', '500mg'),
(4422, 2, 15, 'Zilon', '20mg'),
(4423, 2, 15, 'Zilon', '40mg'),
(4424, 1, 20, 'Acebid', ''),
(4425, 1, 20, 'Acupain', ''),
(4426, 4, 20, 'Acupain', '30'),
(4427, 1, 20, 'Agotin', ''),
(4428, 1, 20, 'Alartadin', ''),
(4429, 1, 20, 'Allion', ''),
(4430, 1, 20, 'Amlocom', ''),
(4431, 1, 20, 'Amlowide', ''),
(4432, 2, 20, 'Amlozep', '10'),
(4433, 1, 20, 'Amovast', ''),
(4434, 1, 20, 'Bukof', ''),
(4435, 1, 20, 'Cardisan', ''),
(4436, 1, 20, 'Cardisan Plus', ''),
(4437, 1, 20, 'Combiplat', ''),
(4438, 1, 20, 'Coxitor', '60'),
(4439, 1, 20, 'Coxitor', '90'),
(4440, 4, 20, 'Eparin', '60'),
(4441, 2, 20, 'Esoprex', '20'),
(4442, 2, 20, 'Esoprex', '40'),
(4443, 1, 20, 'FAP', '500mg'),
(4444, 1, 20, 'FAP Plus', ''),
(4445, 1, 20, 'Flexibac', ''),
(4446, 1, 20, 'Flexibac', '5'),
(4447, 1, 20, 'Flexibac', '25'),
(4448, 1, 20, 'Furo Plus', ''),
(4449, 1, 20, 'Gabamax', ''),
(4450, 1, 20, 'Gastoloc', ''),
(4451, 1, 20, 'Gemif', ''),
(4452, 1, 20, 'Hexinor', ''),
(4453, 1, 20, 'Kidcef 15', ''),
(4454, 2, 20, 'Liqu-E Bot', ''),
(4455, 2, 20, 'liqu-E Bils', ''),
(4456, 2, 20, 'Liqumint', ''),
(4457, 2, 20, 'Liquical', ''),
(4458, 2, 20, 'Lubilax', ''),
(4459, 4, 20, 'Merocon', '500'),
(4460, 4, 20, 'Merocon', ''),
(4461, 1, 20, 'Noburn', ''),
(4462, 4, 20, 'Paraciv', ''),
(4463, 2, 20, 'Paricon', '1'),
(4464, 1, 20, 'Paloxi', ''),
(4465, 4, 20, 'Paloxi', '0.075'),
(4466, 4, 20, 'Paloxi', '0.25'),
(4467, 11, 20, 'Plasmex', ''),
(4468, 4, 20, 'Pradox', ''),
(4469, 1, 20, 'Prasulet', '5'),
(4470, 1, 20, 'Prasulet', '10'),
(4471, 1, 20, 'Prokidin', ''),
(4472, 1, 20, 'Protebon-D', ''),
(4473, 1, 20, 'Protebon-M', ''),
(4474, 1, 20, 'Protoloc', '20'),
(4475, 1, 20, 'Protoloc', '40'),
(4476, 1, 20, 'Quixin', ''),
(4477, 2, 20, 'Regab', '25'),
(4478, 2, 20, 'Regab', '50'),
(4479, 2, 20, 'Regab', '75'),
(4480, 1, 20, 'Rejubion', ''),
(4481, 4, 20, 'Rejubion', ''),
(4482, 1, 20, 'Roflast', ''),
(4483, 1, 20, 'Rupadin', ''),
(4484, 1, 20, 'Simpil-3', ''),
(4485, 4, 20, 'Simpil-3', ''),
(4486, 15, 20, 'Simpil-3', ''),
(4487, 1, 20, 'Spasverin', ''),
(4488, 2, 20, 'Starcef', ''),
(4489, 15, 20, 'Starcef', ''),
(4490, 1, 20, 'Tinizol DS', ''),
(4491, 1, 20, 'Tenoflex', ''),
(4492, 1, 20, 'Tivis', ''),
(4493, 4, 20, 'Tivis', ''),
(4494, 1, 20, 'Trexonate', ''),
(4495, 1, 20, 'Trexonate', '10'),
(4496, 2, 20, 'Veripel SR', ''),
(4497, 1, 20, 'Xbac', ''),
(4498, 1, 20, 'Xbac', '750'),
(4499, 11, 20, 'Xbac', ''),
(4500, 15, 20, 'Xbac', ''),
(4501, 1, 20, 'Xefrim', '250'),
(4502, 15, 20, 'Xefrim', ''),
(4503, 2, 20, 'Xelopes', '20'),
(4504, 2, 20, 'Xelopes', '40'),
(4505, 4, 20, 'Xelopes', ''),
(4506, 11, 20, 'Xemocid', ''),
(4507, 11, 20, 'Xemocid Gold', ''),
(4508, 4, 20, 'Xenofer', '100'),
(4509, 4, 20, 'Xenofer', '50'),
(4510, 11, 20, 'Xenosol', '100'),
(4511, 11, 20, 'Xenosol', '250'),
(4512, 11, 20, 'Xenosol', '500'),
(4513, 2, 20, 'Xeroder', '50'),
(4514, 2, 20, 'Xeroder', '150'),
(4515, 11, 20, 'Xeroder', ''),
(4516, 1, 20, 'Xerova', '10'),
(4517, 1, 20, 'Xerova', '20'),
(4518, 1, 20, 'Xmec', ''),
(4519, 1, 20, 'Xolitra', ''),
(4520, 11, 20, 'Xovir', ''),
(4521, 1, 20, 'ZT', ''),
(4522, 1, 20, 'Becivir', ''),
(4523, 1, 20, 'Cavial', ''),
(4524, 2, 20, 'Copeg', ''),
(4525, 4, 20, 'Interon', ''),
(4526, 4, 20, 'Pegin', ''),
(4527, 4, 20, 'Pegin', '135'),
(4528, 4, 20, 'Eptase', ''),
(4529, 4, 20, 'Eposis', ''),
(4530, 4, 20, 'Eposis', '3000'),
(4531, 4, 20, 'Eposis', '5000'),
(4532, 4, 19, 'Adecard', ''),
(4533, 3, 19, 'Alarex', ''),
(4534, 3, 19, 'Ambrosol', ''),
(4535, 4, 19, 'Amibac', '100'),
(4536, 4, 19, 'Amibac', ''),
(4537, 1, 19, 'Amlovas', '5'),
(4538, 1, 19, 'Amlovas', '10'),
(4539, 1, 19, 'Amlovas AT', ''),
(4540, 1, 19, 'Amlovas VS', '5/80 .'),
(4541, 1, 19, 'Amlovas VS', '5/160'),
(4542, 1, 19, 'Amlovas VS', '10/160'),
(4543, 29, 19, 'Anorel', ''),
(4544, 1, 19, 'Anxopam', ''),
(4545, 1, 19, 'Anzet', ''),
(4546, 1, 19, 'Avona', '4'),
(4547, 1, 19, 'Avona', '8'),
(4548, 19, 19, 'Avona', ''),
(4549, 4, 19, 'Avona', ''),
(4550, 4, 19, 'Bupi', ''),
(4551, 4, 19, 'Bupi Heavy', ''),
(4552, 1, 19, 'B126', ''),
(4553, 4, 19, 'Cefa-4', '50n'),
(4554, 4, 19, 'Cefa-4', '1 g'),
(4555, 4, 19, 'Cefa-4', '2 g'),
(4556, 1, 19, 'Cefobac', '250'),
(4557, 1, 19, 'Cefobac', '500'),
(4558, 5, 19, 'Cefobac', ''),
(4559, 4, 19, 'Cefobac', '750'),
(4560, 4, 19, 'Cefobac', '1.5 g'),
(4561, 1, 19, 'Cefomin', '100'),
(4562, 1, 19, 'Cefomin', '200'),
(4563, 5, 19, 'Cefomin', ''),
(4564, 1, 19, 'Cefozil', '250'),
(4565, 1, 19, 'Cefozil', '500'),
(4566, 5, 19, 'Cefozil', ''),
(4567, 1, 19, 'Citalon', ''),
(4568, 7, 19, 'Civodex', ''),
(4569, 5, 19, 'Civox', ''),
(4570, 1, 19, 'Civox', ''),
(4571, 1, 19, 'Clonapin', '0.5'),
(4572, 1, 19, 'Clonapin', '2'),
(4573, 1, 19, 'Cox-E', '60'),
(4574, 1, 19, 'Cox-E', '90'),
(4575, 1, 19, 'Cox-E', '120'),
(4576, 1, 19, 'Dirucom', ''),
(4577, 5, 19, 'Domllux', ''),
(4578, 1, 19, 'Domllux', ''),
(4579, 1, 19, 'Ebatin', ''),
(4580, 3, 19, 'Ebatin', ''),
(4581, 4, 19, 'Enoparin', '40'),
(4582, 4, 19, 'Enoparin', '60'),
(4583, 4, 19, 'Enoparin', '80'),
(4584, 4, 19, 'Ephidin', ''),
(4585, 4, 19, 'Eracef', '2 g'),
(4586, 4, 19, 'Eracef', '1 g'),
(4587, 4, 19, 'Eracef', '1 g'),
(4588, 4, 19, 'Eracef', '250'),
(4589, 4, 19, 'Eracef', '250'),
(4590, 4, 19, 'Eracef', '500'),
(4591, 4, 19, 'Eracef', '500'),
(4592, 4, 19, 'Etomid', ''),
(4593, 4, 19, 'Fentyl', ''),
(4594, 2, 19, 'Fimox', '250'),
(4595, 2, 19, 'Fimox', '500'),
(4596, 5, 19, 'Fimox', ''),
(4597, 7, 19, 'Fimox', ''),
(4598, 8, 19, 'Finater', ''),
(4599, 2, 19, 'Flubac', '250'),
(4600, 2, 19, 'Flubac', '500'),
(4601, 3, 19, 'Flubac', ''),
(4602, 3, 19, 'Flubac DS', ''),
(4603, 4, 19, 'Fosfen', ''),
(4604, 2, 19, 'F-Zol', '50'),
(4605, 2, 19, 'F-Zol', '150'),
(4606, 2, 19, 'F-Zol', '200'),
(4607, 5, 19, 'F-Zol', ''),
(4608, 4, 19, 'Gadoscan', ''),
(4609, 1, 19, 'Gascon', ''),
(4610, 1, 19, 'Gemiflox', ''),
(4611, 4, 19, 'Gentabac', '20'),
(4612, 4, 19, 'Gentabac', ''),
(4613, 7, 19, 'Gentabac', ''),
(4614, 7, 19, 'Gentabac HC', ''),
(4615, 1, 19, 'Gesic Plus', ''),
(4616, 1, 19, 'Gluzit', ''),
(4617, 11, 19, 'Hemofer', ''),
(4618, 1, 19, 'Hypophos', ''),
(4619, 4, 19, 'Imbac', ''),
(4620, 4, 19, 'Imiro', '350'),
(4621, 6, 19, 'Insulin 30/70', '40 IU'),
(4622, 6, 19, 'Insulin 30/70', '100 IU'),
(4623, 6, 19, 'Insul50/50', '100 IU'),
(4624, 6, 19, 'Insulin N', '40 IU'),
(4625, 6, 19, 'Insulin N', '100 IU'),
(4626, 6, 19, 'Insulin R', '40 IU'),
(4627, 6, 19, 'Insulin R', '100 IU'),
(4628, 6, 19, 'Glargine', ''),
(4629, 6, 19, 'Lispro', ''),
(4630, 6, 19, 'Insul glargine', ''),
(4631, 6, 19, 'Insul Lispro', ''),
(4632, 6, 19, 'Insul Pen', ''),
(4633, 2, 19, 'I-Zol', ''),
(4634, 4, 19, 'Katalar', ''),
(4635, 4, 19, 'Labecard', ''),
(4636, 1, 19, 'Labecard', '100'),
(4637, 1, 19, 'Labecard', '200'),
(4638, 1, 19, 'Levobac', ''),
(4639, 1, 19, 'Levobac', '750'),
(4640, 1, 19, 'Livodel', '1'),
(4641, 1, 19, 'Livodel', '2'),
(4642, 3, 19, 'Livodel', ''),
(4643, 1, 19, 'Limaryl', '1'),
(4644, 1, 19, 'Limaryl', '2'),
(4645, 1, 19, 'Limaryl', '3'),
(4646, 1, 19, 'Limaryl', '4'),
(4647, 1, 19, 'Lindac', '100'),
(4648, 1, 19, 'Lindac', '200'),
(4649, 1, 19, 'Locol', '10'),
(4650, 1, 19, 'Locol', '20'),
(4651, 1, 19, 'Locol', '40'),
(4652, 1, 19, 'Locol Plus', ''),
(4653, 4, 19, 'Lopadol', '30'),
(4654, 4, 19, 'Lopadol', '60'),
(4655, 1, 19, 'Lopadol', ''),
(4656, 4, 19, 'Lopamiro', '300'),
(4657, 4, 19, 'Lopamiro', '370'),
(4658, 4, 19, 'Lorapam', ''),
(4659, 1, 19, 'Losatan', '25'),
(4660, 1, 19, 'Losatan', '50'),
(4661, 1, 19, 'Losatan', '100'),
(4662, 1, 19, 'Megacillin', '4.5 g'),
(4663, 1, 19, 'M-lucas', '4'),
(4664, 1, 19, 'M-lucas', '5'),
(4665, 1, 19, 'M-lucas', '10'),
(4666, 4, 19, 'Merobac', '500'),
(4667, 1, 19, 'Merobac', '1 g'),
(4668, 1, 19, 'Metarin', '500'),
(4669, 1, 19, 'Metarin', '850'),
(4670, 1, 19, 'Metarin Plus', ''),
(4671, 1, 19, 'Methox', '2.5'),
(4672, 1, 19, 'Methox', '10'),
(4673, 4, 19, 'Metocard', ''),
(4674, 5, 19, 'Metonid', ''),
(4675, 1, 19, 'Metonid', '400'),
(4676, 8, 19, 'Momete', ''),
(4677, 4, 19, 'Morphinex', ''),
(4678, 1, 19, 'Mylofen', '5'),
(4679, 1, 19, 'Mylofen', '10'),
(4680, 1, 19, 'Naspro', '250'),
(4681, 1, 19, 'Naspro', '500'),
(4682, 4, 19, 'Neostig', ''),
(4683, 4, 19, 'Neosuxa', ''),
(4684, 29, 19, 'Nitrovas', '0.004'),
(4685, 1, 19, 'Nitrovas 5R', ''),
(4686, 2, 19, 'Omegut', '20'),
(4687, 2, 19, 'Omegut', '40'),
(4688, 2, 19, 'Omegut', '40'),
(4689, 1, 19, 'Pantogut', '20'),
(4690, 1, 19, 'Pantogut', '40'),
(4691, 4, 19, 'Pantogut', '40'),
(4692, 3, 19, 'Pedilar', ''),
(4693, 4, 19, 'Pethin', ''),
(4694, 2, 19, 'Pegalin', '25'),
(4695, 2, 19, 'Pegalin', '50'),
(4696, 2, 19, 'Pegalin', '75'),
(4697, 2, 19, 'Pegalin', '100'),
(4698, 2, 19, 'Pegalin', '150'),
(4699, 1, 19, 'Preclot', ''),
(4700, 1, 19, 'Preclot AS', ''),
(4701, 4, 19, 'Profenac', ''),
(4702, 4, 19, 'Profenac L', ''),
(4703, 1, 19, 'Profenacl Plus', ''),
(4704, 16, 19, 'Profenac', ''),
(4705, 2, 19, 'Progut', '20'),
(4706, 2, 19, 'Progut', '40'),
(4707, 4, 19, 'Progut', '40'),
(4708, 1, 19, 'Pyrostig', ''),
(4709, 1, 19, 'Ramil', '1.25'),
(4710, 1, 19, 'Ramil', '2.5'),
(4711, 1, 19, 'Ramil', '5'),
(4712, 1, 19, 'Ramil', '10'),
(4713, 1, 19, 'Ranitor', ''),
(4714, 1, 19, 'Rapid C', ''),
(4715, 3, 19, 'Rapid C', ''),
(4716, 1, 19, 'Rosu', '5'),
(4717, 1, 19, 'Rosu', '10'),
(4718, 1, 19, 'Rosu', '20'),
(4719, 4, 19, 'Roxicef', '1 g'),
(4720, 4, 19, 'Roxicef', '500'),
(4721, 2, 19, 'Roxicef', '500'),
(4722, 5, 19, 'Roxicef', ''),
(4723, 5, 19, 'Roxicef DS', ''),
(4724, 7, 19, 'Roxicef', ''),
(4725, 8, 19, 'Salirub', ''),
(4726, 4, 19, 'S-Kinase', ''),
(4727, 1, 19, 'Sleepwel', '1'),
(4728, 1, 19, 'Sleepwel', '2'),
(4729, 1, 19, 'Sodicarb', ''),
(4730, 3, 19, 'Soluzinc', ''),
(4731, 1, 19, 'Spirocard', '25'),
(4732, 1, 19, 'Spirocard', '100'),
(4733, 1, 19, 'Spirocard Plus', ''),
(4734, 1, 19, 'Sulfazin', ''),
(4735, 29, 19, 'Synovate', ''),
(4736, 5, 19, 'Tazonid', ''),
(4737, 1, 19, 'Tazonid', ''),
(4738, 1, 19, 'Thalidon', '25'),
(4739, 4, 19, 'Timonil', '5'),
(4740, 1, 19, 'Timonil', '50'),
(4741, 8, 19, 'Tinazol', ''),
(4742, 8, 19, 'Topican', ''),
(4743, 4, 19, 'TPS', '500'),
(4744, 4, 19, 'TPS', '1 G'),
(4745, 4, 19, 'Tramapan', ''),
(4746, 4, 19, 'TT vax', ''),
(4747, 1, 19, 'Ultracal-C', ''),
(4748, 4, 19, 'Vancobac', '500'),
(4749, 4, 19, 'Vancobac', '1 g'),
(4750, 4, 19, 'Vencur', ''),
(4751, 1, 19, 'Vicard', ''),
(4752, 5, 19, 'Viewgut', ''),
(4753, 1, 19, 'Vidalin Gold', ''),
(4754, 1, 19, 'Vidalin Silver', ''),
(4755, 3, 19, 'Vitachild', ''),
(4756, 3, 19, 'Vizine', ''),
(4757, 1, 19, 'Vizine', ''),
(4758, 1, 19, 'Zadit', ''),
(4759, 3, 19, 'Zadit', ''),
(4760, 2, 19, 'Zemicef', '200'),
(4761, 2, 19, 'Zemicef', '400'),
(4762, 5, 19, 'Zemicef', ''),
(4763, 5, 19, 'Zemicef', ''),
(4764, 1, 19, 'Zibac', '500'),
(4765, 1, 19, 'Zibac', '250'),
(4766, 5, 19, 'Zibac', ''),
(4767, 4, 19, 'Zibac', '500'),
(4768, 4, 19, 'Zidicef', '250'),
(4769, 4, 19, 'Zidicef', '500'),
(4770, 4, 19, 'Zidicef', '1 g'),
(4771, 1, 19, 'Allynol', ''),
(4772, 1, 19, 'Cabergol', '0.5'),
(4773, 1, 19, 'I-Pill', ''),
(4774, 1, 19, 'Leroxin', '50'),
(4775, 1, 19, 'Medroxy', '10'),
(4776, 1, 19, 'Medroxy', '5'),
(4777, 1, 19, 'Remens', ''),
(4778, 1, 19, 'Tibo', ''),
(4779, 1, 19, 'Concor', '2.5'),
(4780, 1, 19, 'Concor', '5'),
(4781, 1, 19, 'Concor', '10'),
(4782, 1, 19, 'Ultracarbon', '250'),
(4783, 19, 19, 'Vigantol', ''),
(4784, 7, 19, 'Artear', ''),
(4785, 7, 19, 'Autotear', ''),
(4786, 7, 19, 'Besibac', ''),
(4787, 7, 19, 'Bfenac', ''),
(4788, 7, 19, 'Benozol', ''),
(4789, 7, 19, 'Brimo', ''),
(4790, 19, 19, 'D-Sol', ''),
(4791, 7, 19, 'Brimopres', ''),
(4792, 7, 19, 'Civox', ''),
(4793, 7, 19, 'Civodex', ''),
(4794, 5, 19, 'Fluromet', ''),
(4795, 7, 19, 'Gatibac', ''),
(4796, 7, 19, 'Levobac', ''),
(4797, 7, 19, 'Levobac TS', ''),
(4798, 1, 19, 'Levorex', ''),
(4799, 7, 19, 'Lomebac', ''),
(4800, 5, 19, 'Lotenol', ''),
(4801, 7, 19, 'Lotenol T', ''),
(4802, 7, 19, 'Lopadol', ''),
(4803, 7, 19, 'Moxibac', ''),
(4804, 5, 19, 'Natapro', ''),
(4805, 7, 19, 'Ocupres', '0.005'),
(4806, 5, 19, 'Ocusol', ''),
(4807, 7, 19, 'Optabac', ''),
(4808, 7, 19, 'Optacarpine', ''),
(4809, 19, 19, 'Optgel', ''),
(4810, 16, 19, 'Optagel', ''),
(4811, 7, 19, 'Optaloc', '0.005'),
(4812, 2, 19, 'Optavit', ''),
(4813, 7, 19, 'Orbidex C', ''),
(4814, 7, 19, 'Orbidex E', ''),
(4815, 7, 19, 'Orbidex T', ''),
(4816, 7, 19, 'Patadin', ''),
(4817, 7, 19, 'Patadin DS', ''),
(4818, 7, 19, 'P-Caine', ''),
(4819, 7, 19, 'Profenac', ''),
(4820, 7, 19, 'Sodicrom', ''),
(4821, 7, 19, 'Sodicrom DS', ''),
(4822, 7, 19, 'tobrabac', ''),
(4823, 7, 19, 'Tropidil', '0.01'),
(4824, 7, 19, 'Tropidil Plus', ''),
(4825, 7, 19, 'Vitafol', ''),
(4826, 7, 19, 'Zadit', ''),
(4827, 7, 19, 'Zibac', ''),
(4828, 11, 19, 'Amisol Gold', ''),
(4829, 11, 19, 'Amisol', ''),
(4830, 11, 19, 'Civox', ''),
(4831, 11, 19, 'Electrosal', ''),
(4832, 11, 19, 'Fatisol', ''),
(4833, 11, 19, 'F-Zol', ''),
(4834, 11, 19, 'Glucohart', ''),
(4835, 11, 19, 'Glucolin', ''),
(4836, 11, 19, 'Glucolin DS', ''),
(4837, 11, 19, 'Glucosal', ''),
(4838, 11, 19, 'Glucosal M', ''),
(4839, 11, 19, 'kolosal', ''),
(4840, 11, 19, 'Levobac', ''),
(4841, 11, 19, 'Metonid', ''),
(4842, 11, 19, 'Moxibac', ''),
(4843, 11, 19, 'Normalin', ''),
(4844, 11, 19, 'Pedisol ', ''),
(4845, 11, 19, 'Pedisol DS', ''),
(4846, 11, 19, 'Pofol', ''),
(4847, 11, 19, 'Rabigut', '20'),
(4848, 19, 19, 'Sterisol', ''),
(4849, 1, 19, 'T-Zol', '500'),
(4850, 1, 19, 'T-Zol', '1 g'),
(4851, 4, 19, 'T-Zol', ''),
(4852, 4, 19, 'Vidalin', ''),
(4853, 1, 12, 'Acecard', '1.25mg'),
(4854, 1, 12, 'Acecard', '2.5mg'),
(4855, 1, 12, 'Acecard', '5mg'),
(4856, 3, 12, 'Actilac', '100mg'),
(4857, 3, 12, 'Actilac', '200mg'),
(4858, 1, 12, 'Aeron', '10mg'),
(4859, 1, 12, 'Aeron', '4mg'),
(4860, 1, 12, 'Aeron', '5mg'),
(4861, 1, 12, 'Alcet', '5mg'),
(4862, 19, 12, 'Alcet', '2.5mg/5ml'),
(4863, 1, 12, 'Alinix', '500mg'),
(4864, 1, 12, 'Andep ', '50mg'),
(4865, 1, 12, 'Angenta ', ''),
(4866, 1, 12, 'Apagrel ', '5mg'),
(4867, 1, 12, 'Apagrel ', '10mg'),
(4868, 1, 12, 'Arthrofen ', '50mg+200mcg'),
(4869, 1, 12, 'Arthrofen ', '75mg+200mcg'),
(4870, 3, 12, 'Aroxol ', '100ml'),
(4871, 7, 12, 'Aroxol pediatric', '15ml'),
(4872, 1, 12, 'Bondrova', '150mg'),
(4873, 3, 12, 'Bromoxol', '100ml'),
(4874, 3, 12, 'Bromoxol DS', '100ml'),
(4875, 2, 12, 'Candinil', '50mg'),
(4876, 2, 12, 'Candinil', '150mg'),
(4877, 1, 12, 'Cafedon ', '500mg+65mg'),
(4878, 1, 12, 'Cevion', '1000mg'),
(4879, 1, 12, 'Combicard ', '5mg+50mg'),
(4880, 1, 12, 'Co-Disys', '80mg/5mg'),
(4881, 1, 12, 'Co-Disys', '160mg/5mg'),
(4882, 1, 12, 'Clonatril', '0.5mg'),
(4883, 1, 12, 'Clonatril ', '2mg'),
(4884, 2, 12, 'Denvar ', '200mg'),
(4885, 2, 12, 'Denvar ', '400mg'),
(4886, 5, 12, 'Denvar ', '50ml'),
(4887, 5, 12, 'Denvar DS', '37.5ml'),
(4888, 1, 12, 'Disys', '80mg'),
(4889, 1, 12, 'Disys', '160mg'),
(4890, 1, 12, 'Disys plus', '80mg/12.5mg'),
(4891, 1, 12, 'Efynal ', '200mg'),
(4892, 1, 12, 'Emistat', '8mg'),
(4893, 1, 12, 'Emistat F.T', '4mg'),
(4894, 4, 12, 'Emistat ', ''),
(4895, 3, 12, 'Emistat', '4mg/5ml)50ml'),
(4896, 1, 12, 'Esita ', '5mg'),
(4897, 1, 12, 'Esita ', '10mg'),
(4898, 1, 12, 'Furotil', '125mg'),
(4899, 1, 12, 'Furotil', '250mg'),
(4900, 1, 12, 'Furotil', '500mg'),
(4901, 15, 12, 'Furotil', '70ml'),
(4902, 4, 12, 'Furotil', '750mg'),
(4903, 4, 12, 'Furotil', '1.5gm'),
(4904, 1, 12, 'Feluric', '40mg'),
(4905, 1, 12, 'Feluric', '80mg'),
(4906, 0, 12, 'Gemicin', '320mg'),
(4907, 1, 12, 'GF-4', '400mg'),
(4908, 1, 12, 'Glymin XR', '500mg'),
(4909, 1, 12, 'Glymin ', '500mg'),
(4910, 1, 12, 'Glymin', '850mg'),
(4911, 1, 12, 'Hypnocum ', '7.5mg'),
(4912, 1, 12, 'Ind4ide SR', '1.5mg'),
(4913, 1, 12, 'Laxur', '20mg+50mg'),
(4914, 1, 12, 'Lexopil', '3mg'),
(4915, 1, 12, 'Losacor', '50mg'),
(4916, 1, 12, 'Losacor Plus', '50mg/12.5mg'),
(4917, 2, 12, 'Lyric', '75mg'),
(4918, 2, 12, 'Lyric', '150mg'),
(4919, 1, 12, 'Myorel', '10mg'),
(4920, 1, 12, 'Myorel', '5mg'),
(4921, 1, 12, 'Myorel', '25mg'),
(4922, 1, 12, 'Napryn', '250mg'),
(4923, 1, 12, 'Napryn', '500mg'),
(4924, 16, 12, 'Napryn', ''),
(4925, 4, 12, 'Neopenem', '500mg'),
(4926, 4, 12, 'Neopenem', '1g'),
(4927, 1, 12, 'Neural', '0.5mg'),
(4928, 1, 12, 'Nitrin SR', '2.6mg'),
(4929, 1, 12, 'Nomesis', '25mg+50mg'),
(4930, 11, 12, 'Nutril4e ', ''),
(4931, 2, 12, 'Opal', '20mg'),
(4932, 2, 12, 'Opal', '40mg'),
(4933, 4, 12, 'Oricef', '1.0G'),
(4934, 4, 12, 'Oricef', '500mg'),
(4935, 4, 12, 'Oricef', '250mg'),
(4936, 4, 12, 'Oricef', '1.0G'),
(4937, 4, 12, 'Oricef', '500mg'),
(4938, 4, 12, 'Oricef', '250mg'),
(4939, 4, 12, 'Oricef', '2gm'),
(4940, 1, 12, 'Pregel', '20mg'),
(4941, 1, 12, 'Pregel', '40mg'),
(4942, 2, 12, 'Prenat-CI', ''),
(4943, 2, 12, 'Prenat-Plus', ''),
(4944, 3, 12, 'Pogo ', '100ml'),
(4945, 1, 12, 'Quinoflox', '200mg'),
(4946, 1, 12, 'Renovit', ''),
(4947, 1, 12, 'Replet', '75mg'),
(4948, 1, 12, 'Replet Plus', '75mg+75mg'),
(4949, 1, 12, 'Resquin', '250mg'),
(4950, 1, 12, 'Resquin ', '500mg'),
(4951, 1, 12, 'Resquin', '750mg'),
(4952, 1, 12, 'Rhine', '150mg'),
(4953, 1, 12, 'Rizamig', '5mg'),
(4954, 1, 12, 'Robentyl', '10mg'),
(4955, 3, 12, 'Robentyl', '50ml'),
(4956, 1, 12, 'Rocal', '500mg'),
(4957, 1, 12, 'Rocal-D', '500mg'),
(4958, 1, 12, 'Rocal-M', '500mg'),
(4959, 2, 12, 'Rocef', '250mg'),
(4960, 2, 12, 'Rocef', '500mg'),
(4961, 3, 12, 'Rocef Dry', '100ml'),
(4962, 1, 12, 'Rocipro', '500mg'),
(4963, 1, 12, 'Rocipro', '750mg'),
(4964, 1, 12, 'Rovedilol ', '6.25mg'),
(4965, 1, 12, 'Rovedilol ', '12.5mg'),
(4966, 2, 12, 'Roxetil', '200mg'),
(4967, 5, 12, 'Roxetil', '50ml'),
(4968, 1, 12, 'Rozith', '250mg'),
(4969, 1, 12, 'Rozith ', '500mg'),
(4970, 5, 12, 'Rozith', '15ml'),
(4971, 5, 12, 'Rozith', '22.5ml'),
(4972, 5, 12, 'Rozith', '35ml'),
(4973, 4, 12, 'Rozith', '500mg'),
(4974, 15, 12, 'Rozith', '50ml'),
(4975, 5, 12, 'Rozith', '2gm'),
(4976, 1, 12, 'Santox', ''),
(4977, 1, 12, 'Sante Effer', ''),
(4978, 2, 12, 'Sergel', '20mg'),
(4979, 1, 12, 'Sergel', '20mg'),
(4980, 1, 12, 'Sergel ', '40mg'),
(4981, 4, 12, 'Sergel ', '40mg/5ml'),
(4982, 1, 12, 'Sizonil', '1mg'),
(4983, 1, 12, 'Sizonil', '5mg'),
(4984, 2, 12, 'Skilox', '250mg'),
(4985, 2, 12, 'Skilox', '500mg'),
(4986, 3, 12, 'Skilox Dry', ''),
(4987, 2, 12, 'Sl4fast', '120mg'),
(4988, 2, 12, 'Syndol', '50mg'),
(4989, 4, 12, 'Syndol', ''),
(4990, 1, 12, 'Synflex', '250mg+200mg'),
(4991, 2, 12, 'Tamisol-MR', '0.4mg'),
(4992, 1, 12, 'Ternilla', '100mg'),
(4993, 1, 12, 'Trexam ', '500mg'),
(4994, 1, 12, 'Ucorex', '100mg'),
(4995, 1, 12, 'Vestar MR', '35mg'),
(4996, 4, 12, 'Zop4e ', '500mg'),
(4997, 4, 12, 'Zop4e ', '1g'),
(4998, 8, 12, 'Adapel', '10gm'),
(4999, 8, 12, 'Betaval ', '15gm'),
(5000, 29, 12, 'Betaval ', '15gm'),
(5001, 8, 12, 'Betaval N ', '5gm'),
(5002, 29, 12, 'Betaval N ', '5gm'),
(5003, 29, 12, 'Mupiderm', '10gm'),
(5004, 8, 12, 'Spectazole N', '10gm'),
(5005, 8, 12, 'Spectazole N', '10gm'),
(5006, 8, 12, 'Triderm ', '10gm'),
(5007, 8, 12, 'Triderm ', '20gm'),
(5008, 8, 12, 'Temovate', '10gm'),
(5009, 8, 12, 'Temovate', '10gm'),
(5010, 7, 12, 'Mox4in Eye', '5ml'),
(5011, 7, 12, 'Resquin Eye', '5ml'),
(5012, 7, 12, 'Rocipro Eye', '5ml'),
(5013, 7, 12, 'T4ocare Eye', '5ml'),
(5014, 7, 12, 'Tobrel Eye', '5ml'),
(5015, 7, 12, 'Zocare Eye ', '10ml'),
(5016, 1, 7, 'Abdorin', '10 mg'),
(5017, 3, 7, 'Abdorin', ''),
(5018, 9, 7, 'Advel', '100 mg'),
(5019, 1, 7, 'Advel', '200 mg'),
(5020, 1, 7, 'Advel', '400 mg'),
(5021, 1, 7, 'Alprax', '0.25 mg'),
(5022, 1, 7, 'Alprax', '0.5 mg'),
(5023, 1, 7, 'Alprax XR', '1 mg'),
(5024, 1, 7, 'Alprax XR', '2 mg'),
(5025, 1, 7, 'Alucil-S', ''),
(5026, 3, 7, 'Amarin', '100 ml'),
(5027, 4, 7, 'Amarin', '2 ml'),
(5028, 1, 7, 'Amarin', '22.7 mg'),
(5029, 1, 7, 'Amifen', '250'),
(5030, 1, 7, 'Amifen', '500'),
(5031, 9, 7, 'Amifen', ''),
(5032, 1, 7, 'Amitor', '5/10.'),
(5033, 1, 7, 'Amillin', '10 mg'),
(5034, 1, 7, 'Amillin', '250 mg'),
(5035, 1, 7, 'Amocal', '5 mg'),
(5036, 1, 7, 'Amocal', '10 mg'),
(5037, 1, 7, 'Amocal-AT', ''),
(5038, 1, 7, 'Amocal-AT', '5/25.'),
(5039, 3, 7, 'Amocal-BZ', '2.5/10'),
(5040, 3, 7, 'Amocal-BZ', '5/10.'),
(5041, 3, 7, 'Amocal-BZ', '5/20.'),
(5042, 4, 7, 'Ampexin', '250 mg'),
(5043, 4, 7, 'Ampexin', '500 mg'),
(5044, 4, 7, 'Anefer', '5 mg'),
(5045, 1, 7, 'Anset', '4 mg'),
(5046, 1, 7, 'Anset', '8 mg'),
(5047, 4, 7, 'Anset', '8 mg');
INSERT INTO `drug` (`drugID`, `typeID`, `companyID`, `drugName`, `strength`) VALUES
(5048, 19, 7, 'Anset', '50 ml'),
(5049, 5, 7, 'Anset', '16 mg'),
(5050, 1, 7, 'Antrenex', '5 mg'),
(5051, 1, 7, 'Antoris MR', '35 mg'),
(5052, 1, 7, 'Arbitan', '75 mg'),
(5053, 1, 7, 'Arbitan', '150 mg'),
(5054, 1, 7, 'Arbitan', '300 mg'),
(5055, 1, 7, 'Arbitan Plus', '75 mg'),
(5056, 1, 7, 'Arbitan Plus', '150 mg'),
(5057, 1, 7, 'Arbitan Plus', '300 mg'),
(5058, 1, 7, 'Arain', '200 mg'),
(5059, 1, 7, 'Aripen', '10 mg'),
(5060, 1, 7, 'Aripen', '15 mg'),
(5061, 1, 7, 'Artoflex', '300 mg'),
(5062, 1, 7, 'Artoflex', '400 mg'),
(5063, 1, 7, 'Avas', '10 mg'),
(5064, 1, 7, 'Avas', '20 mg'),
(5065, 1, 7, 'Avas', '40 mg'),
(5066, 1, 7, 'Avodil-VL', '5/80 mg'),
(5067, 1, 7, 'Avodil-VL', '5/160 mg'),
(5068, 1, 7, 'Avodil-VL', '5/320 mg'),
(5069, 1, 7, 'Avodil-VL', '10/520 mg'),
(5070, 1, 7, 'Avox', '100 mg'),
(5071, 1, 7, 'Avox', '200 mg'),
(5072, 1, 7, 'Azicin', '250 mg'),
(5073, 1, 7, 'Azicin', '500 mg'),
(5074, 1, 7, 'Azicin', '1 gm'),
(5075, 3, 7, 'Azicin', '250 mg'),
(5076, 3, 7, 'Azicin', '500 mg'),
(5077, 9, 7, 'Azicin', ''),
(5078, 1, 7, 'Bec', ''),
(5079, 1, 7, 'Bec Plus', ''),
(5080, 1, 7, 'Beklo', '10 mg'),
(5081, 1, 7, 'Seklo', '25 mg'),
(5082, 1, 7, 'Beklo', '5 mg'),
(5083, 1, 7, 'Betasec', '50 mg'),
(5084, 8, 7, 'Betson-N', '5gm'),
(5085, 8, 7, 'Betson-CL', '10 gm'),
(5086, 29, 7, 'Betson-CL', '10 gm'),
(5087, 29, 7, 'Betson', '15 gm'),
(5088, 8, 7, 'Betson', '15 gm'),
(5089, 1, 7, 'Bislol', '10 mg'),
(5090, 1, 7, 'Bislol', '2.5 mg'),
(5091, 1, 7, 'Bislol', '5 mg'),
(5092, 1, 7, 'Bislol Plus', '2.5 mg'),
(5093, 1, 7, 'Bislol Plus', '5 mg'),
(5094, 1, 7, 'Bislol Plus', '10 mg'),
(5095, 1, 7, 'Bopam', '3 mg'),
(5096, 3, 7, 'Boxol', '100 ml'),
(5097, 7, 7, 'Boxol', ''),
(5098, 1, 7, 'Bromodel', '2.5 mg'),
(5099, 1, 7, 'Calac', '300 mg'),
(5100, 4, 7, 'Calci', '100 mg'),
(5101, 1, 7, 'Carticel', '500 mg'),
(5102, 1, 7, 'Carticel Plus', ''),
(5103, 1, 7, 'Caviiton', '5 mg'),
(5104, 1, 7, 'Ceftid', '200 mg'),
(5105, 1, 7, 'Ceftid', '400 mg'),
(5106, 3, 7, 'Ceftid', '200 mg'),
(5107, 3, 7, 'Ceftid', '400 mg'),
(5108, 9, 7, 'Ceftid', ''),
(5109, 9, 7, 'Ceftid DS', ''),
(5110, 4, 7, 'Ceftax', '1 gm'),
(5111, 4, 7, 'Ceftax', '500 mg'),
(5112, 4, 7, 'Ceftax', '250 mg'),
(5113, 1, 7, 'Centoxin', '0.25 mg'),
(5114, 0, 7, 'Centoxin', '60 ml'),
(5115, 4, 7, 'Cephran', '1 g'),
(5116, 9, 7, 'Cephran', ''),
(5117, 3, 7, 'Cephran', '500 mg'),
(5118, 4, 7, 'Cephran', '500 mg'),
(5119, 9, 7, 'Cephran DS', ''),
(5120, 1, 7, 'Cinaryl', '15 mg'),
(5121, 9, 7, 'Ciprox DS', ''),
(5122, 1, 7, 'Ciprox', '250 mg'),
(5123, 1, 7, 'Ciprox', '500 mg'),
(5124, 1, 7, 'Ciprox', '750 mg'),
(5125, 1, 7, 'Ciprox', '1000 mg'),
(5126, 11, 7, 'Ciprox', ''),
(5127, 1, 7, 'Citalex', '10 mg'),
(5128, 1, 7, 'Citin', '10 mg'),
(5129, 3, 7, 'Citin', '60 ml'),
(5130, 1, 7, 'Clamox', '1 gm'),
(5131, 1, 7, 'Clamox', '375'),
(5132, 1, 7, 'Clamox', '625'),
(5133, 4, 7, 'Clamox', '0.6 gm'),
(5134, 4, 7, 'Clamox', '1.2 gm'),
(5135, 9, 7, 'Clamox', '100 ml'),
(5136, 9, 7, 'Clamox', '35 ml DS'),
(5137, 3, 7, 'Clindax', '150 mg'),
(5138, 3, 7, 'Clindax', '300 mg'),
(5139, 4, 7, 'Clindax', '300 mg'),
(5140, 4, 7, 'Clindax', '600 mg'),
(5141, 33, 7, 'Clindax', '25 ml'),
(5142, 8, 7, 'Clindax', '20 mg'),
(5143, 16, 7, 'Clindax Plus', '10 gm'),
(5144, 19, 7, 'Clindax', '100 ml'),
(5145, 1, 7, 'Clinorel', '100 mg'),
(5146, 1, 7, 'Clinorel', '200 mg'),
(5147, 4, 7, 'Clinosol', '500 ml'),
(5148, 4, 7, 'Clinosol Gold', ''),
(5149, 1, 7, 'Clob', '10 mg'),
(5150, 1, 7, 'Clont', '75 mg'),
(5151, 1, 7, 'Clontas', ''),
(5152, 7, 7, 'Clobac', ''),
(5153, 9, 7, 'Clobac', ''),
(5154, 19, 7, 'Cloxin', ''),
(5155, 4, 7, 'Cloxin', '250 mg'),
(5156, 3, 7, 'Cloxin', '500 mg'),
(5157, 4, 7, 'Cloxin', '500 mg'),
(5158, 3, 7, 'Codvit S.G', ''),
(5159, 1, 7, 'Convules CR', '200 mg'),
(5160, 1, 7, 'Convules CR', '300 mg'),
(5161, 1, 7, 'Convules CR', '500 mg'),
(5162, 3, 7, 'Convules', '100 ml'),
(5163, 3, 7, 'Cophilex', ''),
(5164, 9, 7, 'Cots', ''),
(5165, 1, 7, 'Cotson', '10 mg'),
(5166, 4, 7, 'Cotson', '100 mg'),
(5167, 1, 7, 'Crezyme', '325 mg'),
(5168, 3, 7, 'D-Cough', ''),
(5169, 1, 7, 'Decason', '0.5 mg'),
(5170, 4, 7, 'Decason', '5 mg'),
(5171, 3, 7, 'Depil', '20 mg'),
(5172, 8, 7, 'Dermex', '10 gm'),
(5173, 29, 7, 'Dermex', '10 g'),
(5174, 8, 7, 'Dermex NN', ''),
(5175, 29, 7, 'Dermoban', '10 g'),
(5176, 1, 7, 'Des', '5 mg'),
(5177, 3, 7, 'Des', ''),
(5178, 16, 7, 'Diclofen', '10 g'),
(5179, 9, 7, 'Diclofen', '12.5 mg'),
(5180, 9, 7, 'Diclofen', '25 mg'),
(5181, 1, 7, 'Diclofen', '25 mg'),
(5182, 9, 7, 'Diclofen', '50 mg'),
(5183, 1, 7, 'Diclofen', '50 mg'),
(5184, 4, 7, 'Diclofen', '75 mg'),
(5185, 4, 7, 'Diclofen Plus', ''),
(5186, 1, 7, 'Diclofen SR', '100 mg'),
(5187, 1, 7, 'Diohes', '500 mg'),
(5188, 1, 7, 'Dismonal', '60 mg'),
(5189, 1, 7, 'Domin', '10 mg'),
(5190, 7, 7, 'Domin', ''),
(5191, 9, 7, 'Domin', ''),
(5192, 5, 7, 'Domin', '15mg'),
(5193, 5, 7, 'Domin', '30 mg'),
(5194, 3, 7, 'Domin', '50 mg'),
(5195, 3, 7, 'Domin', '100 mg'),
(5196, 1, 7, 'Duralax', '5 mg'),
(5197, 1, 7, 'Duric', '100 mg'),
(5198, 1, 7, 'Duric', '300 mg'),
(5199, 1, 7, 'Ebanex', '10 mg'),
(5200, 4, 7, 'Easium', '10 mg'),
(5201, 9, 7, 'Easium', '10 mg'),
(5202, 1, 7, 'Easium', '5 mg'),
(5203, 4, 7, 'Eclameil', '2.47g/5 ml'),
(5204, 8, 7, 'Ecozol Plus', '10 gm'),
(5205, 8, 7, 'Ecozol', '10 gm'),
(5206, 8, 7, 'Ecozol', '30 gm'),
(5207, 1, 7, 'Ecozol -VT', '150 gm'),
(5208, 3, 7, 'Edolac', '300 mg'),
(5209, 1, 7, 'Edolac', '600 ER'),
(5210, 1, 7, 'Efirel', '5 mg'),
(5211, 1, 7, 'Efirel', '10 mg'),
(5212, 1, 7, 'Emego', '50 mg'),
(5213, 1, 7, 'Emego Plus', ''),
(5214, 1, 7, 'Emer', '15 mg'),
(5215, 1, 7, 'Emer', '30 mg'),
(5216, 1, 7, 'Emer', '60 mg'),
(5217, 4, 7, 'Emer', '200 mg'),
(5218, 46, 7, 'Emer', '100 ml'),
(5219, 3, 7, 'Enclot', '500 mg'),
(5220, 4, 7, 'Enclot', '500 mg'),
(5221, 1, 7, 'Enviral', '0.5 mg'),
(5222, 1, 7, 'Enviral', '1 mg'),
(5223, 1, 7, 'Enviral', '100 ml'),
(5224, 19, 7, 'Enviral', ''),
(5225, 1, 7, 'Envitor', '330 mg'),
(5226, 1, 7, 'Epam', '5 mg'),
(5227, 9, 7, 'Ermac', ''),
(5228, 1, 7, 'Esleep', '1'),
(5229, 1, 7, 'Esleep', '2'),
(5230, 1, 7, 'Esotid', '20 mg'),
(5231, 1, 7, 'Esotid', '40 mg'),
(5232, 3, 7, 'Esotid', '20 mg'),
(5233, 3, 7, 'Esotid', '40 mg'),
(5234, 4, 7, 'Esotid', '40 mg'),
(5235, 1, 7, 'Exepross', '12.5 mg'),
(5236, 1, 7, 'Exepross', '3.125 mg'),
(5237, 1, 7, 'Exepross', '6.25 mg'),
(5238, 1, 7, 'Exepross', '25 mg'),
(5239, 3, 7, 'Ferol TR', ''),
(5240, 1, 7, 'Filin', '100 mg'),
(5241, 4, 7, 'Filin', '125 mg'),
(5242, 1, 7, 'Finix', '20 mg'),
(5243, 1, 7, 'Fixal', '120 mg'),
(5244, 1, 7, 'Fixal', '30 mg'),
(5245, 1, 7, 'Fixal', '60 mg'),
(5246, 1, 7, 'Fixal', '180 mg'),
(5247, 9, 7, 'Fixal', '50 ml'),
(5248, 1, 7, 'Fixal Plus', '60 mg'),
(5249, 7, 7, 'Flatuiex', '15 ml'),
(5250, 1, 7, 'Flocet', '200 mg'),
(5251, 1, 7, 'Flocet', '400 mg'),
(5252, 1, 7, 'Flogem', '320 mg'),
(5253, 3, 7, 'Flucon', '150 mg'),
(5254, 3, 7, 'Flucon', '200 mg'),
(5255, 3, 7, 'Flucon', '50 mg'),
(5256, 29, 7, 'Fluvate', '10 gm'),
(5257, 14, 7, 'Fluvate', ''),
(5258, 19, 7, 'Flux', ''),
(5259, 9, 7, 'Flux', ''),
(5260, 3, 7, 'Flux', '250 mg'),
(5261, 3, 7, 'Flux', '500 mg'),
(5262, 4, 7, 'Flux', '500 mg'),
(5263, 1, 7, 'Fluxit', ''),
(5264, 1, 7, 'Folic-Z', ''),
(5265, 1, 7, 'Frenos', ''),
(5266, 4, 7, 'Frusin', '20 mg'),
(5267, 1, 7, 'Frusin', '40 mg'),
(5268, 1, 7, 'Frusin Plus', '20 mg'),
(5269, 1, 7, 'Frusin Plus', '40 mg'),
(5270, 19, 7, 'Frusin', ''),
(5271, 8, 7, 'Fusicort', '10 g'),
(5272, 8, 7, 'Gentin', '10 g'),
(5273, 4, 7, 'Gentin', '20 mg'),
(5274, 4, 7, 'Gentin', '80 mg'),
(5275, 1, 7, 'Glims', '1 mg'),
(5276, 1, 7, 'Glims', '2 mg'),
(5277, 1, 7, 'Gpentin', '100 mg'),
(5278, 1, 7, 'Gpentin', '300 mg'),
(5279, 1, 7, 'Gpentin', '600 mg'),
(5280, 3, 7, 'Gpentin', '100 ml'),
(5281, 1, 7, 'Glizid', '80 mg'),
(5282, 1, 7, 'Glizid MR', '30 mg'),
(5283, 1, 7, 'Glucon', '5 mg'),
(5284, 5, 7, 'Gynoril', ''),
(5285, 1, 7, 'Halop', '5 mg'),
(5286, 3, 7, 'Histal', '60 ml'),
(5287, 8, 7, 'H-Trimazole', '10 g'),
(5288, 1, 7, 'Hypen SR', '1.5 mg'),
(5289, 1, 7, 'Hysomide', '10 mg'),
(5290, 4, 7, 'Hysomide', '20 mg'),
(5291, 1, 7, 'Hysomide', '20 mg'),
(5292, 3, 7, 'Improcal', '0.25 mg'),
(5293, 3, 7, 'Indomet', '100 mg'),
(5294, 3, 7, 'Indomet', '25 mg'),
(5295, 3, 7, 'Indomet SR', '75 mg'),
(5296, 1, 7, 'Inoten', '20 mg'),
(5297, 3, 7, 'I-Vita', ''),
(5298, 3, 7, 'Juvain', '100 ml'),
(5299, 1, 7, 'Juvain', '800 mg'),
(5300, 3, 7, 'KCL', '100 ml'),
(5301, 4, 7, 'KCL', '10 ml'),
(5302, 1, 7, 'Klabex', '250 mg'),
(5303, 1, 7, 'Klabex', '500 mg'),
(5304, 1, 7, 'Klabex', '500 mg'),
(5305, 4, 7, 'Kdrine', '10 mg'),
(5306, 1, 7, 'Kdrine', '5 mg'),
(5307, 1, 7, 'Ketocon', '200 mg'),
(5308, 3, 7, 'Keflin', '500 mg'),
(5309, 54, 7, 'Ketocon 2%', '60 ml'),
(5310, 37, 7, 'Kevirub', '250 ml'),
(5311, 37, 7, 'Kevirub', '50 ml'),
(5312, 8, 7, 'Kevilon', '30 gm'),
(5313, 1, 7, 'Kofen', '1 mg'),
(5314, 3, 7, 'Kofen', ''),
(5315, 3, 7, 'Laclose', ''),
(5316, 3, 7, 'Lantid', '15 mg'),
(5317, 3, 7, 'Lantid', '30 mg'),
(5318, 1, 7, 'Larb', '25 mg'),
(5319, 1, 7, 'Larb', '50 mg'),
(5320, 1, 7, 'Larb', '100 mg'),
(5321, 1, 7, 'Larb', '50 Plus'),
(5322, 1, 7, 'Larb', '100 Plus'),
(5323, 1, 7, 'Larcan', '10 mg'),
(5324, 1, 7, 'Laxirin', '5 mg'),
(5325, 1, 7, 'Laxirin', '10 mg'),
(5326, 3, 7, 'Lesterol', '20 mg'),
(5327, 1, 7, 'Levox', '250 mg'),
(5328, 1, 7, 'Levox', '500 mg'),
(5329, 1, 7, 'Levox', '750 mg'),
(5330, 11, 7, 'Levox', '500 mg'),
(5331, 19, 7, 'Levox', '100 ml'),
(5332, 1, 7, 'Liconor', '150 mg'),
(5333, 1, 7, 'Liconor', '300 mg'),
(5334, 9, 7, 'Liconor', '50 mlk'),
(5335, 3, 7, 'Loperin', '2 mg'),
(5336, 1, 7, 'Lora', '10 mg'),
(5337, 9, 7, 'Lora', ''),
(5338, 1, 7, 'Lora Plus', '120'),
(5339, 1, 7, 'Lora Plus', '240'),
(5340, 8, 7, 'Lorix', '30 gm'),
(5341, 33, 7, 'Lorix Plus', '60 ml'),
(5342, 9, 7, 'Magacil Plus', '200 ml'),
(5343, 1, 7, 'Mave', '135 ml'),
(5344, 3, 7, 'Mave SR', '200 mg'),
(5345, 50, 7, 'Maxilax', '10 gm'),
(5346, 1, 7, 'Medrolin', '50 mg'),
(5347, 19, 7, 'Meoral', '10 ml'),
(5348, 1, 7, 'Met', '500 mg'),
(5349, 1, 7, 'Met', '850 mg'),
(5350, 1, 7, 'Met XR', '500 MG'),
(5351, 1, 7, 'Met XR', '750 MG'),
(5352, 1, 7, 'Metherspan', '0.125 mg'),
(5353, 4, 7, 'Metherspan', '200 mcg'),
(5354, 1, 7, 'Metocol', '100 mg'),
(5355, 3, 7, 'Metocol', ''),
(5356, 7, 7, 'Metocol', ''),
(5357, 1, 7, 'Metryl', '200 mg'),
(5358, 1, 7, 'Metryl', '400 mg'),
(5359, 1, 7, 'Metryl', '500 mg'),
(5360, 9, 7, 'Metryl', ''),
(5361, 11, 7, 'Metryl', ''),
(5362, 9, 7, 'Magacel Plus', ''),
(5363, 1, 7, 'Midolam', '7.5 mg'),
(5364, 1, 7, 'Midolam', '15 mg'),
(5365, 4, 7, 'Midolam', '15 mg'),
(5366, 4, 7, 'Midolam', '5 mg'),
(5367, 4, 7, 'Midolam', '25 mg'),
(5368, 1, 7, 'Minium', '5 mg'),
(5369, 1, 7, 'Minium', '10 mg'),
(5370, 9, 7, 'MOM', ''),
(5371, 1, 7, 'Movex', '100 mg'),
(5372, 9, 7, 'Moxin', ''),
(5373, 7, 7, 'Moxin', ''),
(5374, 3, 7, 'Moxin', '250 mg'),
(5375, 4, 7, 'Moxin', '250 mg'),
(5376, 1, 7, 'Moxin', '250 mg'),
(5377, 3, 7, 'Moxin', '500 mg'),
(5378, 4, 7, 'Moxin', '500 mg'),
(5379, 1, 7, 'Moxin', '875 mg'),
(5380, 9, 7, 'Moxin DS', ''),
(5381, 1, 7, 'Mudiral', '100 mg'),
(5382, 1, 7, 'Mudiral', '25 mg'),
(5383, 1, 7, 'Mudiral', '50 mg'),
(5384, 3, 7, 'Munil', ''),
(5385, 4, 7, 'Myelin', '3 ml'),
(5386, 1, 7, 'Myelin', ''),
(5387, 19, 7, 'Naf', ''),
(5388, 1, 7, 'Nameso', '375 mg'),
(5389, 1, 7, 'Nameso', '500 mg'),
(5390, 14, 7, 'Nasonex', ''),
(5391, 1, 7, 'Natal-16', ''),
(5392, 1, 7, 'Naxin', '250 mg'),
(5393, 1, 7, 'Naxin', '500 mg'),
(5394, 29, 7, 'Neocin', '10 g'),
(5395, 29, 7, 'Neocin Plus', '10 g'),
(5396, 15, 7, 'Neocin', '5 gm'),
(5397, 1, 7, 'Nerviton', '0.5 mg'),
(5398, 4, 7, 'Nerviton', '0.5 mg'),
(5399, 8, 7, 'Neozine', '25 gm'),
(5400, 3, 7, 'Nid', ''),
(5401, 1, 7, 'Nid', '20 mg'),
(5402, 1, 7, 'Olsart', '20 mg'),
(5403, 1, 7, 'Olsart HZ', '20 mg'),
(5404, 1, 7, 'Olsart HZ', '40 mg'),
(5405, 1, 7, 'Olsart', '40 mg'),
(5406, 4, 7, 'Ocin', '5 units'),
(5407, 3, 7, 'Ometid', '20 mg'),
(5408, 3, 7, 'Ometid', '40 mg'),
(5409, 4, 7, 'Ometid', '40 mg'),
(5410, 1, 7, 'Open', '250 mg'),
(5411, 1, 7, 'Open', '500 mg'),
(5412, 9, 7, 'Open', ''),
(5413, 9, 7, 'Opsomycetin', ''),
(5414, 1, 7, 'Opsonil', '100 mg'),
(5415, 4, 7, 'Opsonil', '50 mg'),
(5416, 1, 7, 'Opsonil', '50 mg'),
(5417, 3, 7, 'Opsovit', '100 ml'),
(5418, 3, 7, 'Opsovit', '200 ml'),
(5419, 4, 7, 'Opsovit', '2 ml'),
(5420, 1, 7, 'Opsovit MM', ''),
(5421, 1, 7, 'Opsovit', ''),
(5422, 1, 7, 'Opsovit', ''),
(5423, 3, 7, 'Opsovit Z', '100 ml'),
(5424, 3, 7, 'Opsovit ZI', '100 ml'),
(5425, 1, 7, 'Ornil', '500 mg'),
(5426, 1, 7, 'Ostogen', '500 mg'),
(5427, 1, 7, 'Osrogen Jr.', '250 mg'),
(5428, 1, 7, 'Ostogen D', ''),
(5429, 1, 7, 'Ostogen C', ''),
(5430, 0, 7, 'Ostogen Bone', ''),
(5431, 1, 7, 'Osogen Plus', ''),
(5432, 1, 7, 'Otosil', '100 mg'),
(5433, 46, 7, 'Otosil', '100 ml'),
(5434, 1, 7, 'Otosil', '25 ml'),
(5435, 46, 7, 'Otosil', '60 ml'),
(5436, 3, 7, 'Ovit-A', '0.5 lac'),
(5437, 3, 7, 'Ovit-E', '200 I.U'),
(5438, 3, 7, 'Ovit-E', '400 I.U'),
(5439, 7, 7, 'Oxynex', '0.00025'),
(5440, 7, 7, 'Oxynex', '0.0005'),
(5441, 14, 7, 'Oxynex', '0.0005'),
(5442, 1, 7, 'Pantid', '20 mg'),
(5443, 1, 7, 'Pantid', '40 mg'),
(5444, 4, 7, 'Pantid', '40 mg'),
(5445, 4, 7, 'Pantid', '20 mg'),
(5446, 4, 7, 'Pen-G', '10 lac'),
(5447, 4, 7, 'Pen-G', '5 lac'),
(5448, 1, 7, 'Pase', '0.5 mg'),
(5449, 1, 7, 'Pase', '1 mg'),
(5450, 1, 7, 'Pase', '2 mg'),
(5451, 7, 7, 'Pase', ''),
(5452, 1, 7, 'Peptid', '20mg'),
(5453, 1, 7, 'Perindal', '2+'),
(5454, 1, 7, 'Perindal', '4+'),
(5455, 1, 7, 'Perm4al', ''),
(5456, 1, 7, 'Pifen', '0.5 mg'),
(5457, 1, 7, 'Pifen', '1.5 mg'),
(5458, 1, 7, 'Piol', '15 mg'),
(5459, 1, 7, 'piol', '30 mg'),
(5460, 1, 7, 'Piol-M', '500'),
(5461, 1, 7, 'Piol-M', '850'),
(5462, 29, 7, 'Povin', '10 g'),
(5463, 1, 7, 'Precodil', '5 mg'),
(5464, 1, 7, 'Precodil', '10 mg'),
(5465, 1, 7, 'Precodil', '20 mg'),
(5466, 19, 7, 'Precodil 5', '50 ml'),
(5467, 19, 7, 'Precodil 5', '100 ml'),
(5468, 19, 7, 'precodil 15', '50 ml'),
(5469, 19, 7, 'precodil 15', '100 ml'),
(5470, 3, 7, 'Pregaba', '50 mg'),
(5471, 3, 7, 'Pregaba', '75 mg'),
(5472, 3, 7, 'Pregaba', '100 mg'),
(5473, 1, 7, 'Preloc', '25 mg'),
(5474, 1, 7, 'Preloc', '50 mg'),
(5475, 4, 7, 'Propen', '4 lac'),
(5476, 4, 7, 'Propen', '8 lac'),
(5477, 1, 7, 'Propranol', '10 mg'),
(5478, 1, 7, 'Propranol', '40 mg'),
(5479, 1, 7, 'Protecor', ''),
(5480, 14, 7, 'Pulmicort', ''),
(5481, 1, 7, 'Pulmolin', '2 mg'),
(5482, 1, 7, 'Pulmolin', '40 mg'),
(5483, 3, 7, 'Pulmolin', '100 ml'),
(5484, 3, 7, 'Pulmolin', '60 ml'),
(5485, 1, 7, 'Purilin', '1 mg'),
(5486, 1, 7, 'Purilin', '2 mg'),
(5487, 3, 7, 'Purilin', '50 ml'),
(5488, 3, 7, 'Purilin', '100 ml'),
(5489, 1, 7, 'Pylocure', ''),
(5490, 4, 7, 'Raltrox', '1 ml'),
(5491, 4, 7, 'Raltrox', '2 ml'),
(5492, 1, 7, 'Ramace ', '1.25 mg'),
(5493, 1, 7, 'Ramace ', '2.5 mg'),
(5494, 1, 7, 'Ramace ', '5 mg'),
(5495, 1, 7, 'Ranitid', '150 mg'),
(5496, 1, 7, 'Ranitid', '300 mg'),
(5497, 3, 7, 'Ranitid', '100 ml'),
(5498, 4, 7, 'Ranitid', '50 mg'),
(5499, 1, 7, 'Renomet', ''),
(5500, 5, 7, 'Renova', '60 mg'),
(5501, 9, 7, 'Renova', '125 mg'),
(5502, 9, 7, 'Renova', '250 mg'),
(5503, 9, 7, 'Renova', '500 mg'),
(5504, 7, 7, 'Renova', ''),
(5505, 1, 7, 'Renova', '500 mg'),
(5506, 1, 7, 'Renova XR', ''),
(5507, 9, 7, 'Renova', '60 ml'),
(5508, 9, 7, 'Renova', '100 ml'),
(5509, 3, 7, 'Renova', '100 ml'),
(5510, 1, 7, 'Renova Plus', ''),
(5511, 3, 7, 'Renova', '60 ml'),
(5512, 4, 7, 'Repanid', '0.5 mg'),
(5513, 4, 7, 'Repanid', '1 mg'),
(5514, 4, 7, 'Repanid', '2 mg'),
(5515, 1, 7, 'Rifagut', '200 mg'),
(5516, 1, 7, 'Rifagut', '550 mg'),
(5517, 1, 7, 'Risperdex', '1 mg'),
(5518, 1, 7, 'Risperdex', '2 mg'),
(5519, 1, 7, 'Rito', '60 mg'),
(5520, 1, 7, 'Rito', '90 mg'),
(5521, 1, 7, 'Rito', '120 mg'),
(5522, 4, 7, 'Ronem', '1 g'),
(5523, 4, 7, 'Ronem', '500 mg'),
(5524, 1, 7, 'Ropitor', '5 mg'),
(5525, 1, 7, 'Ropitor', '10 mg'),
(5526, 1, 7, 'Ropitor', '20 mg'),
(5527, 1, 7, 'Rovantin', '100 mg'),
(5528, 1, 7, 'Rovantin', '200 mg'),
(5529, 9, 7, 'Rovantin', '50 ml'),
(5530, 9, 7, 'Rovantin', '50 ml DS'),
(5531, 7, 7, 'Rovantin', '15 ml'),
(5532, 1, 7, 'Rhinor MR', '10 mg'),
(5533, 3, 7, 'Rymin', '100 ml'),
(5534, 1, 7, 'Salazine', '500 mg'),
(5535, 1, 7, 'Sefur', '125 mg'),
(5536, 1, 7, 'Sefur', '250 mg'),
(5537, 1, 7, 'Sefur', '500 mg'),
(5538, 4, 7, 'Sefur', '750 mg'),
(5539, 4, 7, 'Sefur', '1.5 gm'),
(5540, 9, 7, 'Sefur', ''),
(5541, 9, 7, 'Sefur DS', ''),
(5542, 4, 7, 'Serozid', '250 mg'),
(5543, 4, 7, 'Serozid', '1 g'),
(5544, 4, 7, 'Serozid', '500 mg'),
(5545, 1, 7, 'Solas', '100 mg'),
(5546, 9, 7, 'Solas', ''),
(5547, 1, 7, 'Solrin', '75 mg'),
(5548, 1, 7, 'Span', '40 mg'),
(5549, 1, 7, 'Sudotab', '60 mg'),
(5550, 14, 7, 'T-Cort', ''),
(5551, 3, 7, 'Tigirate', '200 mg'),
(5552, 1, 7, 'Tiniril', '8 mg'),
(5553, 1, 7, 'Tizalud', '2 mg'),
(5554, 1, 7, 'Todol', '10 mg'),
(5555, 4, 7, 'Todol', '30 mg'),
(5556, 4, 7, 'Todol', '60 mg'),
(5557, 1, 7, 'Tolson', '50 mg'),
(5558, 1, 7, 'Tolson', '100 mg'),
(5559, 4, 7, 'Tolson', '100 mg'),
(5560, 4, 7, 'Tolson Plus', '100 mg'),
(5561, 1, 7, 'Tracet', ''),
(5562, 4, 7, 'Tranal', '100 mg'),
(5563, 5, 7, 'Tranal', '100 mg'),
(5564, 3, 7, 'Tranal', '50 mg'),
(5565, 4, 7, 'Traxon', '1 g'),
(5566, 4, 7, 'Traxon', '250 mg'),
(5567, 4, 7, 'Traxon', '500 mg'),
(5568, 4, 7, 'Traxon', '1 g'),
(5569, 4, 7, 'Traxon', '2 g'),
(5570, 4, 7, 'Traxon', '250 mg'),
(5571, 4, 7, 'Traxon', '500 mg'),
(5572, 1, 7, 'Trilock', '10 mg'),
(5573, 1, 7, 'Trilock', '5 mg'),
(5574, 1, 7, 'Trilock', '4 mg'),
(5575, 8, 7, 'Trimazole', '10 g'),
(5576, 3, 7, 'Trubid', '500 mg'),
(5577, 3, 7, 'Trubid', '125 mg'),
(5578, 3, 7, 'Trubid', '250 gm'),
(5579, 7, 7, 'Trubid', ''),
(5580, 3, 7, 'Tus4a', ''),
(5581, 8, 7, 'Unigal HC', '10 gm'),
(5582, 16, 7, 'Unigal', '15 gm'),
(5583, 3, 7, 'Unilin', '100 ml'),
(5584, 3, 7, 'Unilin', '50 ml'),
(5585, 1, 7, 'Unilin CR', '200 mg'),
(5586, 1, 7, 'Unilin CR', '300 mg'),
(5587, 1, 7, 'Unilin CR', '400 mg'),
(5588, 1, 7, 'Urinom', '0.4 mg'),
(5589, 1, 7, 'Urobak', '100 mg'),
(5590, 19, 7, 'Urobak', '100 ml'),
(5591, 9, 7, 'Utirex', ''),
(5592, 11, 7, 'Vancomin', '1 gm'),
(5593, 11, 7, 'Vancomin', '500 mg'),
(5594, 3, 7, 'Vasco', '100 ml'),
(5595, 1, 7, 'Vasco', '250 mg'),
(5596, 4, 7, 'Vergon', '12.5 mg'),
(5597, 1, 7, 'Vergon', '5 mg'),
(5598, 3, 7, 'Vergon', '50 ml'),
(5599, 3, 7, 'Vergon', '100 ml'),
(5600, 3, 7, 'Vermicom', ''),
(5601, 1, 7, 'Vermicom', '40 mg'),
(5602, 1, 7, 'Vgard', ''),
(5603, 4, 7, 'Visral', '2 ml'),
(5604, 1, 7, 'Visral', '50 mg'),
(5605, 7, 7, 'Vita-M', ''),
(5606, 3, 7, 'Vizicon', ''),
(5607, 3, 7, 'Vizicon Gold', ''),
(5608, 4, 7, 'Water', '5 ml'),
(5609, 4, 7, 'Xenim', '1 g'),
(5610, 4, 7, 'Xenim', '500mg'),
(5611, 3, 7, 'Xinolax DR', '20 mg'),
(5612, 3, 7, 'Xinolax DR', '30 mg'),
(5613, 3, 7, 'Xinolax DR', '60 mg'),
(5614, 1, 7, 'Xyril', '10 mg'),
(5615, 1, 7, 'Xyril', '25 mg'),
(5616, 3, 7, 'Xyril', '100 ml'),
(5617, 7, 7, 'Xylomet', '0.001'),
(5618, 7, 7, 'Xylomet Plus', ''),
(5619, 14, 7, 'Zelanex', ''),
(5620, 1, 7, 'Zovia Gold', ''),
(5621, 3, 7, 'Zovia Gold', ''),
(5622, 1, 7, 'Zovia Silver', ''),
(5623, 1, 7, 'Zovia Kids', ''),
(5624, 1, 7, 'Zoxan', '500 mg'),
(5625, 9, 7, 'Zoxan', '30 ml'),
(5626, 9, 7, 'Zoxan', '60 ml'),
(5627, 2, 11, 'Genamox ', '500mg'),
(5628, 7, 11, 'Genamox', ''),
(5629, 9, 11, 'Gentrim', ''),
(5630, 1, 11, 'Gentrim', '480 mg'),
(5631, 4, 11, 'Imacef', '1 mg'),
(5632, 4, 11, 'Imacef', '500mg'),
(5633, 4, 11, 'Imacef', '250mg'),
(5634, 4, 11, 'Imacef', '2gm'),
(5635, 1, 11, 'Levogen', '500mg'),
(5636, 1, 11, 'Macrobid', '500mg'),
(5637, 9, 11, 'Metrion', ''),
(5638, 1, 11, 'Mertrion', '400mg'),
(5639, 1, 11, 'Pivicil', '200mg'),
(5640, 1, 11, 'Secomax', '250mg'),
(5641, 1, 11, 'Secomax', '500mg'),
(5642, 5, 11, 'Secomax', ''),
(5643, 2, 11, 'Tocef', '200mg'),
(5644, 3, 11, 'Tocef Dry', ''),
(5645, 2, 11, 'Tocef', '400'),
(5646, 9, 11, 'Tocef', ''),
(5647, 2, 11, 'Velogen', '250mg'),
(5648, 2, 11, 'Velogen', '500mg'),
(5649, 9, 11, 'Velogen', ''),
(5650, 7, 11, 'Velogen', ''),
(5651, 2, 11, 'Trtragen', '250mg'),
(5652, 1, 11, 'Azomac', '500mg'),
(5653, 15, 11, 'Azomac TM', ''),
(5654, 15, 11, 'Azomac TM', ''),
(5655, 15, 11, 'Azomac TM', ''),
(5656, 2, 11, 'Clodin', ''),
(5657, 2, 11, 'Clodin', ''),
(5658, 3, 11, 'Ankof', ''),
(5659, 3, 11, 'Broxine', ''),
(5660, 3, 11, 'Cofnil Syp', ''),
(5661, 1, 11, 'Ephedrol', ''),
(5662, 3, 11, 'Hitagen', ''),
(5663, 3, 11, 'Hitagen', ''),
(5664, 1, 11, 'Hitagen', '4mg'),
(5665, 1, 11, 'Levair', '1mg'),
(5666, 1, 11, 'Levair', '2mg'),
(5667, 3, 11, 'Levair', ''),
(5668, 3, 11, 'Sulbut', ''),
(5669, 13, 11, 'Lorin', '10mg'),
(5670, 9, 11, 'Lorin', ''),
(5671, 1, 11, 'Relergy', '5mg'),
(5672, 1, 11, 'Telukast', '5mg'),
(5673, 1, 11, 'Telukast', '10mg'),
(5674, 1, 11, 'Telukast', '4mg'),
(5675, 1, 11, 'Anquil', '7.5mg'),
(5676, 1, 11, 'Anquil', '15mg'),
(5677, 1, 11, 'Amit', '10mg'),
(5678, 1, 11, 'Amit', '25mg'),
(5679, 1, 11, 'Ariprazole', '5mg'),
(5680, 1, 11, 'Ariprazole', '10mg'),
(5681, 1, 11, 'Cereton', '5mg'),
(5682, 1, 11, 'Citapram', '10mg'),
(5683, 1, 11, 'Citapram', '20mg'),
(5684, 1, 11, 'Deleta', ''),
(5685, 1, 11, 'D-Pan', '5mg'),
(5686, 1, 11, 'Epiclon', '2mg'),
(5687, 1, 11, 'Epiclon', '0.5mg'),
(5688, 1, 11, 'Extranil', '5mg'),
(5689, 1, 11, 'Flutrip', ''),
(5690, 1, 11, 'Lopez', '10mg'),
(5691, 1, 11, 'Lopez', '5mg'),
(5692, 1, 11, 'Mecobal', '0.5mg'),
(5693, 1, 11, 'Piratam', ''),
(5694, 19, 11, 'Piratam', ''),
(5695, 1, 11, 'Mitrazin', '15mg'),
(5696, 2, 11, 'Nodep', '20mg'),
(5697, 1, 11, 'Riscord', '1mg'),
(5698, 1, 11, 'Riscord', '2mg'),
(5699, 1, 11, 'Riscord', '4mg'),
(5700, 1, 11, 'Relafin', '50mg'),
(5701, 1, 11, 'Perigen', '5mg'),
(5702, 1, 11, 'Proval', '200mg'),
(5703, 3, 11, 'Proval', ''),
(5704, 2, 11, 'Prebalin', '50mg'),
(5705, 2, 11, 'Prebalin', '75mg'),
(5706, 2, 11, 'Prebalin', '150mg'),
(5707, 1, 11, 'Setra', '100mg'),
(5708, 1, 11, 'Setra', '50mg'),
(5709, 1, 11, 'Setra', '25mg'),
(5710, 1, 11, 'S-Citapram', '5mg'),
(5711, 1, 11, 'S-Citapram', '10mg'),
(5712, 2, 11, 'S-Citapram', '15mg'),
(5713, 2, 11, 'Slipam', '15mg'),
(5714, 1, 11, 'Serelam', '0.25mg'),
(5715, 1, 11, 'Serelam', '0.50mg'),
(5716, 1, 11, 'Tenapam', '3mg'),
(5717, 1, 11, 'Tiapine', '25mg'),
(5718, 1, 11, 'Tiapine', '100mg'),
(5719, 1, 11, 'Venlax', '37.5mg'),
(5720, 1, 11, 'Venlax', '75mg'),
(5721, 2, 11, 'Bic-F', ''),
(5722, 1, 11, 'Bost', ''),
(5723, 1, 11, 'Ceto', ''),
(5724, 1, 11, 'Costin', '500mg'),
(5725, 1, 11, 'Cadmin Plus', ''),
(5726, 1, 11, 'Cadmin Tab', ''),
(5727, 2, 11, 'E-fill ', '200'),
(5728, 2, 11, 'E-fill', '400'),
(5729, 2, 11, 'Folized', ''),
(5730, 3, 11, 'Genaplex', ''),
(5731, 3, 11, 'Genaplex', ''),
(5732, 3, 11, 'Multi Seas', ''),
(5733, 3, 11, 'Multi Seas', ''),
(5734, 2, 11, 'Multi Seas', '0.3'),
(5735, 1, 11, 'Super Gold', ''),
(5736, 1, 11, 'Super Silver', ''),
(5737, 3, 11, 'Zico', ''),
(5738, 3, 11, 'Zico Plus', ''),
(5739, 1, 11, 'Q 10', '30mg'),
(5740, 1, 11, 'Q 10', '60mg'),
(5741, 8, 11, 'Cloderm', ''),
(5742, 8, 11, 'Cutisone', ''),
(5743, 29, 11, 'Cutisone', ''),
(5744, 16, 11, 'Dakrin', ''),
(5745, 8, 11, 'Eclo', ''),
(5746, 29, 11, 'Eclo', ''),
(5747, 29, 11, 'Elocan', ''),
(5748, 8, 11, 'Gemison', ''),
(5749, 29, 11, 'Gemison', ''),
(5750, 2, 11, 'Galfin', '50mg'),
(5751, 2, 11, 'Galfin', '150mg'),
(5752, 1, 11, 'Infud', '250mg'),
(5753, 8, 11, 'Infud', ''),
(5754, 8, 11, 'Miclo', ''),
(5755, 29, 11, 'Miclo', ''),
(5756, 29, 11, 'Muroderm', ''),
(5757, 29, 11, 'Neogen Plus', ''),
(5758, 1, 11, 'Rose', '500'),
(5759, 8, 11, 'Skilin', ''),
(5760, 8, 11, 'Skilin', ''),
(5761, 29, 11, 'Stelone', ''),
(5762, 8, 11, 'Tricodema', ''),
(5763, 1, 11, 'Adpas', '15mg'),
(5764, 1, 11, 'Gored', '30mg'),
(5765, 1, 11, 'Gored MR', '30mg'),
(5766, 1, 11, 'Sugamet', '500mg'),
(5767, 1, 11, 'Sugamet', '850mg'),
(5768, 1, 11, 'Glirid', '1mg'),
(5769, 1, 11, 'Glirid', '2mg'),
(5770, 1, 11, 'Metiglit-2', ''),
(5771, 1, 11, 'Metiglit-1', ''),
(5772, 1, 11, 'Rosiglim-1', ''),
(5773, 1, 11, 'Rosiglim-2', ''),
(5774, 1, 11, 'Viptin Tab', '50mg'),
(5775, 1, 11, 'Tamoxen', '10mg'),
(5776, 1, 11, 'Tamoxen', '20mg'),
(5777, 1, 11, 'Tolorin', ''),
(5778, 1, 11, 'Urolosin', '0.4mg'),
(5779, 1, 11, 'l- Carni', ''),
(5780, 45, 11, 'Rice Saline', ''),
(5781, 41, 11, 'Cleanser', ''),
(5782, 19, 11, 'Cleanser Aniseptic', ''),
(5783, 16, 11, 'Bongel', ''),
(5784, 19, 11, 'Handiwash', ''),
(5785, 19, 11, 'Handiwash', ''),
(5786, 19, 11, 'Handiwash', ''),
(5787, 1, 11, 'Urostat', '40mg'),
(5788, 1, 11, 'Urostat', '80mg'),
(5789, 4, 11, 'Toroaid', '30mg/2ml'),
(5790, 4, 11, 'Toroaid', '60mg/2ml'),
(5791, 4, 11, 'Power19', '500ml'),
(5792, 4, 11, 'Bost', ''),
(5793, 4, 11, 'Ronac Plus', ''),
(5794, 4, 11, 'Mecobal', ''),
(5795, 4, 11, 'Power19', ''),
(5796, 4, 11, 'Trumen', ''),
(5797, 4, 11, 'Kidifer', ''),
(5798, 4, 11, 'Cereton', ''),
(5799, 4, 11, 'Claxo', '40'),
(5800, 4, 11, 'Claxo', '60'),
(5801, 4, 11, 'Extranil', ''),
(5802, 11, 11, 'Metrion', ''),
(5803, 4, 11, 'Perigen', ''),
(5804, 4, 11, 'Cleodin', ''),
(5805, 4, 11, 'Cleodin', ''),
(5806, 1, 11, 'Celeste', '20mg'),
(5807, 1, 11, 'Celeste', '10mg'),
(5808, 7, 11, 'Gatigen', ''),
(5809, 7, 11, 'Genrob', ''),
(5810, 29, 11, 'Gentob', ''),
(5811, 7, 11, 'Levogen', ''),
(5812, 7, 11, 'Levogen', ''),
(5813, 7, 11, 'Levogen', ''),
(5814, 7, 11, 'Moxigen', ''),
(5815, 7, 11, 'Ocuclor', ''),
(5816, 29, 11, 'Ocuclor', ''),
(5817, 7, 11, 'Dexagen', ''),
(5818, 29, 11, 'Dexagen', ''),
(5819, 7, 11, 'Dexaflox', ''),
(5820, 7, 11, 'Predflam', ''),
(5821, 7, 11, 'Dexagen C', ''),
(5822, 7, 11, 'Dexagen T', ''),
(5823, 29, 11, 'Dexagen T', ''),
(5824, 7, 11, 'Dexagen G', ''),
(5825, 7, 11, 'Acunac', ''),
(5826, 7, 11, 'Toroaid', ''),
(5827, 7, 11, 'Ologen', ''),
(5828, 7, 11, 'Ologen DS', ''),
(5829, 7, 11, 'Ocutifen', ''),
(5830, 7, 11, 'Bepogen', ''),
(5831, 7, 11, 'Combat', ''),
(5832, 7, 11, 'Genazopt', ''),
(5833, 7, 11, 'Glytear ED', ''),
(5834, 7, 11, 'Teargen', ''),
(5835, 16, 11, 'Tearfresh Liquigel', ''),
(5836, 7, 11, 'Vitalens', ''),
(5837, 7, 11, 'Tropigen', ''),
(5838, 7, 11, 'Tropigen Plus', ''),
(5839, 2, 11, 'Lutin Plus', ''),
(5840, 1, 11, 'Alton', '20mg'),
(5841, 9, 11, 'Domilin', ''),
(5842, 1, 11, 'Domilin', '10mg'),
(5843, 3, 11, 'Gepin', ''),
(5844, 1, 11, 'Gepin', '150mg'),
(5845, 1, 11, 'Helicon Kit', ''),
(5846, 2, 11, 'Prevas', '20mg'),
(5847, 2, 11, 'Prevas', '40mg'),
(5848, 1, 11, 'Pantogen', '20mg'),
(5849, 1, 11, 'Pantogen', '40mg'),
(5850, 3, 11, 'Regulose', ''),
(5851, 1, 11, 'Ursodil', '300mg'),
(5852, 1, 11, 'Previp', '50mg'),
(5853, 1, 11, 'Meclixin', ''),
(5854, 2, 11, 'Mintol', ''),
(5855, 2, 11, 'Zoton', '15mg'),
(5856, 2, 11, 'Zoton', '30mg'),
(5857, 1, 11, 'Anginox', '20mg'),
(5858, 1, 11, 'Anreb', '25mg'),
(5859, 1, 11, 'Anreb', '50mg'),
(5860, 1, 11, 'Anreb Plus', ''),
(5861, 1, 11, 'Anreb', '100'),
(5862, 1, 11, 'Calchek', '5mg'),
(5863, 1, 11, 'Calchek Plus', ''),
(5864, 1, 11, 'Dilgard', '12.5mg'),
(5865, 1, 11, 'Dilgard', '25mg'),
(5866, 1, 11, 'Dilgard', '6.25mg'),
(5867, 1, 11, 'Dorel', '75mg'),
(5868, 1, 11, 'Dorel Plus', ''),
(5869, 2, 11, 'Fenolid', '200mg'),
(5870, 1, 11, 'Lacitone', '20mg'),
(5871, 1, 11, 'Lipitin', '10mg'),
(5872, 1, 11, 'Lipitin', '20mg'),
(5873, 1, 11, 'Lipitin', '40mg'),
(5874, 1, 11, 'Lipicheck', ''),
(5875, 1, 11, 'Ramipro', '2.5mg'),
(5876, 1, 11, 'Ramipro', '5mg'),
(5877, 1, 11, 'Ranola ER', '500mg'),
(5878, 1, 11, 'Rosugen', '5gm'),
(5879, 1, 11, 'Rosugen', '10gm'),
(5880, 9, 11, 'ATP', ''),
(5881, 1, 11, 'ATP', '500mg'),
(5882, 1, 11, 'Acefenac', '100mg'),
(5883, 1, 11, 'Cafenol', ''),
(5884, 1, 11, 'Dexibu', '200mg'),
(5885, 1, 11, 'Dexibu', '300mg'),
(5886, 1, 11, 'Dexibu', '400mg'),
(5887, 1, 11, 'Etocox', '60mg'),
(5888, 1, 11, 'Etocox', '120mg'),
(5889, 1, 11, 'Etocox', '90mg'),
(5890, 1, 11, 'Gustin Plus', ''),
(5891, 1, 11, 'Misoclo', '50mg'),
(5892, 1, 11, 'Misoclo', '75mg'),
(5893, 8, 11, 'Ostocin', ''),
(5894, 1, 11, 'Restobac', '10mg'),
(5895, 1, 11, 'Sedron', '35mg'),
(5896, 1, 11, 'Sedron', '5mg'),
(5897, 1, 11, 'Tolcalm', '50mg'),
(5898, 2, 11, 'Trumen', ''),
(5899, 1, 11, 'Urbifen', '50mg'),
(5900, 1, 11, 'Toroaid', '10mg'),
(5901, 1, 11, 'Tramp', ''),
(5902, 1, 11, 'Alzed', '400mg'),
(5903, 2, 11, 'Doxigen', '100mg'),
(5904, 2, 11, 'Desbac', '100mg'),
(5905, 9, 11, 'Desbac', ''),
(5906, 9, 11, 'Dianide', '30ml'),
(5907, 9, 11, 'Dianide', '60ml'),
(5908, 1, 11, 'Dianide', '500mg'),
(5909, 9, 11, 'Eromac', ''),
(5910, 2, 11, 'Floxapen', '250mg'),
(5911, 2, 11, 'Floxapen', '500mg'),
(5912, 15, 11, 'Floxapen', ''),
(5913, 9, 11, 'Geflox', ''),
(5914, 1, 11, 'Geflox ', '500mg'),
(5915, 2, 11, 'Genamox', '250mg'),
(5916, 3, 11, 'Genamox', ''),
(5917, 9, 22, 'Antanil', ''),
(5918, 1, 22, 'Antanil', ''),
(5919, 9, 22, 'Antanil Plus', ''),
(5920, 1, 22, 'Antanil Plus', ''),
(5921, 1, 22, 'Magalrat Plus', ''),
(5922, 9, 22, 'Magalrat Plus', ''),
(5923, 1, 22, 'Esolok', ''),
(5924, 2, 22, 'Esolok', ''),
(5925, 4, 22, 'Esolok', '40'),
(5926, 1, 22, 'Inseac', ''),
(5927, 3, 22, 'Inseac', ''),
(5928, 2, 22, 'Lansina', ''),
(5929, 2, 22, 'Prolok', '20'),
(5930, 4, 22, 'Prolok', '40'),
(5931, 1, 22, 'Pantolok', ''),
(5932, 4, 22, 'Pantolok', '40'),
(5933, 2, 22, 'Dexlan', '30'),
(5934, 2, 22, 'Dexlan', '60'),
(5935, 19, 22, 'Sinalac', ''),
(5936, 50, 22, 'Sinlax', ''),
(5937, 1, 22, 'Dopadon', ''),
(5938, 9, 22, 'Dopadon', ''),
(5939, 1, 22, 'Buscon', '10'),
(5940, 4, 22, 'Buscon', '20'),
(5941, 1, 22, 'Irisyn', '135mg'),
(5942, 1, 22, 'Visceral', '50mg'),
(5943, 4, 22, 'Visceral', '5mg/2ml'),
(5944, 50, 22, 'Khabar Saline', ''),
(5945, 50, 22, 'Unisaline', ''),
(5946, 50, 22, 'Unisaline Fruity', ''),
(5947, 1, 22, 'Algirex', '60mg'),
(5948, 1, 22, 'Algirex', '90mg'),
(5949, 1, 22, 'Algirex', '120mg'),
(5950, 1, 22, 'Anodye', '50mg'),
(5951, 2, 22, 'Anodye Sr', ''),
(5952, 4, 22, 'Adodye Plus', ''),
(5953, 1, 22, 'Etolac', ''),
(5954, 4, 22, 'Etolac', '10mg'),
(5955, 4, 22, 'Etolac', '30mg'),
(5956, 4, 22, 'Etolac', '60mg/2ml'),
(5957, 1, 22, 'Nupralgin', '250mg'),
(5958, 1, 22, 'Nupralgin', '500mg'),
(5959, 1, 22, 'Nupralgin plus', '375'),
(5960, 1, 22, 'Nupralgin plus', '500'),
(5961, 1, 22, 'Pac', ''),
(5962, 1, 22, 'Preservin', '100mg'),
(5963, 1, 22, 'Sinapol', '500mg'),
(5964, 9, 22, 'Sinapol', ''),
(5965, 1, 22, 'Longpara', ''),
(5966, 4, 22, 'Axosin', ''),
(5967, 2, 22, 'Cefixim', ''),
(5968, 15, 22, 'Cefixim', ''),
(5969, 9, 22, 'Cefixim DS', ''),
(5970, 2, 22, 'Clorocef', ''),
(5971, 15, 22, 'Clorocef', ''),
(5972, 7, 22, 'Clorocef', ''),
(5973, 2, 22, 'Dofixim', ''),
(5974, 15, 22, 'Dofixim', ''),
(5975, 4, 22, 'Gen4', ''),
(5976, 1, 22, 'Merocef', ''),
(5977, 4, 22, 'Merocef', '750'),
(5978, 15, 22, 'Merocef', ''),
(5979, 2, 22, 'Sinaceph', ''),
(5980, 15, 22, 'Sinaceph', ''),
(5981, 15, 22, 'Sinaceph DS', ''),
(5982, 7, 22, 'Sinaceph', ''),
(5983, 4, 22, 'Sinaceph', ''),
(5984, 4, 22, 'Taxceph', ''),
(5985, 1, 22, 'Bactin', ''),
(5986, 11, 22, 'Bactin IV', ''),
(5987, 1, 22, 'Gatsina', ''),
(5988, 1, 22, 'Levosina', ''),
(5989, 1, 22, 'Nobac', ''),
(5990, 1, 22, 'Gemitab', ''),
(5991, 1, 22, 'Erymex', '500mg'),
(5992, 15, 22, 'Erymex', ''),
(5993, 1, 22, 'Romycin', ''),
(5994, 2, 22, 'Romycin', ''),
(5995, 15, 22, 'Romycin', ''),
(5996, 2, 22, 'Cinamycin', ''),
(5997, 2, 22, 'Doxysina', ''),
(5998, 2, 22, 'Sinamox', ''),
(5999, 15, 22, 'Sinamox', ''),
(6000, 15, 22, 'Sinamox DS', ''),
(6001, 7, 22, 'Sinamox', ''),
(6002, 2, 22, 'Sinaclox', ''),
(6003, 15, 22, 'Sinaclox', ''),
(6004, 15, 22, 'Sinaflox', ''),
(6005, 2, 22, 'Sinaflox', ''),
(6006, 1, 22, 'Sinatrim', ''),
(6007, 1, 22, 'Sinatrim DS', ''),
(6008, 9, 22, 'Sinatrim', ''),
(6009, 2, 22, 'Tetrasina', ''),
(6010, 4, 22, 'Merotrax', ''),
(6011, 2, 22, 'Iluca', ''),
(6012, 1, 22, 'Mycocin', ''),
(6013, 9, 22, 'Mycocin', ''),
(6014, 1, 22, 'Clovir', ''),
(6015, 1, 22, 'Estazol', '400'),
(6016, 9, 22, 'Estazol', ''),
(6017, 1, 22, 'Metsina', ''),
(6018, 9, 22, 'Metsina', ''),
(6019, 11, 22, 'Metsina IV', ''),
(6020, 1, 22, 'Nitasol', ''),
(6021, 15, 22, 'Nitasol', ''),
(6022, 1, 22, 'Malex', ''),
(6023, 1, 22, ' Ketof', ''),
(6024, 3, 22, 'Ketof', ''),
(6025, 1, 22, 'Montex', ''),
(6026, 1, 22, 'Unikon', ''),
(6027, 3, 22, 'Unikon', ''),
(6028, 1, 22, 'Ventisal', ''),
(6029, 3, 22, 'Ventisal', ''),
(6030, 1, 22, 'Ventisal-L', ''),
(6031, 3, 22, 'Ventisal-L', ''),
(6032, 1, 22, 'Venterol', '10mg'),
(6033, 1, 22, 'Venterol', '20mg'),
(6034, 3, 22, 'Venterol', ''),
(6035, 3, 22, 'Terbulin', ''),
(6036, 3, 22, 'Abex', ''),
(6037, 3, 22, 'Bromotex', ''),
(6038, 3, 22, 'Lytex', ''),
(6039, 7, 22, 'Lytex', ''),
(6040, 2, 22, 'Lytex SR', ''),
(6041, 1, 22, 'Sinakof SR', ''),
(6042, 1, 22, 'Nosemin', ''),
(6043, 3, 22, 'Nosemin', ''),
(6044, 1, 22, 'Silora', ''),
(6045, 1, 22, 'Sinamin', ''),
(6046, 3, 22, 'Sinamin', ''),
(6047, 1, 22, 'Sudamin', ''),
(6048, 1, 22, 'Fexomin', ''),
(6049, 9, 22, 'Fexomin', ''),
(6050, 1, 22, 'Cardil', ''),
(6051, 1, 22, 'Colostat', ''),
(6052, 1, 22, 'Diplor', ''),
(6053, 1, 22, 'Diplor Plus', '25'),
(6054, 1, 22, 'Diplor Plus', '50'),
(6055, 1, 22, 'Fruson', '20'),
(6056, 1, 22, 'Losium', ''),
(6057, 1, 22, 'Losium Plus', ''),
(6058, 1, 22, 'Glitazon', ''),
(6059, 1, 22, 'Insimet', ''),
(6060, 1, 22, 'Sinazid', ''),
(6061, 19, 22, 'H Insulin-R', ''),
(6062, 9, 22, 'H Insulin-N', ''),
(6063, 9, 22, 'H Insulin 30/70', ''),
(6064, 9, 22, 'H Insulin 50/50', ''),
(6065, 1, 22, 'Moodon', ''),
(6066, 1, 22, 'Myotril', ''),
(6067, 1, 22, 'Remood', ''),
(6068, 1, 22, 'Serlin', ''),
(6069, 1, 22, 'Tranquil', ''),
(6070, 2, 22, 'Neurega', ''),
(6071, 1, 22, 'Neuralgin', ''),
(6072, 4, 22, 'Neuralgin', ''),
(6073, 1, 22, 'Remylin', ''),
(6074, 3, 22, 'Biozinc', ''),
(6075, 3, 22, 'Biozinc-B', ''),
(6076, 3, 22, 'Biozinc-I', ''),
(6077, 1, 22, 'Envit-M', ''),
(6078, 1, 22, 'Ipical', ''),
(6079, 1, 22, 'Ipical-D', ''),
(6080, 1, 22, 'Ipical-M', ''),
(6081, 3, 22, 'Junivit', ''),
(6082, 7, 22, 'Multisina', ''),
(6083, 1, 22, 'Race', ''),
(6084, 1, 22, 'Ribosina', ''),
(6085, 3, 22, 'Sinafort-B', ''),
(6086, 1, 22, 'Sinafort-B', ''),
(6087, 2, 22, 'Sinafort-B', ''),
(6088, 1, 22, 'Sina Gold', ''),
(6089, 1, 22, 'Sina Silver', ''),
(6090, 1, 22, 'Thiosina', ''),
(6091, 3, 22, 'Vitalgin', ''),
(6092, 11, 22, 'Aminosin', ''),
(6093, 11, 22, 'Aminosin Plus', ''),
(6094, 2, 22, 'Ifozin-SR', ''),
(6095, 2, 22, 'Sinaferon', ''),
(6096, 1, 22, 'Sinaferon', ''),
(6097, 3, 22, 'Sinaferon', ''),
(6098, 1, 22, 'Zepiron', ''),
(6099, 1, 22, 'Anosea', ''),
(6100, 1, 22, 'Anosea Plus', ''),
(6101, 1, 22, 'Emiston', ''),
(6102, 4, 22, 'Emiston', ''),
(6103, 16, 22, 'Anodyne', ''),
(6104, 16, 22, 'Cinamycin Plus', ''),
(6105, 8, 22, 'Dermacort', ''),
(6106, 29, 22, 'Dermacort', ''),
(6107, 29, 22, 'Dermus', ''),
(6108, 8, 22, 'Donadin', ''),
(6109, 8, 22, 'Fungin', ''),
(6110, 8, 22, 'Fungin-B', ''),
(6111, 8, 22, 'Neocort', ''),
(6112, 29, 22, 'Neocort', ''),
(6113, 8, 22, 'Scarin', ''),
(6114, 8, 22, 'Sinacort', ''),
(6115, 29, 22, 'Sinacort', ''),
(6116, 1, 22, 'Articulex', ''),
(6117, 1, 22, 'Antigrain', ''),
(6118, 1, 22, 'Antigrain TS', ''),
(6119, 1, 22, 'Bacofen', ''),
(6120, 1, 22, 'Myoson', '50'),
(6121, 1, 22, 'Myoson', '100'),
(6122, 1, 22, 'Cinarzin', ''),
(6123, 1, 22, 'Cinarzin Plus', ''),
(6124, 4, 22, 'Dexon', ''),
(6125, 1, 22, 'Niocipran', ''),
(6126, 1, 22, 'Psugrel', '5'),
(6127, 1, 22, 'Sinafil', ''),
(6128, 1, 22, 'Thyrotab', ''),
(6129, 1, 22, 'Uristat', ''),
(6130, 2, 22, 'Urocap', ''),
(6131, 1, 22, 'Vasocil', ''),
(6132, 7, 22, 'Bactin', ''),
(6133, 29, 22, 'Bactin', ''),
(6134, 7, 22, 'Cloram', ''),
(6135, 29, 22, 'Cloram', ''),
(6136, 7, 22, 'Floromox', ''),
(6137, 7, 22, 'Levosina', ''),
(6138, 7, 22, 'Lyflox', ''),
(6139, 7, 22, 'Obactin', ''),
(6140, 29, 22, 'Polytracin', ''),
(6141, 7, 22, 'Romycin', ''),
(6142, 7, 22, 'Tomycin', ''),
(6143, 29, 22, 'Tomycin', ''),
(6144, 7, 22, 'Bactin-D', ''),
(6145, 7, 22, 'Bactin-N', ''),
(6146, 7, 22, 'Cloram-D', ''),
(6147, 7, 22, 'Tomycin-D', ''),
(6148, 29, 22, 'Tomycin-D', ''),
(6149, 7, 22, 'Dexon', ''),
(6150, 29, 22, 'Dexon', ''),
(6151, 9, 22, 'Eylon', ''),
(6152, 9, 22, 'Isolon', ''),
(6153, 7, 22, 'Anodyne', ''),
(6154, 7, 22, 'Bromofen', ''),
(6155, 7, 22, 'Etolac', ''),
(6156, 29, 22, 'Clovir', ''),
(6157, 16, 22, 'Zirgan', ''),
(6158, 7, 22, 'Natoph', ''),
(6159, 7, 22, 'Betasil', ''),
(6160, 7, 22, 'Cromolin', ''),
(6161, 7, 22, 'Ketof', ''),
(6162, 7, 22, 'Patalon', ''),
(6163, 7, 22, 'Patalon-DS', ''),
(6164, 7, 22, 'Cyclorin', ''),
(6165, 7, 22, 'Glamor', ''),
(6166, 7, 22, 'Optear', ''),
(6167, 7, 22, 'Poly16', ''),
(6168, 7, 22, 'Timolat', ''),
(6169, 2, 22, 'Optagold', ''),
(6170, 7, 22, 'Ractovit', ''),
(6171, 7, 22, 'Camide', ''),
(6172, 1, 14, 'Actomeg', '500'),
(6173, 1, 14, 'Actomeg', '850'),
(6174, 1, 14, 'Actose', '15'),
(6175, 1, 14, 'Actose', '30'),
(6176, 1, 14, 'Adglm', '1'),
(6177, 1, 14, 'Adglm', '2'),
(6178, 1, 14, 'Admira MR', ''),
(6179, 1, 14, 'Admira', '80'),
(6180, 1, 14, 'Araten', '50'),
(6181, 1, 14, 'Araten Plus', '50'),
(6182, 1, 14, 'Calbeta', ''),
(6183, 1, 14, 'Calvasc', '5'),
(6184, 1, 14, 'Calvasc', '10'),
(6185, 1, 14, 'Cardicor', '2.5'),
(6186, 1, 14, 'Cardicor', '5'),
(6187, 1, 14, 'Cavapro', '75'),
(6188, 1, 14, 'Cavapro', '150'),
(6189, 1, 14, 'Cavapro', '300'),
(6190, 1, 14, 'Cavazide', '75'),
(6191, 1, 14, 'Cavazide', '150'),
(6192, 1, 14, 'Cavazide', '300'),
(6193, 1, 14, 'Coangi', ''),
(6194, 1, 14, 'Eras', ''),
(6195, 1, 14, 'Ezetrol', ''),
(6196, 1, 14, 'HTZ', ''),
(6197, 1, 14, 'Meglu', '500'),
(6198, 1, 14, 'Meglu', '850'),
(6199, 1, 14, 'Meglu ER', ''),
(6200, 1, 14, 'Nitro-SR', ''),
(6201, 1, 14, 'Pladex', '75'),
(6202, 1, 14, 'Pladex A', ''),
(6203, 1, 14, 'Prandil', '1'),
(6204, 2, 14, 'Presec', '20'),
(6205, 1, 14, 'Protace', '2.5'),
(6206, 1, 14, 'Protace', '5'),
(6207, 1, 14, 'Protace H', ''),
(6208, 1, 14, 'Prazopress', '1'),
(6209, 1, 14, 'Prazopress', '2'),
(6210, 1, 14, 'Selomet', '25'),
(6211, 1, 14, 'Selomet', '50'),
(6212, 1, 14, 'Selomet SR', ''),
(6213, 1, 14, 'Sotalex', ''),
(6214, 1, 14, 'Stacor', '10'),
(6215, 1, 14, 'Stacor', '20'),
(6216, 1, 14, 'Stacor', '40'),
(6217, 2, 14, 'Trigent', ''),
(6218, 1, 14, 'Ucardol', '6.25'),
(6219, 1, 14, 'Ucardol', '12.5'),
(6220, 1, 14, 'Ucardol', '25'),
(6221, 1, 14, 'Anxio', ''),
(6222, 1, 14, 'Arthrosin', ''),
(6223, 1, 14, 'Codopa', '110'),
(6224, 1, 14, 'Codopa', '275'),
(6225, 2, 14, 'Demelon', '1.5'),
(6226, 2, 14, 'Demelon', '3'),
(6227, 1, 14, 'Dexit', ''),
(6228, 1, 14, 'Eletam', '250'),
(6229, 1, 14, 'Eletam', '500'),
(6230, 19, 14, 'Eletam', '100mg/ml'),
(6231, 1, 14, 'Etopiria', '25'),
(6232, 1, 14, 'Etopiria', '50'),
(6233, 1, 14, 'Gabatin', '300'),
(6234, 1, 14, 'Myoxant', '50'),
(6235, 2, 14, 'Myrica', '50'),
(6236, 2, 14, 'Myrica', '75'),
(6237, 2, 14, 'Myrica', '100'),
(6238, 1, 14, 'Napsod', '275'),
(6239, 1, 14, 'Napsod', '550'),
(6240, 1, 14, 'Neuvital', ''),
(6241, 1, 14, 'Nexcital', '5'),
(6242, 1, 14, 'Nexcital', '10'),
(6243, 1, 14, 'Purinol', '100'),
(6244, 1, 14, 'Purinol', '300'),
(6245, 1, 14, 'Risdon', '1'),
(6246, 1, 14, 'Risdon', '2'),
(6247, 1, 14, 'Risdon', '4'),
(6248, 1, 14, 'Salost', '5'),
(6249, 1, 14, 'Salost', '35'),
(6250, 1, 14, 'Salost', '150'),
(6251, 2, 14, 'Slimi', ''),
(6252, 1, 14, 'Spakem', '5'),
(6253, 1, 14, 'Spakem', '10'),
(6254, 2, 14, 'Utramal', ''),
(6255, 4, 14, 'Utramal', ''),
(6256, 1, 14, 'Utramal', '50mg'),
(6257, 1, 14, 'Utramal', '100mg'),
(6258, 15, 14, 'Utramal', ''),
(6259, 1, 14, 'Utaset', ''),
(6260, 15, 14, 'Traamal', ''),
(6261, 3, 14, 'Aleze', ''),
(6262, 1, 14, 'Aleze', ''),
(6263, 29, 14, 'Bactoderm', ''),
(6264, 7, 14, 'Cefobid', ''),
(6265, 2, 14, 'Cefobid', '200'),
(6266, 8, 14, 'Clozoson', ''),
(6267, 8, 14, 'Clozox', ''),
(6268, 8, 14, 'Cronix', ''),
(6269, 8, 14, 'Emprila', ''),
(6270, 8, 14, 'Eucera', ''),
(6271, 1, 14, 'Mycoder', '50'),
(6272, 1, 14, 'Mycoder', '150'),
(6273, 9, 14, 'Mycoder', ''),
(6274, 54, 14, 'Nizoder', '0.02'),
(6275, 8, 14, 'Nizoder', '0.02'),
(6276, 16, 14, 'Oxi16', '0.05'),
(6277, 16, 14, 'Reti16', ''),
(6278, 8, 14, 'Telfin', ''),
(6279, 1, 14, 'Telfin', ''),
(6280, 8, 14, 'Unix', ''),
(6281, 33, 14, 'Unix-C', ''),
(6282, 8, 14, 'Xenovet', ''),
(6283, 29, 14, 'Xenovet', ''),
(6284, 8, 14, 'Depiwhite', ''),
(6285, 8, 14, 'Depiwhite S SPF', '50'),
(6286, 16, 14, 'Depiwhite', ''),
(6287, 16, 14, 'Sebionex K', ''),
(6288, 16, 14, 'VitiColor', ''),
(6289, 16, 14, 'Vitix', ''),
(6290, 1, 14, 'Ancipro', '250'),
(6291, 1, 14, 'Ancipro', '500'),
(6292, 1, 14, 'Ancipro', '750'),
(6293, 1, 14, 'Avonoid', ''),
(6294, 1, 14, 'Century Forty', ''),
(6295, 1, 14, 'Century Select', ''),
(6296, 19, 14, 'Citra K', ''),
(6297, 3, 14, 'Conlax', ''),
(6298, 2, 14, 'Detrusin LA ', '2'),
(6299, 2, 14, 'detrusin LA ', '4'),
(6300, 7, 14, 'Dysnov Paed', ''),
(6301, 9, 14, 'Dysnov', ''),
(6302, 1, 14, 'Dysnov', ''),
(6303, 1, 14, 'Edysta', '5'),
(6304, 1, 14, 'Edysta', '10'),
(6305, 1, 14, 'Edysta', '20'),
(6306, 1, 14, 'Frunep', ''),
(6307, 2, 14, 'Nexcap', '20'),
(6308, 2, 14, 'Nexcap', '40'),
(6309, 4, 14, 'Odatrix', '250mg'),
(6310, 4, 14, 'Odatrix', '500mg'),
(6311, 4, 14, 'Odatrix', '1gm'),
(6312, 4, 14, 'Odatrix', '2gm'),
(6313, 1, 14, 'Oscal', '500'),
(6314, 1, 14, 'Oscal D', ''),
(6315, 1, 14, 'Oscal M', ''),
(6316, 1, 14, 'Oscal D Forte', ''),
(6317, 2, 14, 'Stresin', '20'),
(6318, 1, 14, 'Troniz', ''),
(6319, 2, 14, 'Umactin', '50'),
(6320, 2, 14, 'Umactin', '100'),
(6321, 2, 14, 'Urodart', ''),
(6322, 2, 14, 'Uromax', ''),
(6323, 1, 14, 'Urobin', '5'),
(6324, 1, 14, 'Urobin', '10'),
(6325, 1, 14, 'Viamax', '25'),
(6326, 1, 14, 'Viamax', '50'),
(6327, 1, 14, 'Viamax', '100'),
(6328, 1, 14, 'Visegin', ''),
(6329, 9, 14, 'Ancef DS', ''),
(6330, 7, 14, 'Ancef Paed.', ''),
(6331, 2, 14, 'Ancef', '250'),
(6332, 2, 14, 'Ancef', '500'),
(6333, 3, 14, 'Ancef Forte', ''),
(6334, 1, 14, 'Destin', ''),
(6335, 3, 14, 'Destin', ''),
(6336, 3, 14, 'Odacef Dry', ''),
(6337, 2, 14, 'Odacef', '200'),
(6338, 2, 14, 'Odacef', '400'),
(6339, 1, 14, 'Odaz', '500'),
(6340, 9, 14, 'Odaz', ''),
(6341, 3, 14, 'Odaz dry', ''),
(6342, 41, 14, 'Oral-C', ''),
(6343, 1, 14, 'Ora16-M', ''),
(6344, 3, 14, 'Pediavit', ''),
(6345, 1, 14, 'Proviar', '4'),
(6346, 1, 14, 'Proviar', '5'),
(6347, 1, 14, 'Proviar', '10'),
(6348, 2, 14, 'Rizelium', '5'),
(6349, 2, 14, 'Rizelium', '10'),
(6350, 3, 14, 'Tervent', ''),
(6351, 1, 14, 'Tervent', ''),
(6352, 1, 14, 'Veserc', '8'),
(6353, 1, 14, 'Veserc', '16'),
(6354, 3, 14, 'Zadifen', ''),
(6355, 1, 14, 'Zadifen', ''),
(6356, 3, 14, 'Zixol', ''),
(6357, 4, 14, 'Doribax', ''),
(6358, 1, 14, 'Duphaston', ''),
(6359, 4, 14, 'Klaricid', ''),
(6360, 1, 21, 'Aminophyllinum Retd', '350mg'),
(6361, 1, 21, 'Antrenyl', '5mg'),
(6362, 2, 21, 'Azyth', '250mg'),
(6363, 1, 21, 'Azyth', '500mg'),
(6364, 15, 21, 'Azyth', '200mg/5ml'),
(6365, 0, 21, 'Binoclar', '125mg/5ml'),
(6366, 1, 21, 'Binoclar', '500mg'),
(6367, 1, 21, 'Binoclar SR', '500mg'),
(6368, 15, 21, 'Biocef', '125mg/5ml'),
(6369, 2, 21, 'Biocef', '250mg'),
(6370, 2, 21, 'Biocef', '500mg'),
(6371, 1, 21, 'Bromergon', '2.5mg'),
(6372, 1, 21, 'CaC-1000 Effervescent', ''),
(6373, 1, 21, 'Calcium Sandoz', ''),
(6374, 4, 21, 'Cisplatin Hexal', '10mg/20ml'),
(6375, 4, 21, 'Cisplatin Hexal', '50mg/100ml'),
(6376, 4, 21, 'Carboplatin Hexal', '50mg/5ml'),
(6377, 4, 21, 'Carboplatin Hexal', '150mg/15ml'),
(6378, 4, 21, 'Carboplatin Hexal', '450mg/45ml'),
(6379, 1, 21, 'Dihert SR', '1.5mg'),
(6380, 1, 21, 'Diola', '6.25mg'),
(6381, 1, 21, 'Diola', '12.5mg'),
(6382, 2, 21, 'Doloran', '50mg'),
(6383, 4, 21, 'Doloran', '100mg/2ml'),
(6384, 15, 21, 'Doloran', '100mg'),
(6385, 15, 21, 'Doloran', '100mg'),
(6386, 4, 21, 'Doxorubicin Hexal', '50mg/25ml'),
(6387, 4, 21, 'Doxorubicin Hexal', '100mg/50ml'),
(6388, 4, 21, 'Doxorubicin Hexal', '200mg/100ml'),
(6389, 1, 21, 'Enmecon', '800mg'),
(6390, 1, 21, 'Epirison SDZ', '50mg'),
(6391, 1, 21, 'Epnil', '0.5mg'),
(6392, 1, 21, 'Epnil', '2mg'),
(6393, 1, 21, 'Erata', '250mg'),
(6394, 1, 21, 'Erata', '500mg'),
(6395, 1, 21, 'Elform', '500mg'),
(6396, 1, 21, 'Elform', '850mg'),
(6397, 1, 21, 'Exolev', '500mg'),
(6398, 1, 21, 'Exolev', '750mg'),
(6399, 1, 21, 'Gaboton', '300mg'),
(6400, 1, 21, 'Glad', '80mg'),
(6401, 1, 21, 'Lingin', '5mg'),
(6402, 1, 21, 'Ludiomil', '25mg'),
(6403, 1, 21, 'Lumenta', '10mg'),
(6404, 1, 21, 'Lumenta', '5mg'),
(6405, 1, 21, 'Lopass', '25mg'),
(6406, 1, 21, 'Lopass', '50mg'),
(6407, 1, 21, 'Lopass Plus', '50mg'),
(6408, 2, 21, 'Megacin', '250mg'),
(6409, 2, 21, 'Megacin', '500mg'),
(6410, 4, 21, 'Megion', '250mg'),
(6411, 4, 21, 'Megion', '500mg'),
(6412, 4, 21, 'Megion', '1gm'),
(6413, 1, 21, 'Metoxim', '100mg'),
(6414, 1, 21, 'Metoxim', '200mg'),
(6415, 15, 21, 'Metoxim', '40mg/5ml'),
(6416, 1, 21, 'Mitosan', '40mg'),
(6417, 1, 21, 'Mitosan', '80mg'),
(6418, 1, 21, 'Mitosan Plus', '40'),
(6419, 1, 21, 'Mitosan Plus', '80'),
(6420, 2, 21, 'Momcap', ''),
(6421, 1, 21, 'Mycophenalat-Mofeti Sandoz', '500mg'),
(6422, 2, 21, 'Neptor', '20mg'),
(6423, 2, 21, 'Neptor', '40mg'),
(6424, 2, 21, 'Omnitrope Lica', '5mg/1.5ml'),
(6425, 1, 21, 'Piramil', '2.5mg'),
(6426, 1, 21, 'Piramil', '5mg'),
(6427, 1, 21, 'Platrel', '75mg'),
(6428, 2, 21, 'Probitor', '40mg'),
(6429, 2, 21, 'Protexin Balance', ''),
(6430, 2, 21, 'Protexin Protect', ''),
(6431, 1, 21, 'Protexin Vitality', ''),
(6432, 1, 21, 'PZA-CIBA', '500mg'),
(6433, 1, 21, 'Rimactazid', '150/75mg'),
(6434, 1, 21, 'Rimactazid', '300mg'),
(6435, 1, 21, 'Rimactazid', '450mg/45ml'),
(6436, 1, 21, 'Rimcure 3-FDC', ''),
(6437, 1, 21, 'Rimstar 4-FDC', ''),
(6438, 1, 21, 'Rispolux', '1mg'),
(6439, 1, 21, 'Rispolux', '2mg'),
(6440, 1, 21, 'Rispolux', '4mg'),
(6441, 1, 21, 'Sandocal', '500mg'),
(6442, 1, 21, 'Sandocal-D', ''),
(6443, 1, 21, 'Sanketo', '1mg'),
(6444, 1, 21, 'Sanlev', '1mg'),
(6445, 1, 21, 'Sanlev', '2mg'),
(6446, 1, 21, 'Serolux', '25mg'),
(6447, 1, 21, 'Serolux', '50mg'),
(6448, 1, 21, 'Serolux', '100mg'),
(6449, 1, 21, 'Serviflox', '500mg'),
(6450, 1, 21, 'Serviflox', '750mg'),
(6451, 1, 21, 'Servigesic', '500mg'),
(6452, 2, 21, 'Servimeta', '25mg'),
(6453, 1, 21, 'Servinaprox', '250mg'),
(6454, 1, 21, 'Servinaprox', '500mg'),
(6455, 1, 21, 'Servipep', '20mg'),
(6456, 1, 21, 'Servipep', '40mg'),
(6457, 2, 21, 'Setic', '200mg'),
(6458, 2, 21, 'Setic', '400mg'),
(6459, 15, 21, 'Setic', '100mg/5ml'),
(6460, 1, 21, 'Sinecod', '50mg'),
(6461, 1, 21, 'Spacin', '200mg'),
(6462, 1, 21, 'Tofranil', '25mg'),
(6463, 1, 21, 'Vass', '10mg'),
(6464, 1, 21, 'Vass', '20mg'),
(6465, 1, 21, 'Vass', '40mg'),
(6466, 1, 21, 'Vaxtin', '100mg'),
(6467, 2, 21, 'Xabilin', '75mg'),
(6468, 1, 21, 'Xionil', '3mg'),
(6469, 1, 21, 'Xorimax', '250mg'),
(6470, 1, 21, 'Xorimax', '500mg'),
(6471, 15, 21, 'Xorimax', '125ml'),
(6472, 2, 21, 'Xyron', ''),
(6473, 1, 21, 'Zepac', '10mg'),
(6474, 4, 21, 'Zepac', '30mg/1ml'),
(6475, 1, 21, 'Zeum', '50mg'),
(6476, 1, 23, 'Adfovir', '10mg'),
(6477, 1, 23, 'Alzolam', '0.25mg'),
(6478, 1, 23, 'Alzolam', '0.5mg'),
(6479, 1, 23, 'Alzolam SR', '1mg'),
(6480, 1, 23, 'Amlobet', ''),
(6481, 1, 23, 'Amlosun', '5'),
(6482, 1, 23, 'Aztor', '10mg'),
(6483, 1, 23, 'Aztor', '40mg'),
(6484, 2, 23, 'Betacap TR', '40mg'),
(6485, 1, 23, 'Cardivas', '12.5mg'),
(6486, 1, 23, 'Cardivas', '6.25mg'),
(6487, 1, 23, 'Clofranil', '25mg'),
(6488, 1, 23, 'Clopilet', '75mg'),
(6489, 2, 23, 'Clopilet A', ''),
(6490, 1, 23, 'Cognitol', '5mg'),
(6491, 2, 23, 'Dolotram', '50mg'),
(6492, 2, 23, 'Duzela', '20mg'),
(6493, 1, 23, 'Encorate', '200mg'),
(6494, 1, 23, 'Encorate Chrono', '200mg'),
(6495, 1, 23, 'Encorate Chrono', '300'),
(6496, 1, 23, 'Encorate Chrono', '500'),
(6497, 1, 23, 'Exzilor', ''),
(6498, 2, 23, 'Gabatin', '100mg'),
(6499, 2, 23, 'Gabatin', '300mg'),
(6500, 1, 23, 'Idrofos', '150mg'),
(6501, 1, 23, 'Lithosun SR', '400mg'),
(6502, 1, 23, 'Lonazep', '0.5mg'),
(6503, 1, 23, 'Lonazep', '2mg'),
(6504, 1, 23, 'Lotensyl', '10mg'),
(6505, 2, 23, 'Mebiz SR', ''),
(6506, 1, 23, 'Mesacol', '400mg'),
(6507, 1, 23, 'Mirtaz', '15mg'),
(6508, 1, 23, 'Monotrate', '20'),
(6509, 1, 23, 'Monotrate OD', ''),
(6510, 1, 23, 'Montec', '4mg'),
(6511, 1, 23, 'Montec', '10mg'),
(6512, 2, 23, 'Neugaba', '50mg'),
(6513, 2, 23, 'Neugaba', '75mg'),
(6514, 2, 23, 'Neugaba', '150mg'),
(6515, 1, 23, 'Nexito', '5mg'),
(6516, 1, 23, 'Nexito', '10mg'),
(6517, 1, 23, 'Nirest', '10mg'),
(6518, 1, 23, 'OD Phylline', '400mg'),
(6519, 1, 23, 'Oleanz', '10mg'),
(6520, 1, 23, 'Oleanz', '5mg'),
(6521, 1, 23, 'Olmezest', '10mg'),
(6522, 1, 23, 'Olmezest', '20mg'),
(6523, 1, 23, 'Olmezest', '40mg'),
(6524, 1, 23, 'Olmezest AM', ''),
(6525, 1, 23, 'Olmezest H', '20mg'),
(6526, 1, 23, 'Oxetol', '150mg'),
(6527, 1, 23, 'Oxetol', '300mg'),
(6528, 2, 23, 'Prodep', '20mg'),
(6529, 1, 23, 'Panzer', '20mg'),
(6530, 1, 23, 'Panzer', '40mg'),
(6531, 1, 23, 'Qutipin', '100mg'),
(6532, 1, 23, 'Qutipin', '25mg'),
(6533, 1, 23, 'Repace', '25mg'),
(6534, 1, 23, 'Repace', '50mg'),
(6535, 1, 23, 'repace H', ''),
(6536, 2, 23, 'Rivamer', '1.5mg'),
(6537, 2, 23, 'Rivamer', '4.5mg'),
(6538, 1, 23, 'Rozavel', '10mg'),
(6539, 1, 23, 'Sizodon', '1mg'),
(6540, 1, 23, 'Sizodon', '2mg'),
(6541, 1, 23, 'Sizopin', '100mg'),
(6542, 1, 23, 'Sizopin', '25mg'),
(6543, 1, 23, 'Sompraz', '20mg'),
(6544, 1, 23, 'Sompraz', '40mg'),
(6545, 1, 23, 'Syndopa', '110mg'),
(6546, 1, 23, 'Syndopa', '275mg'),
(6547, 1, 23, 'Trapex', '1mg'),
(6548, 1, 23, 'Ursocol', '150mg'),
(6549, 1, 23, 'Ursocol', '300mg'),
(6550, 2, 23, 'Veniz SR', '75mg'),
(6551, 1, 23, 'Zeptol', '200mg'),
(6552, 1, 23, 'Zeptol CR', '200mg'),
(6553, 1, 23, 'Zeptol CR', '400mg'),
(6554, 2, 23, 'Zipsydon', '20mg'),
(6555, 1, 23, 'Zofer MD', '4mg'),
(6556, 1, 23, 'Zosert', '25mg'),
(6557, 1, 23, 'Zosert', '50mg'),
(6558, 1, 23, 'Zosert', '100mg'),
(6559, 1, 23, 'Edegra', '100mg'),
(6560, 1, 23, 'Edegra', '50mg'),
(6561, 1, 24, 'Alve-60', ''),
(6562, 7, 24, 'Amdronil', ''),
(6563, 3, 24, 'Amdronil', ''),
(6564, 3, 24, 'Aneron', ''),
(6565, 1, 24, 'Angimet', ''),
(6566, 1, 24, 'Angimet MR', ''),
(6567, 1, 24, 'Arovent', '10'),
(6568, 1, 24, 'Arovent', '5'),
(6569, 1, 24, 'Ataq', '400'),
(6570, 8, 24, 'Avison', ''),
(6571, 1, 24, 'Axet', '125'),
(6572, 1, 24, 'Axet', '250'),
(6573, 1, 24, 'Axet', '500'),
(6574, 9, 24, 'Axet', ''),
(6575, 4, 24, 'Axet', '750 mg'),
(6576, 2, 24, 'Azalid', '250'),
(6577, 1, 24, 'Azalid', '500'),
(6578, 15, 24, 'Azalid', ''),
(6579, 1, 24, 'Baclon', ''),
(6580, 1, 24, 'Baclon', '5'),
(6581, 1, 24, 'Betacal', ''),
(6582, 1, 24, 'Bisoloc', '2.5'),
(6583, 1, 24, 'Bisoloc', '5'),
(6584, 1, 24, 'Bonec', ''),
(6585, 1, 24, 'Broket', ''),
(6586, 3, 24, 'Broket', ''),
(6587, 1, 24, 'Bromazep', ''),
(6588, 1, 24, 'CCB', '5'),
(6589, 1, 24, 'Cefditor', '200'),
(6590, 1, 24, 'Clognil', ''),
(6591, 1, 24, 'Clognil Plus', ''),
(6592, 3, 24, 'Cloramin', ''),
(6593, 4, 24, 'Combivit', ''),
(6594, 2, 24, 'Conaz', '50'),
(6595, 2, 24, 'Conaz', '150'),
(6596, 1, 24, 'Cosy', ''),
(6597, 9, 24, 'Cosy', ''),
(6598, 1, 24, 'Deconil', ''),
(6599, 3, 24, 'Dephan', ''),
(6600, 1, 24, 'Deslor', ''),
(6601, 3, 24, 'Deslor', ''),
(6602, 1, 24, 'Dexpro', '300'),
(6603, 1, 24, 'Dexpro', '400'),
(6604, 1, 24, 'EC', ''),
(6605, 1, 24, 'EC-Plus', ''),
(6606, 2, 24, 'Enliven', ''),
(6607, 1, 24, 'Eprel', ''),
(6608, 2, 24, 'ESP', ''),
(6609, 1, 24, 'Eroflam', '60'),
(6610, 1, 24, 'Eroflam', '90'),
(6611, 2, 24, 'Exor', '20'),
(6612, 2, 24, 'Exor', '40'),
(6613, 3, 24, 'Ezylax', ''),
(6614, 2, 24, 'Fenocap', ''),
(6615, 4, 24, 'Feroven', ''),
(6616, 11, 24, 'Feroven', ''),
(6617, 2, 24, 'Ferrolin', ''),
(6618, 9, 24, 'Fevac', ''),
(6619, 9, 24, 'Flegnil', ''),
(6620, 9, 24, 'Flegnil-DS', ''),
(6621, 1, 24, 'Fostat', '40'),
(6622, 1, 24, 'Frulac', ''),
(6623, 1, 24, 'Frulac', '40'),
(6624, 1, 24, 'Fulfeel', ''),
(6625, 2, 24, 'Glory', ''),
(6626, 1, 24, 'Goldage', ''),
(6627, 1, 24, 'Gold KID', ''),
(6628, 1, 24, 'Hedex', ''),
(6629, 2, 24, 'Heptamin', ''),
(6630, 1, 24, 'Ketorin', ''),
(6631, 4, 24, 'Ketorin', '30'),
(6632, 1, 24, 'Lipex', '10'),
(6633, 1, 24, 'Lipex', '20'),
(6634, 3, 24, 'Livit-C', ''),
(6635, 1, 24, 'Lopres', '50'),
(6636, 1, 24, 'Losan', '25'),
(6637, 1, 24, 'Losan', '50'),
(6638, 1, 24, 'Losan -D', ''),
(6639, 15, 24, 'Mac', ''),
(6640, 15, 24, 'Mac DS', ''),
(6641, 1, 24, 'Maprocin', '500'),
(6642, 1, 24, 'Maprocin', '750'),
(6643, 9, 24, 'Maprocin', ''),
(6644, 1, 24, 'Maxical', ''),
(6645, 1, 24, 'Maxical Plus', ''),
(6646, 4, 24, 'Meromax', '500 mg'),
(6647, 4, 24, 'Meromax', '1 gm'),
(6648, 8, 24, 'Miki-H', ''),
(6649, 1, 24, 'Memogen', ''),
(6650, 1, 24, 'Nidazyl', '400'),
(6651, 9, 24, 'Nidazyl', ''),
(6652, 2, 24, 'Nitrocap', ''),
(6653, 1, 24, 'Nervex', ''),
(6654, 1, 24, 'Neulyn', ''),
(6655, 1, 24, 'Newage', ''),
(6656, 1, 24, 'Noak', ''),
(6657, 9, 24, 'Novelta', ''),
(6658, 1, 24, 'Novelta Chew', ''),
(6659, 1, 24, 'Novodol', ''),
(6660, 1, 24, 'Novoxen', '375'),
(6661, 1, 24, 'Novoxen', '500'),
(6662, 1, 24, 'Nosedex', ''),
(6663, 9, 24, 'Nosedex', ''),
(6664, 4, 24, 'Nugesic', ''),
(6665, 1, 24, 'Nugesic', ''),
(6666, 1, 24, 'Nuvace', '2.5 mg'),
(6667, 1, 24, 'Nuvace', '5 mg'),
(6668, 1, 24, 'Oclazid', ''),
(6669, 1, 24, 'Oclazid MR', ''),
(6670, 9, 24, 'Octrim ', ''),
(6671, 19, 24, 'Onasia', ''),
(6672, 1, 24, 'Onasia', ''),
(6673, 4, 24, 'Onasia', ''),
(6674, 1, 24, 'Onium', ''),
(6675, 3, 24, 'Onium', '');
INSERT INTO `drug` (`drugID`, `typeID`, `companyID`, `drugName`, `strength`) VALUES
(6676, 4, 24, 'Onium', ''),
(6677, 1, 24, 'Opagrel', '5'),
(6678, 1, 24, 'Opagrel', '10'),
(6679, 1, 24, 'Oranex', ''),
(6680, 1, 24, 'Orfenac', ''),
(6681, 4, 24, 'Orfenac Plus', ''),
(6682, 2, 24, 'Orfenac TR', ''),
(6683, 2, 24, 'Oridox', ''),
(6684, 1, 24, 'Orioplex', ''),
(6685, 1, 24, 'Orioplex-m', ''),
(6686, 3, 24, 'Orioplex', ''),
(6687, 4, 24, 'Orket', ''),
(6688, 1, 24, 'Orlev', '500'),
(6689, 1, 24, 'Ormin', '500'),
(6690, 1, 24, 'Ormin', '850'),
(6691, 3, 24, 'Orsal', ''),
(6692, 1, 24, 'Ortac', '150'),
(6693, 4, 24, 'Ortac', ''),
(6694, 15, 24, 'Pedicef', ''),
(6695, 7, 24, 'Pedicef', ''),
(6696, 7, 24, 'Pedicef-DS', ''),
(6697, 7, 24, 'Pedicon PD', ''),
(6698, 1, 24, 'Pep', '20'),
(6699, 3, 24, 'Pep', '20'),
(6700, 1, 24, 'Pep Plus', ''),
(6701, 3, 24, 'Pep Plus', ''),
(6702, 3, 24, 'Pep', '2'),
(6703, 2, 24, 'Procap', '20'),
(6704, 2, 24, 'Procap', '40'),
(6705, 2, 24, 'Procap', '40'),
(6706, 1, 24, 'Ralox', ''),
(6707, 1, 24, 'Refeel', '10'),
(6708, 1, 24, 'Refeel', '20'),
(6709, 1, 24, 'Rispa', '1'),
(6710, 1, 24, 'Rispa', '2'),
(6711, 1, 24, 'Rivo', '0.5'),
(6712, 1, 24, 'Rivo', '2'),
(6713, 1, 24, 'Riz', ''),
(6714, 3, 24, 'Riz', ''),
(6715, 2, 24, 'Sefin', '250'),
(6716, 2, 24, 'Sefin', '500'),
(6717, 15, 24, 'Sefin', ''),
(6718, 4, 24, 'Sefin', '250 mg'),
(6719, 4, 24, 'Sefin', '500 mg'),
(6720, 4, 24, 'Sefin', '1 gm'),
(6721, 1, 24, 'Silvage', ''),
(6722, 1, 24, 'Stimulin', '1'),
(6723, 1, 24, 'Stimulin', '2'),
(6724, 1, 24, 'Tamlosin', ''),
(6725, 2, 24, 'Tendonil', ''),
(6726, 1, 24, 'Tenorix', ''),
(6727, 1, 24, 'Timex', ''),
(6728, 1, 24, 'Tone', ''),
(6729, 4, 24, 'Torped', '250 mg'),
(6730, 4, 24, 'Torped', '500 mg'),
(6731, 4, 24, 'Torped', '1 gm'),
(6732, 2, 24, 'Truso', '200'),
(6733, 2, 24, 'Truso', '400'),
(6734, 15, 24, 'Truso', '37.5 ml'),
(6735, 15, 24, 'Truso', '50 ml'),
(6736, 3, 24, 'Tussin', ''),
(6737, 1, 24, 'U4', ''),
(6738, 1, 24, 'Valset', '80'),
(6739, 4, 24, 'Vertex', '250 mg'),
(6740, 4, 24, 'Vertex', '250 mg'),
(6741, 4, 24, 'Vertex', '500 mg'),
(6742, 4, 24, 'Vertex', '500 mg'),
(6743, 4, 24, 'Vertex', '1 gm'),
(6744, 4, 24, 'Vertex', '1 gm'),
(6745, 4, 24, 'Vertex', '2 gm'),
(6746, 1, 24, 'Xemi', ''),
(6747, 8, 24, 'Xenocort', ''),
(6748, 29, 24, 'Xenocort', ''),
(6749, 2, 24, 'Xil', ''),
(6750, 2, 24, 'Xil', '50'),
(6751, 1, 24, 'Xindal', '150'),
(6752, 1, 24, 'Xindal', '300'),
(6753, 8, 24, 'Xzema', ''),
(6754, 4, 24, 'Zidim', '250 mg'),
(6755, 4, 24, 'Zidim', '500'),
(6756, 4, 24, 'Zidim', '1 gm'),
(6757, 3, 24, 'Zimplex', ''),
(6758, 15, 24, 'Zoana', ''),
(6759, 1, 24, 'Zoana', ''),
(6760, 1, 1, 'Bisopress 2.5mg', ''),
(6761, 3, 0, 'GynPro', ''),
(6762, 3, 0, 'del it', ''),
(6763, 3, 0, 'Masum', ''),
(6764, 1, 0, 'Triptin 25mg', ''),
(6765, 1, 2, 'Tryptin 25mg', ''),
(6766, 1, 3, 'Osertil 50mg', ''),
(6767, 1, 18, 'MTS 6', ''),
(6768, 1, 3, 'Fixocard 5/50mg', ''),
(6769, 1, 5, 'Odreal 75mg', ''),
(6770, 1, 0, 'Stemetil 5mg', ''),
(6771, 1, 18, 'Trineum', ''),
(6772, 1, 0, 'Denxit', ''),
(6773, 1, 2, 'Carva 75mg', ''),
(6774, 1, 0, 'Tryptin 10mg', ''),
(6775, 2, 5, 'Nervalin 75mg', ''),
(6776, 2, 2, 'Neuroline 75mg', ''),
(6777, 2, 18, 'Imet 25mg', ''),
(6778, 1, 2, 'Ancloge Plus 75mg', ''),
(6779, 2, 14, 'Uromex .4mg', ''),
(6780, 1, 18, 'Trinium', ''),
(6781, 1, 18, 'Epilin Chrono 500mg', ''),
(6782, 1, 18, 'Oxytol 300mg', ''),
(6783, 1, 0, 'Frisium 10mg', ''),
(6784, 4, 0, 'Toradoline ', ''),
(6785, 1, 0, 'Voltaline SR 75mg', ''),
(6786, 2, 0, 'Esomep 20mg', ''),
(6787, 2, 0, 'Neurovan 75mg', ''),
(6788, 1, 0, 'Disopen 0.5mg', ''),
(6789, 1, 0, 'Cosec 20mg', ''),
(6790, 1, 0, 'Preline 75mg', ''),
(6791, 1, 0, 'Mydocalm 50mg', ''),
(6792, 1, 0, 'Reset Plus ', ''),
(6793, 2, 0, 'Demelone 3mg', ''),
(6794, 1, 0, 'Methical', ''),
(6795, 1, 0, 'Demelone 1.5', ''),
(6796, 1, 0, 'Esoral 20mg', ''),
(6797, 2, 0, 'Becosuls Gold', ''),
(6798, 1, 0, 'Zeptol 200mg', ''),
(6799, 3, 0, 'Osmolex', ''),
(6800, 1, 0, 'Tridopa100', ''),
(6801, 1, 0, 'Amitryl  25mg', ''),
(6802, 2, 0, 'Pregaben 75mg', ''),
(6803, 1, 0, 'Lopirol 75mg', ''),
(6804, 1, 0, 'Tridopa 100', ''),
(6805, 1, 0, 'Hexinor 2mg', ''),
(6806, 1, 0, 'Esoral 40mg', ''),
(6807, 3, 0, 'Gaviscon', ''),
(6808, 1, 0, 'Cloron 0.5mg', ''),
(6809, 1, 0, 'Esomep 40mg', ''),
(6810, 1, 0, 'Abecap 5/20', ''),
(6811, 1, 0, 'Denaflex 180mg', ''),
(6812, 1, 0, 'Mlucas 10mg', ''),
(6813, 1, 0, 'Neofloxin 500mg', ''),
(6814, 1, 0, 'Melexol', ''),
(6815, 1, 0, 'Bizoran 20/5', ''),
(6816, 1, 0, 'Thyrin 50mg', ''),
(6817, 1, 0, 'Osertil 50mg Plus', ''),
(6818, 1, 0, 'Amit10mg', ''),
(6819, 1, 0, 'Fluver10mg', ''),
(6820, 1, 0, 'Epitra 0.5mg', ''),
(6821, 2, 0, 'Esomep20mg', ''),
(6822, 1, 0, 'Amit 10mg', ''),
(6823, 1, 0, 'Cavinton 5mg', ''),
(6824, 1, 0, 'Zollium 0.5mg', ''),
(6825, 1, 0, 'Epitra 1mg', ''),
(6826, 1, 0, 'Chear 50mg', ''),
(6827, 1, 0, 'Vaxtin 100mg', ''),
(6828, 1, 0, 'Neofloxin 250mg', ''),
(6829, 1, 0, 'Amit 25mg', ''),
(6830, 1, 0, 'Furex 500mg', ''),
(6831, 1, 0, 'MTS6', ''),
(6832, 1, 0, 'Neobion', ''),
(6833, 1, 0, 'Diliptin M 50/500', ''),
(6834, 1, 0, 'Neuobion', ''),
(6835, 1, 0, 'Revotril 0.5mg', ''),
(6836, 3, 0, 'Ambrose', ''),
(6837, 1, 0, 'Neubion', ''),
(6838, 1, 0, 'Imovan 7.5mg', ''),
(6839, 1, 0, 'Fexo120mg', ''),
(6840, 1, 0, 'Nopain 50mg', ''),
(6841, 1, 0, 'Inflagic 20mg', ''),
(6842, 7, 0, 'SQMycetin', ''),
(6843, 3, 0, 'Omidon', ''),
(6844, 1, 0, 'Cardon 50mg', ''),
(6845, 1, 0, 'Tenorene 50mg', ''),
(6846, 1, 0, 'Milran 50mg', ''),
(6847, 1, 0, 'Ostocal-D', ''),
(6848, 1, 0, 'Flexibac 10mg', ''),
(6849, 1, 0, 'Taran 50mg', ''),
(6850, 1, 0, 'Perkinil 5mg', ''),
(6851, 1, 0, 'Norium 10mg', ''),
(6852, 1, 0, 'Carvista 6.25mg', ''),
(6853, 1, 0, 'Nitrovas 2.6mg', ''),
(6854, 2, 0, 'P.G. 150mg', ''),
(6855, 1, 0, '3 BION', ''),
(6856, 1, 0, 'Cefin 3 200mg', ''),
(6857, 4, 0, 'B12', ''),
(6858, 1, 0, 'Methecal', ''),
(6859, 3, 0, 'Alkuli', ''),
(6860, 1, 0, 'Physiotherapy', ''),
(6861, 1, 0, 'Epilim Chrono 500mg', ''),
(6862, 1, 0, 'Mirapin 15mg', ''),
(6863, 1, 0, 'Fimoxyclave 625mg', ''),
(6864, 1, 0, 'Contin 200mg', ''),
(6865, 1, 0, 'M Lucas 10mg', ''),
(6866, 1, 0, 'Nexum 20mg', ''),
(6867, 1, 0, 'Diphedan 100mg', ''),
(6868, 1, 0, 'Qpine 25mg', ''),
(6869, 3, 0, 'Tulac', ''),
(6870, 1, 0, 'Nervo B', ''),
(6871, 4, 0, 'Humulin 30/70', ''),
(6872, 1, 0, 'Pyrovit', ''),
(6873, 1, 0, 'Nidipin SR 20MG', ''),
(6874, 2, 0, 'Exor 40mg', ''),
(6875, 4, 0, 'Lentus', ''),
(6876, 2, 0, 'Dilipid', ''),
(6877, 1, 0, 'Acifix 20mg', ''),
(6878, 1, 0, 'Liofen 10mg', ''),
(6879, 1, 0, 'Relexan 5mg', ''),
(6880, 1, 0, 'Relaxane 5mg', ''),
(6881, 1, 0, 'Neucos B', ''),
(6882, 2, 0, 'Prelin 75mg', ''),
(6883, 2, 0, 'Demelone 1.5mg', ''),
(6884, 1, 0, 'Bisu 5mg', ''),
(6885, 1, 0, 'B50 Fort', ''),
(6886, 1, 0, 'Advice Admission', ''),
(6887, 1, 0, 'Hexenor 2mg', ''),
(6888, 1, 0, 'Elatrum 250mg', ''),
(6889, 2, 0, 'Prelica 75mg', ''),
(6890, 1, 0, 'Zolitra 0.5mg', ''),
(6891, 1, 0, 'Dementa 5mg', ''),
(6892, 1, 0, 'Folison', ''),
(6893, 1, 0, 'Clopelet A', ''),
(6894, 1, 0, 'Dimerol 80mg', ''),
(6895, 1, 0, 'Sitagil M 50/500', ''),
(6896, 1, 0, 'Imoven 7.5mg', ''),
(6897, 1, 0, 'Furex 250mg', ''),
(6898, 2, 0, 'Esomep 40mg', ''),
(6899, 3, 0, 'Zinc B', ''),
(6900, 1, 0, 'Motifast', ''),
(6901, 1, 0, 'Elatrum 250mg', ''),
(6902, 1, 0, 'Iracet 250mg', ''),
(6903, 1, 0, 'PG 75mg', ''),
(6904, 1, 0, 'B 50 FORT', ''),
(6905, 1, 0, 'Galvus Met 50/850mg', ''),
(6906, 1, 0, 'Nexital 10mg', ''),
(6907, 3, 0, 'K T', ''),
(6908, 1, 0, 'Secrine 2mg', ''),
(6909, 1, 0, 'Tose 30mg', ''),
(6910, 2, 0, 'Pronex 20mg', ''),
(6911, 1, 0, 'Trileptrol 600mg', ''),
(6912, 4, 0, 'Humilin R 70/30', ''),
(6913, 1, 0, 'Nobost XR 500mg', ''),
(6914, 1, 0, 'Prosan 50mg', ''),
(6915, 2, 0, 'Opton 40mg', ''),
(6916, 1, 0, 'Diliptin M 50/500mg', ''),
(6917, 1, 0, 'Voltaline SR100mg', ''),
(6918, 1, 0, 'Relaxen 5mg', ''),
(6919, 2, 0, 'Fimoxiclave 625mg', ''),
(6920, 1, 0, '4 FDC', ''),
(6921, 4, 0, 'Sanoket 30mg', ''),
(6922, 4, 0, 'Maxsuline 30/70', ''),
(6923, 1, 0, 'Diapro 80mg', ''),
(6924, 1, 0, 'Stemetil 5mg', ''),
(6925, 1, 0, 'A TO Z Senior', ''),
(6926, 1, 0, 'Diovan 160 Plus', ''),
(6927, 4, 0, 'Senoket', ''),
(6928, 1, 0, 'Olivo 20/375mg', ''),
(6929, 1, 0, 'Coral cal D', ''),
(6930, 1, 0, 'Nexital 5mg', ''),
(6931, 1, 0, 'Ancor 5mg', ''),
(6932, 2, 0, 'Rose', ''),
(6933, 1, 0, 'Zinc B', ''),
(6934, 3, 0, 'Epilim', ''),
(6935, 1, 0, 'Barbit 30mg', ''),
(6936, 3, 0, 'Mamopil', ''),
(6937, 2, 0, 'Exelone 3mg', ''),
(6938, 1, 0, 'Aztor 20 mg', ''),
(6939, 1, 0, 'Revotril  2mg', ''),
(6940, 1, 0, 'Co- Dopa 110mg', ''),
(6941, 4, 0, 'Cholera Saline 1000cc', ''),
(6942, 1, 0, 'Flagyl 500mg', ''),
(6943, 1, 0, 'Toradolin', ''),
(6944, 1, 0, 'Prosan HZ 50mg', ''),
(6945, 3, 0, 'Iracet', ''),
(6946, 1, 0, 'Tridopa 150mg', ''),
(6947, 7, 0, 'Refres Tears', ''),
(6948, 1, 0, 'Solivo 20/500', ''),
(6949, 1, 0, 'Odreal Plus 75mg', ''),
(6950, 8, 0, 'Clofenac Gel', ''),
(6951, 1, 0, 'Indelix-SR 1.5', ''),
(6952, 1, 0, 'Acipril 5mg', ''),
(6953, 1, 0, 'Lasix', ''),
(6954, 1, 0, 'Ancor 10mg', ''),
(6955, 1, 0, 'Prelet 75mg', ''),
(6956, 1, 0, 'Metfo 850mg', ''),
(6957, 2, 0, 'Nervalin 50mg', ''),
(6958, 1, 0, 'Penvic 250mg', ''),
(6959, 1, 0, 'Metorex 2.5mg', ''),
(6960, 2, 0, 'Prelin 50mg', ''),
(6961, 1, 0, 'Epilim 200mg', ''),
(6962, 1, 0, 'Epinil 30mg', ''),
(6963, 1, 0, 'Nexe 20mg', ''),
(6964, 1, 0, 'Corostan 5mg', ''),
(6965, 6, 0, 'Lantus', ''),
(6966, 1, 0, 'Amitryptiline 25mg', ''),
(6967, 3, 0, 'Digecid Plus', ''),
(6968, 1, 0, 'Mammopil 800', ''),
(6969, 1, 0, 'Replet Plus 75mg', ''),
(6970, 1, 0, 'Osertil 25mg', ''),
(6971, 3, 0, 'Gastrocon', ''),
(6972, 1, 0, 'Xerosec 20mg', ''),
(6973, 1, 0, 'Alben DS 400MG', ''),
(6974, 1, 0, 'Stemitil 5mg', ''),
(6975, 1, 0, 'Tegretol 200mg', ''),
(6976, 1, 0, 'Halop 5mg', ''),
(6977, 1, 0, 'Tilcotil 20mg', ''),
(6978, 1, 0, 'Amit 25mg', ''),
(6979, 2, 0, 'Xerosec 40mg', ''),
(6980, 1, 0, 'Oxytol 150mg', ''),
(6981, 1, 0, 'Femanol', ''),
(6982, 1, 0, 'Fungidal VT', ''),
(6983, 8, 0, 'Gelora oral gel', ''),
(6984, 1, 0, 'Xelopes 20mg', ''),
(6985, 6, 0, 'Ansuline 30/70', ''),
(6986, 1, 0, 'Folic Acid', ''),
(6987, 2, 0, 'Nortin 10mg', ''),
(6988, 2, 0, 'Pretor 75mg', ''),
(6989, 8, 0, 'Apsol oral gel', ''),
(6990, 1, 0, 'Noclog Plus 75mg', ''),
(6991, 1, 0, 'Antaryl', ''),
(6992, 6, 0, 'Maxsuline 30/70', ''),
(6993, 1, 0, 'Trileptol 600mg', ''),
(6994, 1, 0, 'Nervo - B', ''),
(6995, 9, 0, 'Calamina', ''),
(6996, 9, 0, 'Lotio Calamina', ''),
(6997, 1, 0, 'Aro 9', ''),
(6998, 3, 0, 'Viscocid', ''),
(6999, 2, 0, 'Neuroline 150mg', ''),
(7000, 1, 0, 'Vergon 5mg', ''),
(7001, 1, 0, 'Vastaril MR', ''),
(7002, 1, 0, 'Sitagil M 50/500 ER', ''),
(7003, 1, 0, 'Cloron 1mg', ''),
(7004, 51, 0, 'Fibogel', ''),
(7005, 1, 0, 'Jasoquine 300mg', ''),
(7006, 1, 0, 'Rocaltrol', ''),
(7007, 1, 0, 'Centrum silver', ''),
(7008, 3, 0, 'Trileptol', ''),
(7009, 22, 0, 'Apsol Gel', ''),
(7010, 1, 0, 'Riboflavin', ''),
(7011, 2, 0, 'Neuroline 50mg', ''),
(7012, 1, 0, 'Sedil 5mg', ''),
(7013, 1, 0, 'Vildemet 50/850mg', ''),
(7014, 7, 0, 'S Q Mycetin', ''),
(7015, 1, 0, 'Olivo 20/500mg', ''),
(7016, 1, 0, 'Opton 20mg', ''),
(7017, 4, 0, 'Merocil 1gm', ''),
(7018, 4, 0, 'Ropenam 1gm', ''),
(7019, 1, 0, 'Osartan HZ 50Mg', ''),
(7020, 1, 0, 'Camlodin Plus 50mg', ''),
(7021, 4, 0, 'Ceftron 1gm', ''),
(7022, 1, 0, 'Sodium Cloride', ''),
(7023, 1, 0, 'Emovan 7.5mg', ''),
(7024, 2, 0, 'OP 20mg', ''),
(7025, 1, 0, 'Adelex', ''),
(7026, 1, 0, 'Betaloc 50mg', ''),
(7027, 1, 0, 'Primace 5mg', ''),
(7028, 1, 0, 'Clofenac 100mg', ''),
(7029, 1, 0, 'Dimecrone MR', ''),
(7030, 15, 0, 'Fibogel', ''),
(7031, 1, 0, 'Solivo 20/375mg', ''),
(7032, 1, 0, 'Disopen 2mg', ''),
(7033, 1, 0, 'M Kast 10mg', ''),
(7034, 3, 0, 'Avolac', ''),
(7035, 1, 0, 'Amaryl 1mg', ''),
(7036, 1, 0, 'Pramin 25mg', ''),
(7037, 1, 0, 'Berin', ''),
(7038, 1, 0, 'Larcadip 10mg', ''),
(7039, 1, 0, 'Kvit- N', ''),
(7040, 1, 0, 'Zopan 20mg', ''),
(7041, 6, 0, 'Actrapid HM ( 100 U )', ''),
(7042, 1, 0, 'Truxil', ''),
(7043, 2, 0, 'Dicaltrol 0.25mg', ''),
(7044, 2, 0, 'Xerosec 20mg', ''),
(7045, 11, 0, '5% DNS 1000ml', ''),
(7046, 2, 0, 'Esoral 20mg', ''),
(7047, 3, 0, 'Entacyd Plus', ''),
(7048, 6, 0, 'Humuline', ''),
(7049, 1, 0, 'Calcitrol 0.25', ''),
(7050, 2, 0, 'Rheumacap 25mg', ''),
(7051, 1, 0, 'Qmax 25mg', ''),
(7052, 1, 0, 'A TO Z Silver', ''),
(7053, 2, 0, 'Prelica 150mg', ''),
(7054, 1, 0, 'Gluvan Plus 850', ''),
(7055, 1, 0, 'Qpine 100mg', ''),
(7056, 2, 0, 'Selipum 30mg', ''),
(7057, 1, 0, 'Detrusin La 2mg', ''),
(7058, 2, 0, 'Queen Royal Jelly 500', ''),
(7059, 2, 0, 'Gaba P 75mg', ''),
(7060, 3, 0, 'Cefotil', ''),
(7061, 1, 0, 'ATOZ Senior', ''),
(7062, 1, 0, 'Comet XR 500mg', ''),
(7063, 1, 0, 'Barbit 60mg', ''),
(7064, 1, 0, 'Trihexy 2mg', ''),
(7065, 1, 0, 'Metfo 500mg', ''),
(7066, 3, 0, 'Nector', ''),
(7067, 3, 0, 'Frelax', ''),
(7068, 4, 0, 'Aropen 1gm', ''),
(7069, 1, 0, 'Denaflex 120mg', ''),
(7070, 3, 0, 'Magfin', ''),
(7071, 4, 0, 'Axon 1gm', ''),
(7072, 1, 0, 'Inflam 400mg', ''),
(7073, 1, 0, 'Lucitum 1200mg', ''),
(7074, 1, 0, 'Cefin 3  200mg', ''),
(7075, 1, 0, 'Napa Extra', ''),
(7076, 1, 0, 'Cef 3', '200mg'),
(7077, 11, 0, 'Normal Saline', '1000 ml'),
(7078, 1, 0, 'B R S  3', ''),
(7079, 1, 0, 'BRS  3', ''),
(7080, 4, 0, 'Oradexon', ''),
(7081, 2, 0, 'Exelone 1.5mg', ''),
(7082, 1, 0, 'Zolax 0.5', ''),
(7083, 1, 0, 'Indever 10 mg', ''),
(7084, 6, 0, 'Diasuline R 100 IU.', ''),
(7085, 6, 0, 'Diasuline N ', ''),
(7086, 1, 0, 'Fimoxyclave 375 mg', ''),
(7087, 1, 0, 'Liorel 10 mg', ''),
(7088, 1, 0, 'Tamen-XR', ''),
(7089, 1, 0, 'RTS 5', ''),
(7090, 1, 0, 'Voltaline- D', ''),
(7091, 1, 0, 'Parkifen 2mg', ''),
(7092, 1, 0, 'Cerox CV', '250mg'),
(7093, 1, 0, 'Nidipin SR  20mg', ''),
(7094, 29, 0, 'Apsole', ''),
(7095, 1, 0, 'Anafraline 25mg', ''),
(7096, 1, 0, 'Valex 200mg', ''),
(7097, 4, 0, 'Neurobion', ''),
(7098, 2, 0, 'Neugalin 75mg', ''),
(7099, 1, 0, 'NCL', ''),
(7100, 1, 0, 'Dinafex 180 mg', ''),
(7101, 3, 0, 'Nectar', ''),
(7102, 1, 0, 'Osartil 50mg', ''),
(7103, 2, 0, 'Opton 20mg', ''),
(7104, 1, 0, 'Oramet 850mg', ''),
(7105, 1, 0, 'Gluvan Plus 500', ''),
(7106, 1, 0, 'Zolfin 100mg', ''),
(7107, 2, 0, 'Neuroline 25mg', ''),
(7108, 1, 0, 'Optimox 400mg', ''),
(7109, 1, 0, 'Cerox CV 500mg', ''),
(7110, 7, 0, 'Nystate', ''),
(7111, 1, 0, 'Telfast 180 mg', ''),
(7112, 1, 0, 'Milran 12.5 mg', ''),
(7113, 1, 0, 'Afix 200 mg', ''),
(7114, 1, 0, 'Disprine CV 100 mg', ''),
(7115, 1, 0, 'Bexipred 20 mg', ''),
(7116, 1, 0, 'Diliptin M 50/850', ''),
(7117, 1, 0, 'Neso 20/500 mg', ''),
(7118, 1, 0, 'Menaril 8 mg', ''),
(7119, 5, 0, 'Voltaline', '75mg'),
(7120, 1, 0, 'Angical 50 mg', ''),
(7121, 1, 0, 'Dytor 2.5 mg', ''),
(7122, 1, 0, 'Corestin 5mg', ''),
(7123, 1, 0, 'Telfast 120 mg', ''),
(7124, 1, 0, 'NTR 9', ''),
(7125, 1, 0, 'Xalcort 6 mg', ''),
(7126, 1, 0, 'Leveron 500 mg', ''),
(7127, 1, 0, 'Leveron 250 mg', ''),
(7128, 6, 0, 'Mixtrad 100', ''),
(7129, 1, 0, 'Quite 25 mg', ''),
(7130, 3, 0, 'Asynta', ''),
(7131, 4, 0, 'Clopixol Depot', ''),
(7132, 2, 0, 'Esoral 40 mg', ''),
(7133, 4, 0, 'Ropenam 500 mg', ''),
(7134, 5, 0, 'Voltaline 50 mg.', ''),
(7135, 1, 0, 'Respite 20 mg', ''),
(7136, 1, 0, 'Santozen', ''),
(7137, 1, 0, 'Sefurox 500 mg.', ''),
(7138, 6, 0, 'Mixtrad 30/70', ''),
(7139, 1, 0, 'Tritace 2.5mg', ''),
(7140, 1, 0, 'Disys plus 160mg', ''),
(7141, 1, 0, 'Matsa 500mg', ''),
(7142, 2, 0, 'Relaxo 25mg', ''),
(7143, 1, 0, 'Deflacort 6mg', ''),
(7144, 7, 0, 'Sonexa - C', ''),
(7145, 1, 0, 'Fimoxyclave 1GM', ''),
(7146, 1, 0, 'Larcadip 5mg', ''),
(7147, 3, 0, 'Novelta', ''),
(7148, 2, 0, 'B50 Fort.', ''),
(7149, 1, 0, 'Matsa 850mg', ''),
(7150, 1, 0, 'Co- Dopa 275 mg', ''),
(7151, 1, 0, 'Olmesan Plus. 20/12.5', ''),
(7152, 1, 0, 'Denovo 20/500', ''),
(7153, 1, 0, 'Neso 20/375 mg.', ''),
(7154, 1, 0, 'Olmeson Plus 40mg', ''),
(7155, 1, 0, '', ''),
(7156, 1, 0, 'Vildapin Plus 500mg', ''),
(7157, 1, 0, 'Epilin Chrono 200mg', ''),
(7158, 1, 0, 'Flexi A', ''),
(7159, 22, 0, 'Micoral oral gel.', ''),
(7160, 3, 0, 'Barbite', ''),
(7161, 1, 0, 'Xenole 20/375 mg', ''),
(7162, 1, 0, 'Zyril 25 mg', ''),
(7163, 8, 0, 'Micoral oral gel.', ''),
(7164, 1, 0, 'Inflam 200mg', ''),
(7165, 2, 0, 'Supravit-M', ''),
(7166, 2, 0, 'Supravit-G', ''),
(7167, 1, 0, 'Orbas 20mg', ''),
(7168, 1, 0, 'Cardobis 2.5mg', ''),
(7169, 1, 0, 'Cardobis 5 mg', ''),
(7170, 1, 0, 'Sefurox 250 mg.', 'Sanofi'),
(7171, 7, 0, 'Cloron', ''),
(7172, 4, 0, 'Forgen 1mg', ''),
(7173, 1, 0, 'Denovo 20/375 mg', ''),
(7174, 1, 0, 'Flexi SR', ''),
(7175, 1, 0, 'Corestin 10mg', ''),
(7176, 1, 0, 'Selazine 500mg', ''),
(7177, 1, 0, 'Profenid - E 50mg', ''),
(7178, 1, 0, 'Profenid -E 100mg', ''),
(7179, 2, 0, 'Profenid -CR 200mg', ''),
(7180, 4, 0, 'Doripen 500mg', ''),
(7181, 4, 0, 'D3 B.O.N.', ''),
(7182, 3, 0, 'Mirakof', ''),
(7183, 2, 0, 'UBI-Q 60mg', ''),
(7184, 5, 0, 'Profenid', ''),
(7185, 1, 0, 'Calboral - D', ''),
(7186, 1, 0, 'BAR - 3', ''),
(7187, 1, 0, 'Anaflex Max 500mg.', ''),
(7188, 1, 0, 'Cefim 3 200mg', ''),
(7189, 2, 0, 'Cebuten 400mg', ''),
(7190, 2, 0, 'Ubi -Q 60mg', ''),
(7191, 2, 0, 'Rostil SR', ''),
(7192, 1, 0, 'Diovan 80 mg.', ''),
(7193, 1, 0, 'Calorate', ''),
(7194, 1, 0, 'Bextram Teen HR', ''),
(7195, 1, 0, 'Bextram Teen HM', ''),
(7196, 1, 0, 'Nortilin 10mg', ''),
(7197, 1, 0, 'Nortilin 25mg', ''),
(7198, 41, 0, 'Lister', ''),
(7199, 2, 0, 'Prazo 20mg', ''),
(7200, 1, 0, 'Supra - B', ''),
(7201, 1, 0, 'Epilim Chrono 300mg', ''),
(7202, 3, 0, 'Neurolep', ''),
(7203, 1, 0, 'Senoket 10mg', ''),
(7204, 1, 0, 'Aristo Silver.', ''),
(7205, 1, 0, 'Alban - DS', ''),
(7206, 1, 0, 'Rilutek 50mg', ''),
(7207, 2, 0, 'Norain 20mg.', ''),
(7208, 1, 0, 'zinnat 500mg', ''),
(7209, 1, 0, 'Filwell Gold.', ''),
(7210, 1, 0, 'Filwell Silver.', ''),
(7211, 9, 0, 'Enterogermina', ''),
(7212, 3, 0, 'Magmil', ''),
(7213, 8, 0, 'Eumovate', ''),
(7214, 3, 0, 'Filwell Kids', ''),
(7215, 1, 0, 'Amaryl 2mg', ''),
(7216, 15, 0, 'Salflu 250', ''),
(7217, 1, 0, 'Synriod 50', ''),
(7218, 1, 0, 'Zinnat 250mg', ''),
(7219, 1, 0, 'Zyril 10mg.', ''),
(7220, 33, 0, 'Calamina', ''),
(7221, 1, 0, 'Telfast 60 mg', ''),
(7222, 1, 0, 'Strepsils', ''),
(7223, 1, 0, 'Xenole 20/500 mg', ''),
(7224, 1, 0, 'Vinpoton 5mg.', ''),
(7225, 8, 0, 'Profenid', ''),
(7226, 29, 0, 'Profenid', ''),
(7227, 2, 0, 'Profenid -CR 100mg', ''),
(7228, 1, 0, 'Flexivan ER', ''),
(7229, 2, 0, 'Imet 75mg', ''),
(7230, 3, 0, 'Cef 3', ''),
(7231, 4, 0, 'Profenid 100mg', ''),
(7232, 1, 0, 'Pivasta 2mg', ''),
(7233, 1, 0, 'Sirdalud 2mg', ''),
(7234, 33, 0, 'Physiological Lotion', ''),
(7235, 16, 0, 'Profenid', ''),
(7236, 1, 0, 'Periactin', ''),
(7237, 4, 0, 'Voltaline 75 mg.', ''),
(7238, 1, 0, 'Inflagic 10 mg', ''),
(7239, 1, 0, 'Lasix 40 mg', ''),
(7240, 1, 0, 'Clopid AS', ''),
(7241, 1, 0, 'RJS - 4', ''),
(7242, 1, 0, 'Clonatril 1 mg', ''),
(7243, 1, 0, 'Vigatin 50mg', ''),
(7244, 1, 0, 'D - Dopa', ''),
(7245, 1, 0, 'D - Dopa 110 mg.', ''),
(7246, 10, 0, 'Nebulization', ''),
(7247, 1, 0, 'Epnil 1 mg', ''),
(7248, 1, 0, 'Epnil 1 mg', ''),
(7249, 19, 0, 'Enterogermina', ''),
(7250, 1, 0, 'Sixvit', ''),
(7251, 2, 0, '', ''),
(7252, 1, 0, 'Fossical-D', ''),
(7253, 51, 0, 'Nebanol', ''),
(7254, 29, 0, 'Tetracycline', ''),
(7255, 1, 0, 'Backtone 10 mg.', ''),
(7256, 1, 0, 'Camlosort 5/20 mg', ''),
(7257, 1, 0, 'Secnidal', ''),
(7258, 1, 0, 'Frenvas 10 mg', ''),
(7259, 1, 0, 'Ritch Plus', ''),
(7260, 1, 0, 'Diltazaim SR 90mg', ''),
(7261, 1, 0, 'Peridol 5mg', ''),
(7262, 1, 0, 'Galvus Met 50/500mg', ''),
(7263, 2, 0, 'P.G. 75mg', ''),
(7264, 1, 0, 'Tritace 5 mg', ''),
(7265, 1, 0, 'Tritace 5 mg', ''),
(7266, 4, 0, 'Opton 40mg', ''),
(7267, 1, 0, 'Lubilax 8mg', ''),
(7268, 4, 0, 'Arixon 1 GM', ''),
(7269, 1, 0, 'Pevasta 2 mg.', ''),
(7270, 1, 0, 'Trileptol 300mg', ''),
(7271, 2, 0, 'Lubilax 8mg', ''),
(7272, 1, 0, 'Clavurox 250mg', ''),
(7273, 1, 0, 'Denaflex 60mg', ''),
(7274, 2, 0, 'Xabilin 50mg', ''),
(7275, 2, 0, 'Prelica 50mg', ''),
(7276, 1, 0, 'Clavurox 500mg', ''),
(7277, 2, 0, 'Lyric 50mg', ''),
(7278, 4, 0, 'Clopixol Depot 200 mg/ml', ''),
(7279, 6, 0, 'Levemir', ''),
(7280, 16, 0, 'Festam', ''),
(7281, 4, 0, 'Arixon g.', ''),
(7282, 1, 0, 'Frenvas 20 mg', ''),
(7283, 2, 0, 'PG 50 mg', ''),
(7284, 1, 0, 'Pen V 250 mg', ''),
(7285, 1, 0, 'NaCL', ''),
(7286, 1, 0, 'Crestor', ''),
(7287, 1, 0, 'Dexilant 30 mg', ''),
(7288, 1, 0, 'Elodep 10 mg', ''),
(7289, 1, 0, 'Rupaday', ''),
(7290, 11, 0, 'Cholera Saline. 1000 ml', ''),
(7291, 1, 0, 'Eracet 250 mg', ''),
(7292, 1, 0, 'MRB - 5', ''),
(7293, 2, 0, 'Uroflow', ''),
(7294, 1, 0, 'Omecrom 20mg', ''),
(7295, 2, 0, 'Esprazo 20 mg', ''),
(7296, 1, 0, 'Rostab 10 mg', ''),
(7297, 1, 0, 'Cefotil Plus 500mg', ''),
(7298, 6, 0, 'Apidra', ''),
(7299, 1, 0, 'Largectil 25 mg', ''),
(7300, 7, 0, 'Artificial Teers', ''),
(7301, 1, 0, 'Remicard 2.5 mg', ''),
(7302, 15, 0, 'Natlax', ''),
(7303, 7, 0, 'Senoxa - C', ''),
(7304, 1, 0, 'Cefotil Plus 250mg', ''),
(7305, 29, 0, 'Voltaline', ''),
(7306, 1, 0, 'Bizoran 5/20', ''),
(7307, 1, 0, 'Viglimet 50/500 mg', ''),
(7308, 29, 0, 'Valogel', ''),
(7309, 1, 0, 'Goldpac', ''),
(7310, 1, 0, 'Silverpac', ''),
(7311, 1, 0, 'Docopa', ''),
(7312, 1, 0, 'Losarva 50 mg', ''),
(7313, 7, 0, 'Flonaspray', ''),
(7314, 1, 0, 'Pyrostig 60 mg.', ''),
(7315, 1, 0, 'Rapine 15 mg', ''),
(7316, 1, 0, 'Betacor 2.5 mg', ''),
(7317, 1, 0, 'Kt', ''),
(7318, 2, 0, 'Neugalin 50 mg', ''),
(7319, 1, 0, 'Consucon 80 mg', ''),
(7320, 6, 0, 'Novomix', ''),
(7321, 1, 0, 'Monocard 20 mg', ''),
(7322, 1, 0, 'Vastaril MR 35 mg', ''),
(7323, 1, 0, 'Nebicard 2.5 mg', ''),
(7324, 1, 0, 'Viglimet 50/850 mg', ''),
(7325, 1, 0, 'Mervan SR', ''),
(7326, 1, 0, 'Rex', ''),
(7327, 6, 0, 'Glyset R', ''),
(7328, 2, 0, 'Neugalin  150 mg', ''),
(7329, 1, 0, 'Cardizem-S 90mg', ''),
(7330, 1, 0, 'Combocef 200 mg', ''),
(7331, 1, 0, 'Bizoran 5/40', ''),
(7332, 1, 0, 'Namitol 200 mg', ''),
(7333, 1, 0, 'Metfo XR 500mg', ''),
(7334, 1, 0, 'Epilim Chrono 200mg', ''),
(7335, 3, 0, 'Becozin - I', ''),
(7336, 3, 0, 'Becozin.', ''),
(7337, 1, 0, 'Tegretol 400mg', ''),
(7338, 4, 0, 'Merocon 1 gm.', ''),
(7339, 1, 0, 'Lameptil 50 gm', ''),
(7340, 1, 0, 'Tridopa 50 mg', ''),
(7341, 1, 0, 'Pacitane 2mg', ''),
(7342, 2, 0, 'Formum 500mg', ''),
(7343, 1, 0, 'Jointec Max', ''),
(7344, 29, 0, 'Betason', ''),
(7345, 1, 0, 'Coversyl 4mg', ''),
(7346, 1, 0, 'Nebicard 5 mg', ''),
(7347, 1, 0, 'Altrip ', ''),
(7348, 1, 0, 'Ketron D', ''),
(7349, 1, 0, 'Univit Plus', ''),
(7350, 1, 0, 'Univit Plus', ''),
(7351, 1, 0, 'Avator ', ''),
(7352, 1, 0, 'Janvia', ''),
(7353, 2, 0, 'Lozana', ''),
(7354, 2, 0, 'Lozana', ''),
(7355, 1, 0, 'Janvia', ''),
(7356, 1, 0, 'Janvia', ''),
(7357, 1, 0, 'Janvia', ''),
(7358, 1, 0, 'Janvia', ''),
(7359, 1, 0, 'Janvia', ''),
(7360, 1, 0, 'Janvia', ''),
(7361, 2, 0, 'Lozana', ''),
(7362, 1, 0, 'Roxcef', ''),
(7363, 5, 0, 'Napa', ''),
(7364, 1, 0, 'Starcal D ', ''),
(7365, 1, 0, 'Starcal D ', '');

-- --------------------------------------------------------

--
-- Table structure for table `drugadvicetype`
--

CREATE TABLE IF NOT EXISTS `drugadvicetype` (
  `id` int(11) NOT NULL AUTO_INCREMENT,
  `doctorType` int(11) NOT NULL,
  `bangla` text CHARACTER SET utf8 NOT NULL,
  `english` text NOT NULL,
  `pdf` text NOT NULL,
  PRIMARY KEY (`id`)
) ENGINE=InnoDB  DEFAULT CHARSET=latin1 AUTO_INCREMENT=38 ;

--
-- Dumping data for table `drugadvicetype`
--

INSERT INTO `drugadvicetype` (`id`, `doctorType`, `bangla`, `english`, `pdf`) VALUES
(0, 0, '', '', ''),
(1, 8, 'স্বামী স্ত্রী দুজন ই খাবেন ', '', '¯^vgx ¯¿x `yRb B Lv‡eb '),
(2, 8, 'মাসিকের ৩য়  দিন থেকে', '', 'gvwm‡Ki 3q  w`b †_‡K'),
(4, 8, 'মাসিকের  ২য় , ৪থ ,৬ষঠ,৮ম,১০ম  দিন খাবেন', '', 'gvwm‡Ki  2q , 4_ ,6lV,8g,10g  w`b Lv‡eb'),
(5, 0, '১ দিন পর পর', '', '1 w`b ci ci'),
(6, 0, 'মাংস পেশীতে', 'IM', 'gvsm †ckx‡Z'),
(7, 0, 'শিরাতে', 'IV', 'wkiv‡Z'),
(8, 0, 'যোনিপথে ব্যবহার করবেন', 'Pervaginal', '†hvwbc‡_ e¨envi Ki‡eb'),
(9, 0, 'পায়ুপথে ব্যবহার করবেন', 'Perrectum', 'cvqyc‡_ e¨envi Ki‡eb'),
(10, 2, 'অপারেশনের পাচ দিন আগে থেকে', '', 'Acv‡ik‡bi cvP w`b Av‡M †_‡K'),
(11, 2, 'অপারেশনের পাচ দিন পর থেকে', '', 'Acv‡ik‡bi cvP w`b ci †_‡K'),
(12, 2, 'অপারেশনের সাত দিন আগে থেকে', '', 'Acv‡ik‡bi mvZ w`b Av‡M †_‡K'),
(13, 2, 'অপারেশনের পাচ দিন পর থেকে', '', 'Acv‡ik‡bi cvP w`b ci †_‡K'),
(14, 0, 'সকালে', '', 'mKv‡j'),
(15, 0, 'রাতে', '', 'iv‡Z'),
(16, 0, 'দুপুরে', '', '`ycy‡i'),
(17, 0, 'সেলাইতে ব্যবহার করবেন', '', '†mjvB‡Z e¨envi Ki‡eb'),
(18, 8, 'স্তনে ব্যবহার করবেন', '', '¯—‡b e¨envi Ki‡eb'),
(19, 8, 'মাসিকের 16তম থেকে 25তম দিন', '', 'gvwm‡Ki 16Zg †_‡K 25Zg w`b'),
(20, 5, '৪ চামুচ করে হাফ গ্লাস পানিতে দিনে দশ বার কুলি করবেন', '', '4 PvgyP K‡i nvd M­vm cvwb‡Z w`‡b `k evi Kzwj Ki‡eb'),
(21, 0, '১৫ দিন পর পর', '', '15 w`b ci ci'),
(22, 0, 'সন্ধ্যা ৮ টার সময় খাবেন।', '', 'mÜ¨v 8 Uvi mgq Lv‡eb|'),
(23, 0, 'চামডার নিচে', '', 'Pvgovi wb‡P'),
(24, 0, 'ব্যাথা করলে খাবেন', '', 'e¨v_v Ki‡j Lv‡eb'),
(25, 0, 'ক্ষতস্থানে মলম লাগাবেন। ', '', '¶Z¯’v‡b gjg jvMv‡eb| '),
(26, 0, 'সপ্তাহে ১ দিন ', '', 'mßv‡n 1 w`b '),
(27, 0, 'চোখে দিবেন ', '', '†Pv‡L w`‡eb '),
(28, 0, 'মুখে দিবেন ', '', 'gy‡L w`‡eb'),
(29, 0, 'ক্ষতস্থানে নির্দেশ অনুযায়ী ', '', '¶Z¯’v‡b wb‡`©k Abyhvqx '),
(30, 0, 'নির্দেশিত স্থানে ', '', 'wb‡`©wkZ ¯’v‡b '),
(31, 0, 'দিনে ১ টা ', '', 'w`‡b 1 Uv'),
(37, 0, 'মাংস পেশীতে', '', 'gvsm †ckx‡Z');

-- --------------------------------------------------------

--
-- Table structure for table `drugcompany`
--

CREATE TABLE IF NOT EXISTS `drugcompany` (
  `id` int(11) NOT NULL AUTO_INCREMENT,
  `name` varchar(25) NOT NULL,
  `folder` varchar(55) NOT NULL,
  PRIMARY KEY (`id`)
) ENGINE=InnoDB  DEFAULT CHARSET=latin1 ROW_FORMAT=COMPACT AUTO_INCREMENT=19 ;

--
-- Dumping data for table `drugcompany`
--

INSERT INTO `drugcompany` (`id`, `name`, `folder`) VALUES
(0, 'Genric', ''),
(1, 'NIPRO JMI', 'jmi'),
(2, 'SQUARE', 'square'),
(3, 'Incepta', 'incepta'),
(4, 'Skf', 'skf'),
(5, 'Beximco', 'beximco'),
(6, 'Acme', 'acme'),
(7, 'Opsorin', 'opsotin'),
(8, 'ACI', 'aci'),
(9, 'Globe', 'globe'),
(10, 'Aristo Pharma', 'aristo'),
(11, 'General Pharma', 'general'),
(12, 'healthcare', 'healthcare'),
(13, 'Renata', 'Renata'),
(14, 'Unimed', 'Unimed'),
(15, 'Radiant', 'rad'),
(16, 'Novartis', 'nov'),
(17, 'Drug Int', 'drug int'),
(18, 'Navana', 'navana');

-- --------------------------------------------------------

--
-- Table structure for table `drugdaytype`
--

CREATE TABLE IF NOT EXISTS `drugdaytype` (
  `id` int(11) NOT NULL AUTO_INCREMENT,
  `bangla` varchar(255) CHARACTER SET utf8 NOT NULL,
  `pdf` varchar(255) CHARACTER SET utf8 NOT NULL,
  `english` varchar(255) NOT NULL,
  PRIMARY KEY (`id`)
) ENGINE=InnoDB  DEFAULT CHARSET=latin1 AUTO_INCREMENT=8 ;

--
-- Dumping data for table `drugdaytype`
--

INSERT INTO `drugdaytype` (`id`, `bangla`, `pdf`, `english`) VALUES
(1, 'দিন ', 'w`b', 'Days'),
(2, 'সপ্তাহ', 'mc—vn', 'Weeks'),
(3, 'মাস', 'gvm', 'Months'),
(4, 'বছর', 'eQi', 'Years'),
(5, 'চলবে', 'Pj‡e', 'Continue'),
(6, '', '', ''),
(7, 'মাঝে মাঝে', 'gv‡S gv‡S', 'Occasionally ');

-- --------------------------------------------------------

--
-- Table structure for table `drugtype`
--

CREATE TABLE IF NOT EXISTS `drugtype` (
  `id` int(11) NOT NULL AUTO_INCREMENT,
  `name` varchar(255) NOT NULL,
  `initial` varchar(10) NOT NULL,
  `unit` varchar(25) CHARACTER SET utf8 NOT NULL,
  `unitInitial` varchar(45) NOT NULL,
  `optionalUnitInitial` varchar(45) NOT NULL,
  PRIMARY KEY (`id`),
  UNIQUE KEY `name` (`name`)
) ENGINE=InnoDB  DEFAULT CHARSET=latin1 AUTO_INCREMENT=56 ;

--
-- Dumping data for table `drugtype`
--

INSERT INTO `drugtype` (`id`, `name`, `initial`, `unit`, `unitInitial`, `optionalUnitInitial`) VALUES
(1, 'Tablet', 'Tab', '1', '', ''),
(2, 'Capsule', 'Cap', '1', '', ''),
(3, 'Syrup', 'Syp', '1', 's', ''),
(4, 'Injection', 'Inj', '1', 'vial', 'ampl'),
(5, 'Suppository ', 'Supp', '1', '', ''),
(6, 'Insulin ', 'Ins', '12', 'u', ''),
(7, 'Drop', 'Drop', '1', 'd', ''),
(8, 'Cream', 'Cream', '1', '', ''),
(10, 'Inhaler ', 'Inh', '1', 'puff', ''),
(11, 'IV-Infusion', 'IV', '1\r\n', 'drp/min', ''),
(14, 'Spray', 'Spray', '1', 'puff', ''),
(15, 'Powder for Suspension', 'PFS', '1', 's', ''),
(16, 'GEL', 'Gel', '1', '', ''),
(19, 'Solution', 'SL.', '1', '', ''),
(21, 'Pellets', 'PLT', '1', '', ''),
(22, 'Oral Paste', 'OPT', '1', '', ''),
(29, 'Ointment', 'OINT', '1', '', ''),
(30, 'Aerosol Inhalation', 'ARI', '1', '', ''),
(33, 'Lotion', 'Lotion', '1', '', ''),
(36, 'Raw Materials', 'RM', '1', '', ''),
(37, 'Hand Rub', 'HR', '1', '', ''),
(41, 'Mouth Wash', 'MW', '1', 's', ''),
(45, 'Oral Saline', 'ORS', '1', '', ''),
(46, 'Elixir', 'ELX', '1', '', ''),
(49, 'Bolus ', 'Bolus ', '1', '', ''),
(50, 'Sachet', 'Sachet', '1', '', ''),
(51, 'Sached Powder ', 'SP', '1', '', ''),
(53, 'Emulsion', 'Emulsion', '1', '', ''),
(54, 'Shampoo', 'Shampoo', '1', '', ''),
(55, 'Vaccine', 'Vac', '1', '', '');

-- --------------------------------------------------------

--
-- Table structure for table `drugwhentype`
--

CREATE TABLE IF NOT EXISTS `drugwhentype` (
  `id` int(11) NOT NULL AUTO_INCREMENT,
  `bangla` varchar(255) CHARACTER SET utf8 NOT NULL,
  `english` varchar(255) NOT NULL,
  `pdf` varchar(255) CHARACTER SET utf8 NOT NULL,
  PRIMARY KEY (`id`)
) ENGINE=InnoDB  DEFAULT CHARSET=latin1 AUTO_INCREMENT=11 ;

--
-- Dumping data for table `drugwhentype`
--

INSERT INTO `drugwhentype` (`id`, `bangla`, `english`, `pdf`) VALUES
(0, '', '', ''),
(1, 'খাবার পর', 'Before Meal', 'Lvevi ci'),
(2, 'খাবার আধা ঘণ্টা পূর্বে', '30 Minutes Before Meal', 'Lvevi Avav NÈv c~‡e©'),
(3, 'খাবার আগে', 'After Meal', 'Lvevi Av‡M'),
(4, 'ঘুমানোর পুর্বে', 'Before Sleep', 'Nygv‡bvi cy‡e©'),
(5, 'ঘুম থেকে উঠে', 'After Wake-up', 'Nyg †_‡K D‡V'),
(6, 'প্রয়োজন মত', 'SOS', 'cÖ‡qvRb g‡Zv'),
(7, 'মাংস পেশীতে', 'IM', 'gvsm †ckx‡Z'),
(8, 'শিরাতে', 'IV', 'wkiv‡Z'),
(9, 'যোনিপথে', 'Pervaginal', '†hvwb c‡_'),
(10, 'পায়ুপথে', 'Perrectum', 'cvqy c‡_');

-- --------------------------------------------------------

--
-- Table structure for table `drug_prescription`
--

CREATE TABLE IF NOT EXISTS `drug_prescription` (
  `id` int(11) NOT NULL AUTO_INCREMENT,
  `appointMentID` int(11) NOT NULL,
  `drugTypeID` int(11) NOT NULL,
  `drugID` int(11) NOT NULL,
  `drugTimeID` int(11) NOT NULL,
  `drugDose` varchar(255) NOT NULL,
  `drugDoseUnit` varchar(45) NOT NULL,
  `drugNoOfDay` int(11) NOT NULL,
  `drugDayTypeID` int(11) NOT NULL,
  `drugWhenID` int(11) NOT NULL,
  `drugAdviceID` int(11) NOT NULL,
  PRIMARY KEY (`id`)
) ENGINE=InnoDB  DEFAULT CHARSET=latin1 AUTO_INCREMENT=140 ;

--
-- Dumping data for table `drug_prescription`
--

INSERT INTO `drug_prescription` (`id`, `appointMentID`, `drugTypeID`, `drugID`, `drugTimeID`, `drugDose`, `drugDoseUnit`, `drugNoOfDay`, `drugDayTypeID`, `drugWhenID`, `drugAdviceID`) VALUES
(1, 8, 1, 1, 1, '2', '', 0, 5, 2, 14),
(3, 9, 1, 682, 2, '1.5 - 1.5', '', 1, 3, 1, 5),
(4, 10, 1, 525, 2, '1 - 1', '', 7, 3, 1, 0),
(5, 11, 1, 29, 2, '1.5 - 1.5', '', 7, 2, 1, 0),
(6, 12, 1, 15, 3, '1.5 - 1.5 - 1.5', '', 7, 3, 1, 0),
(7, 15, 1, 15, 3, '1.5 - 1.5 - 1.5', '', 7, 3, 1, 0),
(8, 15, 1, 27, 3, '1 - 1 - 1', '', 7, 1, 0, 1),
(9, 17, 1, 15, 3, '1.5 - 1.5 - 1.5', '', 7, 3, 1, 0),
(10, 17, 1, 0, 3, '1 - 1 - 1', '', 7, 1, 1, 1),
(11, 17, 4, 4426, 1, '1', 'vial', 0, 5, 0, 0),
(12, 17, 4, 0, 3, '1 - 1 - 1', 'vial', 7, 1, 0, 0),
(13, 17, 4, 2773, 3, '1 - 1 - 1', 'ampl', 7, 1, 0, 0),
(14, 17, 4, 0, 3, '1 - 1 - 1', 'vial', 7, 1, 0, 0),
(15, 17, 2, 1448, 3, '1 - 1 - 1', '', 7, 1, 1, 0),
(16, 17, 1, 0, 3, '1 - 1 - 1', '', 7, 1, 0, 0),
(17, 18, 4, 2773, 3, '1 - 1 - 1', 'ampl', 7, 1, 0, 0),
(18, 18, 2, 1448, 3, '1 - 1 - 1', '', 7, 1, 1, 0),
(19, 18, 1, 15, 3, '1.5 - 1.5 - 1.5', '', 7, 3, 1, 0),
(20, 18, 4, 4426, 1, '1', 'vial', 0, 5, 0, 0),
(21, 20, 1, 15, 3, '1.5 - 1.5 - 1.5', '', 7, 1, 1, 0),
(22, 21, 1, 7, 3, '1.5 - 1.5 - 1.5', '', 10, 1, 0, 0),
(23, 21, 4, 2310, 2, '2 - 2', 'vial', 7, 1, 0, 0),
(24, 22, 1, 15, 3, '1.5 - 1.5 - 1.5', '', 7, 1, 1, 0),
(25, 23, 1, 15, 3, '1.5 - 1.5 - 1.5', '', 7, 1, 0, 0),
(26, 24, 1, 7, 3, '1.5 - 1.5 - 1.5', '', 10, 1, 0, 0),
(27, 24, 4, 2310, 2, '2 - 2', 'vial', 7, 1, 0, 0),
(28, 25, 8, 312, 3, '1 - 1 - 1', '', 7, 1, 0, 0),
(29, 25, 8, 312, 3, '1 - 1 - 1', '', 7, 1, 0, 0),
(30, 25, 8, 312, 3, '1 - 1 - 1', '', 7, 1, 0, 0),
(31, 26, 1, 15, 3, '2 - 2 - 2', '', 7, 2, 2, 0),
(32, 26, 1, 4, 3, '1.5 - 1.5 - 1.5', '', 7, 1, 0, 5),
(33, 26, 1, 69, 3, '1 - 1 - 1', '', 7, 1, 3, 6),
(34, 27, 1, 15, 3, '1.5 - 1.5 - 1.5', '', 7, 1, 0, 0),
(35, 27, 1, 4, 3, '1.5 - 1.5 - 1.5', '', 7, 1, 0, 5),
(36, 27, 1, 69, 3, '1 - 1 - 1', '', 7, 1, 0, 6),
(37, 28, 4, 360, 2, '1 - 1', 'vial', 10, 1, 1, 6),
(38, 28, 1, 15, 3, '1 - 1 - 1', '', 7, 1, 2, 5),
(39, 29, 1, 4, 3, '1.5 - 1.5 - 1.5', '', 7, 1, 0, 5),
(40, 29, 1, 69, 3, '1 - 1 - 1', '', 7, 1, 3, 6),
(41, 29, 1, 15, 3, '2 - 2 - 2', '', 7, 2, 2, 0),
(42, 30, 1, 4, 3, '1.5 - 1.5 - 1.5', '', 7, 1, 0, 5),
(43, 30, 1, 69, 3, '1 - 1 - 1', '', 7, 1, 3, 6),
(44, 30, 1, 15, 3, '2 - 2 - 2', '', 7, 2, 2, 0),
(45, 43, 1, 41, 3, '1 - 1 - 1', '', 7, 1, 1, 0),
(46, 44, 4, 360, 2, '1.5 - 1.5', 'vial', 10, 1, 1, 6),
(47, 44, 1, 4, 3, '1.5 - 1.5 - 1.5', '', 7, 1, 0, 5),
(48, 44, 1, 69, 3, '1 - 1 - 1', '', 7, 1, 3, 6),
(49, 45, 1, 10, 3, '1 - 1 - 1', '', 7, 1, 0, 0),
(51, 49, 1, 15, 3, '1.5 - 1.5 - 1.5', '', 10, 1, 1, 5),
(52, 49, 8, 312, 3, '1 - 1 - 1', '', 7, 1, 1, 0),
(53, 50, 1, 15, 3, '1.5 - 1.5 - 1.5', '', 10, 1, 1, 5),
(54, 51, 4, 360, 2, '1 - 1', 'vial', 10, 1, 1, 6),
(55, 53, 1, 15, 3, '1 - 1 - 1', '', 7, 1, 0, 5),
(56, 62, 4, 360, 2, '1 - 1', 'vial', 10, 1, 1, 6),
(59, 61, 1, 191, 2, '1 - 1', '', 7, 1, 0, 0),
(60, 61, 1, 4431, 3, '1 - 1 - 1', '', 7, 1, 1, 5),
(61, 64, 1, 488, 3, '1 - 1 - 1', '', 7, 1, 0, 0),
(62, 64, 1, 15, 3, '1.5 - 1.5 - 1.5', '', 10, 1, 1, 5),
(63, 65, 1, 69, 3, '1 - 1 - 1', '', 7, 1, 1, 5),
(64, 68, 1, 11, 3, '1 - 1 - 1', '', 7, 1, 0, 0),
(66, 68, 3, 1438, 3, '1 - 1 - 1', 's', 7, 1, 0, 0),
(67, 69, 1, 191, 2, '1 - 1', '', 7, 1, 0, 0),
(68, 69, 4, 360, 2, '1 - 1', 'vial', 10, 1, 1, 6),
(69, 69, 1, 767, 3, '1 - 1 - 1', '', 7, 1, 1, 0),
(70, 68, 1, 69, 3, '1 - 1 - 1', '', 7, 1, 0, 0),
(74, 68, 1, 838, 3, '1 - 1 - 1', '', 7, 1, 0, 0),
(76, 68, 1, 63, 3, '1 - 1 - 1', '', 7, 1, 0, 0),
(77, 68, 1, 9, 3, '1 - 1 - 1', '', 7, 1, 0, 0),
(78, 68, 1, 488, 3, '1 - 1 - 1', '', 7, 1, 0, 0),
(79, 68, 1, 60, 3, '1 - 1 - 1', '', 7, 1, 0, 0),
(80, 68, 1, 11, 3, '1 - 1 - 1', '', 7, 1, 0, 0),
(81, 69, 1, 4431, 3, '1 - 1 - 1', '', 7, 1, 0, 0),
(82, 70, 1, 19, 3, '1.5 - 1.5 - 1.5', '', 7, 1, 0, 0),
(86, 73, 1, 25, 3, '1.5 - 1.5 - 1.5', '', 7, 1, 1, 21),
(87, 73, 1, 840, 3, '1 - 1 - 1', '', 7, 1, 0, 0),
(88, 73, 1, 672, 3, '1 - 1 - 1', '', 7, 1, 0, 0),
(89, 75, 1, 12, 3, '1 - 1 - 1', '', 7, 1, 0, 0),
(90, 78, 1, 30, 3, '1 - 1 - 1', '', 7, 1, 1, 0),
(91, 80, 1, 141, 3, '1 - 1 - 1', '', 7, 1, 1, 0),
(92, 80, 1, 15, 2, '1 - 1', '', 0, 5, 1, 0),
(93, 80, 1, 7294, 2, '1 - 1', '', 1, 3, 2, 0),
(94, 80, 1, 7347, -3, '', '', 7, 1, 0, 5),
(97, 82, 1, 7351, 1, '1', '', 7, 1, 0, 14),
(98, 82, 1, 7, 1, '1', '', 7, 1, 0, 15),
(99, 82, 1, 30, 1, '1', '', 7, 1, 0, 16),
(100, 82, 1, 484, 1, '1', '', 7, 6, 0, 21),
(101, 82, 1, 906, 1, '1', '', 7, 1, 0, 0),
(102, 83, 1, 4367, 3, '1 - 1 - 1', '', 7, 1, 0, 0),
(103, 83, 2, 2152, 2, '1 - 1', '', 7, 2, 0, 0),
(104, 83, 10, 1307, 1, '1', 'puff', 7, 2, 0, 15),
(105, 83, 6, 7041, 3, '12 - 12 - 12', 'u', 7, 1, 0, 0),
(106, 84, 1, 4367, 3, '1 - 1 - 1', '', 7, 1, 0, 0),
(107, 84, 2, 2152, 2, '1 - 1', '', 7, 2, 0, 0),
(108, 84, 10, 1307, 1, '1', 'puff', 7, 2, 0, 15),
(109, 84, 6, 7041, 3, '12 - 12 - 12', 'u', 7, 1, 0, 0),
(110, 84, 1, 19, 2, '0.5 - 0.5', '', 7, 1, 1, 0),
(111, 84, 1, 52, 2, '1 - 1', '', 0, 5, 2, 0),
(112, 84, 1, 5, 1, '1', '', 7, 1, 0, 15),
(113, 84, 1, 15, 1, '1', '', 0, 5, 0, 16),
(114, 85, 1, 4367, 3, '1 - 1 - 1', '', 7, 1, 0, 0),
(115, 85, 2, 2152, 2, '1 - 1', '', 7, 2, 0, 0),
(116, 85, 10, 1307, 1, '1', 'puff', 7, 2, 0, 15),
(117, 85, 6, 7041, 3, '12 - 12 - 12', 'u', 7, 1, 0, 0),
(118, 86, 1, 15, 2, '1 - 1', '', 0, 5, 0, 0),
(119, 87, 1, 15, -2, 'vg` †mvU KI`', '', 7, 1, 0, 0),
(120, 87, 1, 26, -2, 'vg` †mvU KI', '', 0, 5, 2, 15),
(121, 87, 1, 7360, -2, 'A‡a©K K‡i GKevi Lv‡eb', '', 1, 3, 0, 0),
(122, 87, 2, 7361, 2, '1/2 - 1/2', '', 0, 5, 0, 0),
(123, 87, 10, 1307, 1, '1', 'puff', 7, 2, 0, 15),
(124, 87, 6, 7041, 3, '12 - 12 - 12', 'u', 7, 1, 0, 0),
(125, 87, 1, 7362, 2, '1/2 - 1/2', '', 7, 1, 1, 0),
(126, 87, 5, 7363, 3, '1 - 1 - 1', '', 5, 1, 1, 9),
(127, 88, 1, 7365, 4, '1/2 - 1/2 - 1/2 - 1/2', '', 7, 1, 0, 23),
(128, 88, 1, 4367, 3, '1 - 1 - 1', '', 7, 1, 0, 0),
(129, 88, 2, 2152, 2, '1 - 1', '', 7, 2, 0, 0),
(130, 88, 10, 1307, 1, '1', 'puff', 7, 2, 0, 15),
(131, 88, 6, 7041, 3, '12 - 12 - 12', 'u', 7, 1, 0, 0),
(132, 88, 1, 5, 1, '1', '', 7, 1, 0, 15),
(133, 88, 1, 52, 2, '1 - 1', '', 0, 5, 2, 0),
(134, 88, 1, 19, 2, '0.5 - 0.5', '', 7, 1, 1, 0),
(135, 89, 1, 15, 2, '1/2 - 1/2', '', 0, 5, 1, 0),
(136, 89, 2, 58, 2, '1 - 1', '', 0, 5, 2, 0),
(137, 89, 1, 20, 2, '1 - 1', '', 7, 1, 0, 0),
(138, 89, 3, 289, 2, '1 - 1', 's', 1, 3, 0, 0),
(139, 94, 1, 26, 3, '1 - 1 - 1', '', 7, 1, 0, 0);

-- --------------------------------------------------------

--
-- Table structure for table `history`
--

CREATE TABLE IF NOT EXISTS `history` (
  `id` int(11) NOT NULL AUTO_INCREMENT,
  `typeCode` varchar(45) NOT NULL,
  `name` varchar(255) NOT NULL,
  `shortName` varchar(45) NOT NULL,
  PRIMARY KEY (`id`)
) ENGINE=InnoDB  DEFAULT CHARSET=latin1 AUTO_INCREMENT=20 ;

--
-- Dumping data for table `history`
--

INSERT INTO `history` (`id`, `typeCode`, `name`, `shortName`) VALUES
(1, 'MH', 'Blood Group', 'B.G'),
(2, 'MH', 'Marital Status', 'Marital Status'),
(3, 'MH', 'MP', 'MP'),
(4, 'MH', 'MC', 'MC'),
(5, 'MH', 'Cervical Smear', 'Cervical Smear'),
(6, 'MH', 'LMP', 'LMP'),
(7, 'MH', 'EDD', 'EDD'),
(8, 'MH', 'EDD By USG', 'EDD By USG'),
(9, 'MH', 'test', 'test'),
(10, 'MH', 'test2', 'test2'),
(11, 'OBS', 'Para', 'undefined'),
(12, 'OBS', 'Gravida', 'Gravida'),
(13, 'OBS', 'Test', 'Test'),
(14, 'OBS', 'Lucs', 'Lucs'),
(15, 'OBS', 'ttttttt', 'ttttttt'),
(16, 'OBS', 'hghfg', 'hghfg'),
(17, 'OBS', 'undefined', 'undefined'),
(18, 'MH', 'Frog', 'Frog'),
(19, 'Heart', 'level', 'level');

-- --------------------------------------------------------

--
-- Table structure for table `history_option`
--

CREATE TABLE IF NOT EXISTS `history_option` (
  `id` int(11) NOT NULL AUTO_INCREMENT,
  `historyID` int(11) NOT NULL,
  `optionName` varchar(255) NOT NULL,
  PRIMARY KEY (`id`)
) ENGINE=InnoDB  DEFAULT CHARSET=latin1 AUTO_INCREMENT=25 ;

--
-- Dumping data for table `history_option`
--

INSERT INTO `history_option` (`id`, `historyID`, `optionName`) VALUES
(1, 1, 'O+v'),
(2, 1, 'O-v'),
(13, 2, 'Married'),
(14, 2, ' Divorced'),
(15, 2, ' Single'),
(16, 11, '1'),
(17, 11, '2'),
(18, 11, '3'),
(19, 12, '1'),
(20, 12, '2'),
(21, 12, '3'),
(22, 18, 'A'),
(23, 18, 'B'),
(24, 18, 'C');

-- --------------------------------------------------------

--
-- Table structure for table `history_prescription`
--

CREATE TABLE IF NOT EXISTS `history_prescription` (
  `id` int(11) NOT NULL AUTO_INCREMENT,
  `appointMentID` int(11) NOT NULL,
  `patientHistoryID` int(11) NOT NULL,
  PRIMARY KEY (`id`)
) ENGINE=InnoDB  DEFAULT CHARSET=latin1 AUTO_INCREMENT=51 ;

--
-- Dumping data for table `history_prescription`
--

INSERT INTO `history_prescription` (`id`, `appointMentID`, `patientHistoryID`) VALUES
(8, 5, 2),
(11, 5, 4),
(12, 5, 5),
(13, 8, 6),
(14, 8, 7),
(15, 8, 8),
(16, 12, 8),
(17, 12, 6),
(18, 15, 8),
(19, 15, 6),
(20, 18, 6),
(21, 18, 7),
(22, 18, 9),
(23, 19, 9),
(24, 19, 6),
(25, 19, 7),
(26, 23, 2),
(27, 23, 4),
(28, 23, 5),
(29, 29, 10),
(30, 29, 11),
(31, 29, 12),
(32, 29, 13),
(33, 30, 10),
(34, 30, 11),
(35, 30, 12),
(36, 30, 13),
(37, 43, 9),
(38, 43, 14),
(39, 44, 11),
(40, 44, 15),
(41, 44, 10),
(42, 44, 11),
(43, 44, 12),
(44, 44, 13),
(47, 67, 18),
(50, 67, 17);

-- --------------------------------------------------------

--
-- Table structure for table `inv`
--

CREATE TABLE IF NOT EXISTS `inv` (
  `id` int(11) NOT NULL AUTO_INCREMENT,
  `name` text NOT NULL,
  PRIMARY KEY (`id`)
) ENGINE=InnoDB  DEFAULT CHARSET=latin1 AUTO_INCREMENT=878 ;

--
-- Dumping data for table `inv`
--

INSERT INTO `inv` (`id`, `name`) VALUES
(11, 'Arterial-(pCO2)'),
(12, 'Venous-(pCO2)'),
(14, 'Partial pressure of oxygen (pO2)'),
(15, 'PH Arterial'),
(16, 'pH Venous'),
(18, 'Glycosylated Hemoglobin (HbA1c)'),
(19, 'Oral Glucose Tolerance Test (GTT)'),
(20, 'Post Prandial Blood Sugar (PP - 2 hours)'),
(21, 'Random Blood Sugar (RBS)'),
(29, 'Prostate Specific Antigen (PSA)'),
(30, 'Prothrombin Time'),
(31, 'Reticulocyte Count'),
(32, 'Rheumatoid factor'),
(33, 'Serum Amylase'),
(34, 'Serum anti_La(SS_B)'),
(35, 'serum anti_Ro(SS_A)'),
(36, 'serum Antinuclear Antibodies (ANA)'),
(37, 'Serum Lactate'),
(38, 'Serum Lipase'),
(39, 'RBC Count'),
(107, 'Bleeding Time'),
(108, 'Blood Culture'),
(109, 'H2CO3'),
(110, 'HCO3:H2CO3'),
(113, 'partial pressure of oxygen (pO2)'),
(116, 'Fasting Blood Sugar (FBS)'),
(117, 'Glycosylated Hemoglobin (HbA1c)'),
(118, 'Oral Glucose Tolerance Test (GTT)'),
(119, 'Post Prandial Blood Sugar (PP - 2 hours)'),
(120, 'Random Blood Sugar (RBS)'),
(121, 'Blood WIDAL'),
(122, 'C - Reactive Protein (CRP)'),
(123, 'Clotting Time'),
(124, 'Differential White Blood Cell Count'),
(125, 'Erythrocyte Sedimentation Rate'),
(126, 'Haemoglobin'),
(127, 'Platelet Count'),
(128, 'RBC Count'),
(129, 'Total White Blood Cell Count'),
(130, 'double stranded (ds) DNA'),
(131, 'GGTP'),
(132, 'Serum Cholesterol'),
(133, 'serum HDL'),
(134, 'serum LDL'),
(135, 'serum Phospholipids'),
(136, 'serum Triglycerides'),
(137, 'serum VLDL'),
(138, 'Total Lipids'),
(139, 'serum Alkaline Phosphatase'),
(140, 'serum bilirubin - DIRECT'),
(141, 'serum bilirubin - INDIRECT'),
(142, 'SGOT'),
(143, 'SGPT'),
(144, 'Thymol Turbidity'),
(145, 'total serum Bilirubin'),
(146, 'serum Albumin'),
(147, 'serum Fibrinogen'),
(148, 'serum Globulin'),
(149, 'Total serum Proteins'),
(150, 'Prostate Specific Antigen (PSA)'),
(151, 'Prothrombin Time'),
(152, 'Blood Urea'),
(153, 'Creatinine Clearance Ratio'),
(154, 'serum creatinine'),
(155, 'serum Uric Acid'),
(156, 'Reticulocyte Count'),
(157, 'Rheumatoid factor'),
(158, 'Serum Amylase'),
(159, 'serum anti_La(SS_B)'),
(160, 'serum anti_Ro(SS_A)'),
(161, 'serum Antinuclear Antibodies (ANA)'),
(162, 'serum Bicarbonate (HCO3)'),
(163, 'serum Calcium'),
(164, 'serum Chloride'),
(165, 'serum magnesium'),
(166, 'serum Phosphate'),
(167, 'serum Potassium'),
(168, 'serum Sodium'),
(169, 'Serum Lactate'),
(170, 'Serum Lipase'),
(171, 'Daily Requirement of Iodine'),
(172, 'Duration Of Action'),
(173, 'free serum T3'),
(174, 'free serum Thyroxine Index'),
(175, 'S.PBI'),
(176, 'serum Parathormone'),
(177, 'serum Thyroid stimulating hormone (TSH)'),
(178, 'Time reqd. by antithyroid drug for effect in thyrotoxicosis'),
(179, 'Time reqd. by Radio Iodine'),
(180, 'Total Serum T3'),
(181, 'Total Serum T4'),
(182, 'Electrocardiogram (ECG)'),
(183, 'Treadmill Test (TMT)'),
(184, '24 hour pH monitoring - esophageal'),
(185, 'Arthroscopy'),
(186, 'Colposcopy'),
(187, 'Cystoscopy'),
(188, 'Hysteroscopy'),
(189, 'Laparoscopy'),
(190, 'Rectoscopy'),
(191, 'Upper GI endoscopy'),
(192, 'Upper GI endoscopy'),
(193, 'Arthrocentesis'),
(194, 'Cerebro-spinal fluid (CSF) analysis'),
(195, 'BAO/MAO Ratio'),
(196, 'Gastric - BAO'),
(197, 'Gastric - Fasting Residual Volume'),
(198, 'Gastric - MAO T4'),
(199, 'Gastric - pH'),
(200, 'Gastric - Post Stimulus value'),
(201, 'H.Pylori - Serology'),
(202, 'H.Pylori - Urea Breath Test'),
(203, 'Sperm Count'),
(204, 'sperm motility count'),
(205, 'Fine Needle Aspiration Cytology (FNAC)'),
(206, 'Urodynamic study'),
(207, 'Pap Smear'),
(208, 'Peripheral Blood Smear'),
(209, 'Peripheral Smear for Malarial Parasite (MP)'),
(210, 'QBC for Malarial Parasite'),
(211, 'sputum culture and sensitivity'),
(212, 'Sputum for AFB (acid-fast bacilli)'),
(213, 'Vaginal Smear Examination'),
(214, 'Biopsy'),
(216, 'CK MB'),
(218, 'dobutamine stress test'),
(219, 'IVP'),
(220, 'IVP'),
(221, 'Mantoux'),
(222, 'SAP'),
(223, 'Schirmer tear test'),
(224, 'Schirmer tear test'),
(225, 'troponin I'),
(226, 'troponin T'),
(227, 'stool - bulk'),
(228, 'stool - nitrogen'),
(229, 'stool - total fat'),
(230, 'stool - total fat'),
(231, 'stool - urobilinogen'),
(232, 'stool - water'),
(233, 'Stool culture and sensitivity'),
(234, 'stool for ova and cyst'),
(235, 'Stool hanging drop examination'),
(236, 'Doppler Sonography'),
(237, 'Echocardiogram'),
(238, 'Ultrasound Scan - Abdomen'),
(239, 'Ultrasound Scan - KUB'),
(240, 'Ultrasound Scan - Pelvis'),
(242, '24 hour Urine Volume'),
(243, 'Daily Bile salt Excretion'),
(244, 'Daily Stercobilinogen excretion'),
(245, 'Phosporous'),
(246, 'Potassium'),
(247, 'Red Blood Count'),
(248, 'red cell distribution width (RDW)'),
(249, 'Sodium'),
(250, 'Urea'),
(251, 'Urin Culture and Sensitivity'),
(252, 'Urinary 17 Ketosteroid'),
(253, 'Urinary 17 Oxygenic steroid'),
(254, 'Urinary Amylase'),
(255, 'urinary catecholamines'),
(256, 'Urinary Diastase'),
(257, 'urine - ammonia/nitrogen'),
(258, 'urine - calcium excretion'),
(259, 'urine - chloride'),
(260, 'urine - citrate excretion'),
(261, 'urine - ketones'),
(262, 'urine - albumin'),
(263, 'urine - bile pigments'),
(264, 'urine - bile salts'),
(265, 'urine - microscopy'),
(266, 'urine - pH'),
(267, 'urine - RBC'),
(268, 'urine - specific gravity'),
(269, 'urine glucose - 24-hour specimen'),
(270, 'urine glucose - Random Specimen'),
(271, 'Urine-Creatinine'),
(272, 'Urobilinogen'),
(273, 'Barium enema'),
(274, 'Barium meal series'),
(275, 'Barium meal study'),
(276, 'Coronary Angiography'),
(277, 'CT scan abdomen'),
(278, 'CT scan Brain'),
(279, 'CT scan lumbar spine'),
(280, 'CT scan Lumbo-sacral spine'),
(281, 'Intravenous pyelogram'),
(282, 'Micturating Cystourethrogram'),
(283, 'MRI knee'),
(284, 'MRI lumbar spine'),
(285, 'MRI Lumbo-sacral spine'),
(286, 'MRI Scan Brain'),
(287, 'MRI Spine'),
(288, 'Renal Angiography'),
(289, 'Cervical spine'),
(290, 'X ray left hand'),
(291, 'X ray left knee'),
(292, 'X-Ray'),
(293, 'X ray right knee'),
(294, 'X-Ray - KUB'),
(295, 'X-Ray abdomen'),
(296, 'X-Ray ankle'),
(297, 'X-Ray chest'),
(298, 'X-Ray elbow joint'),
(299, 'X-Ray foot'),
(300, 'X-Ray lumbo sacral'),
(301, 'X-Ray lumbo sacral spine-AP view'),
(302, 'X-Ray lumbo sacral spine-Lat view'),
(303, 'X-Ray pelvis'),
(304, 'X-Ray shoulder'),
(305, 'X-Ray Sinuses'),
(306, 'X-Ray skull'),
(307, 'X-Ray Wrist'),
(308, 'Blood Group'),
(309, 'Random Blood Test'),
(315, 'FBS'),
(317, 'RBS'),
(318, 'GTT'),
(319, 'HbA1C'),
(320, 'Urine for R/E & C/S'),
(321, 'Blood Grouping & Rh Typing'),
(322, 'USG of ut for pregnancy profile'),
(323, 'Hb%'),
(324, '4D USG of ut & Pregnancy profile and anamali scan'),
(325, 'TC,DC,HB%,ESR - Haematological Exam'),
(326, 'CE Count - Haematological Exam'),
(327, 'Haematological Exam - Bone Marrow Study'),
(328, 'Haematological Exam - Absolute Values'),
(329, 'Haematological Exam - Blood Film'),
(330, 'Haematological Exam - MP'),
(331, 'Haematological Exam - LE Cells'),
(332, 'Haematological Exam - BT, CT'),
(333, 'Haematological Exam - APTT'),
(334, 'Haematological Exam - HCT/PCV'),
(335, 'Haematological Exam - MCV, MCHC'),
(336, 'Haematological Exam - Sugar Fasting'),
(337, 'Biochemical Exam - 2 hrs. ABF/Lunch/Post Prandial(PPS)'),
(338, 'Biochemical Exam - 2 hrs. after 75 gm. Glucose'),
(339, 'Biochemical Exam - S. Bilirubin(Total/Direct/Indirect)'),
(340, 'Biochemical Exam - ALK .Phosphatase'),
(341, 'Biochemical Exam - s. Uric Acid'),
(342, 'Biochemical Exam - Prostatic Acid Phosphatase'),
(343, 'Biochemical Exam - HDL Cholesterol'),
(344, 'Biochemical Exam - LDL Cholesterol'),
(345, 'Biochemical Exam - Acid Phosphatase'),
(346, 'Biochemical Exam - S. Total Cholesterol'),
(347, 'Biochemical Exam - Lipid Profile'),
(348, 'Biochemical Exam - Triglyceride '),
(349, 'Biochemical Exam - Urea/BUN '),
(350, 'Biochemical Exam - S. Creatinine '),
(351, 'Biochemical Exam - S. Electrolytes '),
(352, 'Biochemical Exam - S. Total Protein '),
(353, 'Biochemical Exam - Albumin  '),
(354, 'Biochemical Exam - Globulin '),
(355, 'Biochemical Exam - AG Ratio '),
(356, 'Biochemical Exam - LDH '),
(357, 'Biochemical Exam - S. Iron '),
(358, 'Biochemical Exam - Feritin '),
(359, 'Biochemical Exam - Folic Acid '),
(360, 'Biochemical Exam - Folate '),
(361, 'Biochemical Exam - Aldolase'),
(362, 'Biochemical Exam - Urinary Magnesium'),
(363, 'Biochemical Exam - Urinary Electrolytes '),
(364, 'Biochemical Exam - Spot Urine Protein '),
(365, 'Biochemical Exam - Spot Urine Calcium Creatinine Ratio '),
(366, 'Biochemical Exam - Urin for Micro Albumin'),
(367, 'Biochemical Exam - Aldehyde Test'),
(368, 'Biochemical Exam - 24 hrs urinary uricacid '),
(369, 'Biochemical Exam - CPK-MB'),
(370, 'Biochemical Exam - CPK-NAC '),
(371, 'Biochemical Exam - Myoglobin '),
(372, 'Biochemical Exam - s. amylase '),
(373, 'Biochemical Exam - S. Calcium '),
(374, 'Biochemical Exam - Magnesium'),
(375, 'Biochemical Exam - CRP '),
(376, 'Lactate - Biochemical Exam'),
(377, 'Biochemical Exam - Lithium '),
(378, 'Biochemical Exam - Lipase  '),
(379, 'Biochemical Exam - S. Phosphate'),
(380, 'Biochemical Exam - FDP '),
(381, 'Biochemical Exam - TIBC '),
(382, 'Biochemical Exam - Vitamin B-12 '),
(383, 'Biochemical Exam - Ammonia '),
(384, 'Biochemical Exam - Fibrinogen '),
(385, 'Biochemical Exam - GFR '),
(386, 'Biochemical Exam - Inorganic Phosphate '),
(387, 'Biochemical Exam - Homocysteine  '),
(388, 'Torch Panel - Gamma GT '),
(389, 'Torch Panel - CMV IgG'),
(390, 'Torch Panel - CMV IgM '),
(391, 'Torch Panel - Rubella IgG '),
(392, 'Torch Panel - Rubella IgM '),
(396, 'Torch Panel - HSV 1 and 2 IgM '),
(398, 'Torch Panel - HSV 1 and 2 IgG'),
(399, 'Torch Panel - Toxo IgG'),
(400, 'Torch Panel - Toxo IgM'),
(401, 'Immunology/Serology - Widal Test'),
(402, 'Immunology/Serology - Febrila Antigen '),
(403, 'Immunology/Serology - Rose Waaler Test '),
(404, 'Immunology/Serology - IgM '),
(405, 'Immunology/Serology - IgG '),
(406, 'Immunology/Serology - IgE '),
(407, 'Immunology/Serology - ANA '),
(408, 'Immunology/Serology - ANF '),
(409, 'Immunology/Serology - Anti DNA '),
(410, 'Immunology/Serology - Coomb''s Test(Direct/Indirect)'),
(411, 'Immunology/Serology - ICT Tuberculosis '),
(412, 'Immunology/Serology - ICT Malaria '),
(413, 'Immunology/Serology - Elisa of TB IgA/IgG/IgM'),
(414, 'Immunology/Serology - Dengue ICT '),
(415, 'Immunology/Serology - Clamydial Antibody '),
(416, 'Immunology/Serology - Anti Chlamydia IgG '),
(417, 'Immunology/Serology - Anti Measles IgG '),
(418, 'Immunology/Serology - Anti H. Pylori IgG '),
(419, 'Immunology/Serology - ASO Titre '),
(420, 'Immunology/Serology - R. A Test '),
(421, 'Immunology/Serology - TPHA '),
(422, 'Immunology/Serology - C3 '),
(423, 'Immunology/Serology - C4 '),
(424, 'Immunology/Serology - IgA '),
(425, 'Immunology/Serology - Anti Ds DNA '),
(426, 'Immunology/Serology - Alpha-Fetoprotien '),
(427, 'Immunology/Serology - ICTFilaria '),
(428, 'Immunology/Serology - ICT Kala-Azar '),
(429, 'Immunology/Serology - Antisperm Antibody '),
(430, 'Immunology/Serology - Dengue Alisa'),
(431, 'Hepatitis Profile - Anti HBs'),
(432, 'Hepatitis Profile - HBe Ag '),
(433, 'Hepatitis Profile - Anti HCV '),
(434, 'Hepatitis Profile - Anti HAV-IgM '),
(435, 'Hepatitis Profile - HBV DNA '),
(436, 'Hepatitis Profile - Anti HBe '),
(437, 'Hepatitis Profile - Anti HBc IgG '),
(438, 'Hepatitis Profile - Anti HBc IgM '),
(439, 'Hepatitis Profile - Anti HEV-IgM  '),
(440, 'Hepatitis Profile - Anti HBc '),
(441, 'Hormone Test - T3'),
(442, 'Hormone Test - FT3'),
(443, 'Hormone Test - T4'),
(444, 'Hormone Test - FT4'),
(445, 'Hormone Test - Prolactin'),
(446, 'Hormone Test - Estradiol'),
(447, 'Hormone Test - Progesterone '),
(448, 'Hormone Test - Testosterone '),
(449, 'Hormone Test - LH  '),
(450, 'Hormone Test - FSH '),
(451, 'Hormone Test - Cortisol'),
(452, 'Hormone Test - Growth Hormone '),
(453, 'Hormone Test - Anti-Thyroid Ab '),
(454, 'Hormone Test - ACTH '),
(455, 'Hormone Test - PTH '),
(456, 'Hormone Test - Anti-TPO Ab '),
(457, 'Hormone Test - DHEA So4'),
(458, 'Hormone Test - Anti-TG Ab '),
(459, 'Hormone Test - SHBG '),
(460, 'Cancer Marker - CA-15.3'),
(461, 'Cancer Marker - CA-19.9 '),
(462, 'Cancer Marker - CA-125 '),
(463, 'Cancer Marker - Ca-242'),
(464, 'Cancer Marker - PSA(Total) '),
(465, 'Cancer Marker - Free PSA '),
(466, 'Cancer Marker - Total HCG '),
(467, 'Cancer Marker - Alpha FP '),
(468, 'Cancer Marker - CEA'),
(469, 'Cancer Marker - Betta HCG '),
(470, 'Cancer Marker - Ferritin Level '),
(471, 'Cancer Marker - Zinc'),
(472, 'Drug Monitoring - Carbamazepine'),
(473, 'Drug Monitoring - Valproic Acid '),
(474, 'Drug Monitoring - Cyclosporine '),
(475, 'Drug Monitoring - Digoxin '),
(476, 'Drug Monitoring - Phenytoin '),
(477, 'Drug Monitoring - Gentamicin '),
(478, 'Blood Bank - Grouping and RH'),
(479, 'Blood Bank - Cross Matching '),
(480, 'Blood Bank - Screening '),
(481, 'Blood Bank - RH Anty body '),
(482, 'Blood Bank - Donar and Recipient Screening'),
(483, 'Blood Bank - Patarnity Test '),
(484, 'Blood Bank - Blood Component '),
(485, 'Microbiology - Blood for C/S '),
(486, 'Microbiology - R/E'),
(487, 'Microbiology - C/S '),
(488, 'Microbiology - KLB'),
(489, 'Microbiology - Gram Stain '),
(490, 'Microbiology - AFB '),
(491, 'Microbiology - GC '),
(492, 'Microbiology - Fungus'),
(493, 'Microbiology - AFB for C/S '),
(494, 'Urine - Pregnancy Test'),
(495, 'Microbiology - Wound Swab for C/S '),
(496, 'Microbiology - Umbilical Swab for C/S '),
(497, 'Microbiology - Conjunctival Swab for C/S '),
(498, 'Microbiology - Aural Swab for C/S '),
(499, 'Microbiology - Anal Swab for C/S '),
(500, 'Microbiology - Pleura Swab for C/S '),
(501, 'Urine - Bile Pigment'),
(502, 'OBT'),
(503, 'Urine - 24 HRS total protein/calcium/phosphate'),
(504, 'Urine - urinary vMA. '),
(505, 'Urine - Bene-jones protein '),
(506, 'Urine - Specific Grevity '),
(507, 'Urine - Ketone bodies '),
(508, 'Urine - Osmolality '),
(509, 'Urine - Bile salt '),
(510, 'Urine - Uroflometry '),
(511, 'Stool - Ova count'),
(512, 'Stool - Reducing substance'),
(513, 'Histo & Cytopathology - Histopathology of'),
(514, 'Histo & Cytopathology - FNAC-Freehand-External'),
(515, 'Histo & Cytopathology - FNAC ultrasono/ct Guided'),
(516, 'Histo & Cytopathology - Pap`s smear for   - Histo & Cytopathology'),
(517, 'Histo & Cytopathology - Sputum for malignant call '),
(518, 'Histo & Cytopathology - Urine for malignant call '),
(519, 'Histo & Cytopathology - Discharge/fluid for malignant call '),
(520, 'Vaccination - Polio'),
(521, 'Vaccination - BCG '),
(522, 'Vaccination - DPT '),
(523, 'Vaccination - Ham/Measles '),
(524, 'Vaccination - Rubeola '),
(525, 'Vaccination - Mumps'),
(526, 'Others - Tuberculin test/mt'),
(527, 'Others - Semen Analysis - Others'),
(528, 'Others - Hb electrophoresis '),
(529, 'Others - Protein electrophoresis '),
(530, 'Others - Hb alc '),
(531, 'Others - HlV (1 2) '),
(532, 'Others - Medical check up'),
(533, 'Others - Executive check up'),
(534, 'Others - Counseling '),
(535, 'Others - Telemedicine'),
(536, 'Drug of Abuse/Toxicity - Benzodiazepine'),
(537, 'Drug of Abuse/Toxicity - Opiates '),
(538, 'Drug of Abuse/Toxicity - Cannabinoids'),
(539, 'CT Angiogram - Coronary Artery Angiogram(CAA)'),
(540, 'CT Angiogram - Coronary Artery Bypass Grafting Evalution(Cabg) '),
(541, 'CT Angiogram - Coronary Artry Stent Evaluation(cas)'),
(542, 'CT Angiogram - Ca Scoring'),
(543, 'CT Angiogram - Carotid Angiogrm'),
(544, 'CT Angiogram - Portal Venous Angiogram '),
(545, 'CT Angiogram - Carotid Angiogram'),
(546, 'CT Angiogram - Renal Artery Angiogram'),
(547, 'CT Angiogram - Abdominal Aorta & Ilac Artey Angiogram'),
(548, 'CT Angiogram - Peripheral Angiogram'),
(549, 'CT Scan - Brain/Head/Skull'),
(550, 'CT Scan - Brain & Orbits'),
(551, 'CT Scan - Orbits'),
(552, 'CT Scan - Pituittary Gland /Sellaturcica'),
(553, 'CT Scan - PNS'),
(554, 'CT Scan - Nesopharynx '),
(555, 'CT Scan - Base of the Skull'),
(556, 'CT Scan - Mastoid Rt/Lt'),
(557, 'CT Scan - Whole Abdomen'),
(558, 'CT Scan - Upper Abdomen/HBS '),
(559, 'CT Scan - Lower Abdomen/Pelvis '),
(560, 'CT Scan - Kub Regions '),
(561, 'CT Scan - Liver/Pancreas/kidneys '),
(562, 'CT Scan - Supra-Renal Glands '),
(563, 'CT Scan - Carvical Spine'),
(564, 'CT Scan - Thoracic/Dorsal Spine '),
(565, 'CT Scan - Lumbo-Sacral Spine'),
(566, 'CT Scan - Joint '),
(567, 'CT Scan - Bones'),
(568, 'CT Scan - Myelo-Ct of Cervical Spine Dorsal Spine  - CT Scan'),
(569, 'Ultrasound - lower abdomen/uterus'),
(570, 'Ultrasound - pregnancy profile'),
(571, 'Ultrasound - Kub with prostate '),
(572, 'Ultrasound - Thyroid'),
(573, 'Ultrasound - breasts'),
(574, 'Ultrasound - scrotum/testes'),
(575, 'Ultrasound - soft tissue'),
(576, 'Ultrasound - uscd'),
(577, 'Ultrasound - tvs'),
(578, 'Ultrasound - transrectal usg'),
(579, 'Ultrasound - bio-physical profile'),
(582, 'Cardiac Imaging - echocardiogram-2D'),
(584, 'Cardiac Imaging - vascular doppler study'),
(585, 'Cardiac Imaging - E.E.G.'),
(586, 'Cardiac Imaging - E.M.G./N.C.v.'),
(587, 'Cardiac Imaging - carotid doppler'),
(588, 'Cardiac Imaging - duplex study of limb  vessels'),
(589, 'Cardiac Imaging - upper limb/lower limb'),
(590, 'Cardiac Imaging - 24 hrs.ambulatory e.c.g (holter monitoring)'),
(591, 'Cardiac Imaging - 24 hrs. ambulatory'),
(593, 'MRI - neck'),
(594, 'MRI - chest/ lungs'),
(595, 'Hrct of lungs'),
(596, 'Oesophagus'),
(597, 'MRl angiogram of brain '),
(598, 'MRI angiogram of carotid'),
(599, 'MRl angiogram of portal venous'),
(600, 'MRl angiogram of renal artery'),
(601, 'MRl angiogram of abdominal aorta '),
(602, 'MRl angiogram of peripheral'),
(603, 'MRl angiogram of whole body'),
(604, 'MRI of brain'),
(605, 'MRI - pituitary gland'),
(606, 'MRI - Nasopharynx'),
(608, 'MRI - mRa of neck vessels'),
(609, 'MRI - MRCP'),
(610, 'MRI - MRA of  abdominal aorta'),
(611, 'MRI - MRA of terminal aorta and both lower limb-arteries'),
(612, 'MRI - shoulder joint rt/ lt'),
(613, 'MRI - elbow joint rt/lt'),
(614, 'MRI - wrist joint rt/lt.'),
(615, 'MRI - fore arm rt/lt'),
(616, 'MRI - hip joint rt/lt/both/ap/lat'),
(617, 'MRI - thigh rt/lt'),
(618, 'MRI - knee joint rt/lt'),
(619, 'MRI - ankle joint rt/lt'),
(620, 'MRI - leg rt/lt'),
(621, 'MRI - foot rt/lt'),
(622, 'MRI - any singla organ/part'),
(623, 'MRI - MR angiogram of upper limb '),
(624, 'VEP - Video endoscopy(ugit)'),
(625, 'VEP - video endoscopy(uglt) with sedation'),
(626, 'VEP - video endoscopy(uglt)'),
(627, 'VEP - CLO test (directs the ureas enzyme of helicobacter pylori in stomach mucosal biopsies)'),
(628, 'VEP - sclerotherapy of oesophageal varics-es(EST)'),
(629, 'VEP - Band ligation (EVL)'),
(630, 'VEP - oesophageal stenting'),
(631, 'VEP - Oesophageal balloon dilatation '),
(632, 'VEP - Oesophageal savary gilliard dilatation'),
(633, 'VEP - Foreign body extraction'),
(634, 'V Colonoscopy - short colonoscopy'),
(635, 'V Colonoscopy - Sigmoidoscopy'),
(636, 'V Colonoscopy - Colonoscopy with polypectomy single '),
(637, 'V Colonoscopy - Colonoscopy with polypectomy multiple'),
(638, 'X-Ray - Chest P.A/ A.P./Rt  lat/lt lat/ rt oblique/lt oblique/decubitas view'),
(639, 'X-Ray - Skull P.a./a.p./lat view'),
(640, 'X-Ray - PNS om view'),
(641, 'X-Ray - Nasopharynx lat view '),
(642, 'X-Ray - Mastoid towen`s view'),
(643, 'X-Ray - Styloid process rt/lt/bil'),
(644, 'X-Ray - Mandible rt/lt'),
(645, 'X-Ray - T.m joint rt/lt'),
(646, 'X-Ray - Orbit rt/lt'),
(647, 'X-Ray - Cervical spine a.p./lat/oblique view'),
(648, 'X-Ray - Neck b.v.'),
(649, 'X-Ray - soft tissue neck lat.view'),
(650, 'X-Ray - Thoracic spine a.p./lat'),
(651, 'X-Ray - Lumber spine a.p./lat/oblique/Rt/lt/both view'),
(652, 'X-Ray - Coccyx a.p./lat'),
(653, 'X-Ray - Plain abdomen/lower abdomen for c.p.d.'),
(654, 'X-Ray - Plain abdomen in erect posture'),
(655, 'X-Ray - Plain kub'),
(656, 'X-Ray - pelvis a.p./lat vow'),
(657, 'X-Ray - shoulder joint a.p./lat/axial rt/lt'),
(658, 'X-Ray - Elbow jt.b.v.rt/lt'),
(659, 'X-Ray - wrist jt.b.v.rt/lt'),
(660, 'X-Ray - Hand b.v. rt/lt'),
(661, 'X-Ray - Finger b.v.rt/lt'),
(662, 'X-Ray - Humerus b.v.rt/lt'),
(663, 'X-Ray - Fore-arm b.v rt/lt'),
(664, 'X-Ray - Hip joint b.v.rt/lt'),
(665, 'X-Ray - Thigh b.v.rt/lt'),
(666, 'X-Ray - knee joint A.p./lat/axial/rt/lt'),
(667, 'X-Ray - Ankle joint b.v. rt/lt'),
(668, 'X-Ray - Leg b.v. rt/lt'),
(669, 'X-Ray - Foot b.v. rt/lt'),
(670, 'X-Ray - Heel lat/axial view'),
(672, 'X-Ray - Ba-Meal  of stomach and duodenum'),
(673, 'X-Ray - Ba-swallow of oesophagus'),
(674, 'X-Ray - Be-enema double contrast'),
(675, 'X-Ray - Ba- Meal follow through '),
(676, 'X-Ray - Ba-enema double contrast'),
(677, 'X-Ray - Oral cholecystography(ocg)'),
(678, 'X-Ray - Ivu with post mict.Film'),
(679, 'X-Ray - Retrograde cystourethrogram'),
(680, 'X-Ray - Sialogram'),
(681, 'X-Ray - Fistulogram'),
(682, 'X-Ray - Sinogram'),
(683, 'X-Ray - Myelogram'),
(684, 'X-Ray - Hystero-salpingogram'),
(685, 'X-Ray - Venogram(phlebogram) both/rt/lt/upper limb both rt/lt/lower limb'),
(686, 'X-Ray - Opg/dental x-Ray'),
(687, 'VB - ERCP'),
(688, 'VB - Diagnostic'),
(689, 'VB - Stenting extraction of ascaris from billiary tree '),
(690, 'VB - With papillotomy'),
(691, 'VB - Stone Extraction '),
(692, 'Mammogram - Both breast'),
(693, 'Mammogram - Right breast '),
(694, 'Mammogram - Left breast'),
(695, 'CBC'),
(696, 'Blood Film  '),
(697, 'MP  '),
(698, 'Sugar Fasting  '),
(699, '2 hrs. ABF '),
(700, 'After 75 gm. Glucose'),
(701, 'Random  '),
(702, 'Lipid Profile  '),
(703, 'Urea/BUN  '),
(704, 'S. creatinine  '),
(705, 'S. Elctrolytes'),
(706, 'S. Uric Acid  '),
(707, 'S. Total Protein  '),
(708, 'Albumin  '),
(709, 'S. Iron Profile'),
(710, 'LFT'),
(711, 'Widal Test  '),
(712, 'VDRL (Qlty/Qnty)'),
(713, 'ANA  '),
(714, 'Anti DNA  '),
(715, 'RH. Antibody Titre'),
(716, 'ICT Malaria  '),
(717, 'HBs Ag'),
(718, 'Anti HB e'),
(719, 'Anti HBs  '),
(720, 'HBe Ag  '),
(721, 'Anti HBc IgM  '),
(722, 'Anti HCV  '),
(723, 'Anti HEV-IgM  '),
(724, 'T4  '),
(725, 'TSH'),
(726, 'Urine R/E'),
(727, 'Urine C/S'),
(728, 'Tuberculin Test/MT'),
(729, 'Seman Analysis'),
(730, 'Chest P/A View'),
(731, 'KUB'),
(732, 'Plain X-Ray Abdomen/C.P.D.'),
(733, 'Skull B/V'),
(734, 'P.N.S (O.M View)'),
(735, 'Lumbo-Sacral Spine B/V'),
(736, 'E.C.G.'),
(737, 'E.T.T-Stress E.C.G.'),
(738, 'COLOUR DOPPLER ECHO'),
(739, 'CXR(P-A view)'),
(740, 'ESR'),
(741, 'TCEC'),
(742, 'S.TSH. T4'),
(743, 'BL. SUGAR(R)'),
(744, 'S.FSH'),
(745, 'S.LH'),
(746, 'S.PROLACTINE'),
(747, 'S.CREATININE'),
(748, 'BL. Grouping @ Rh Typing'),
(749, 'X-Ray Chest PA/V'),
(750, 'Bl. Sugar Fasting '),
(751, 'Bl. Sugar 2 hrs after 75gm Glucose'),
(752, '2 hrs after 75 gm glucose'),
(753, 'S. TSH'),
(754, 'BLOOD C/S'),
(755, 'Anti CCP'),
(756, 'Echo Doppler'),
(757, 'Urine RME'),
(758, 'USG W/A'),
(759, 'Febrile Antigen'),
(760, 'S.Bili'),
(762, 'CT Scan - Chest'),
(763, 'MRI - Brain'),
(764, 'MRI - Lumbosacral Region'),
(765, 'MRI -Clinical Spine'),
(766, 'Holter Monitoring'),
(767, 'X-Ray - Chest P.A view'),
(768, 'TSH, FT3, FT4'),
(769, 'TSH,FT4'),
(770, 'X-Ray - Cervical spine B/V'),
(771, 'Duplex Study of _______'),
(772, 'Uric Acid'),
(773, 'Duplex Study of Neck Vessels'),
(774, 'Carotid Duplex'),
(775, 'Duplex Study of Lower Limbs'),
(776, 'SGPT,Bilirubin,Alk.Phos.'),
(777, 'ETT'),
(778, 'TC,DC,HB%,ESR'),
(779, 'CT Scan'),
(780, 'Endoscopy'),
(781, 'Test'),
(782, 'undefined'),
(783, 'Test test'),
(784, 'trrr'),
(785, 'Serum Lipase test'),
(786, 'httttt'),
(787, ''),
(788, 'EEG'),
(789, 'X-Ray chest Rt. Lateral view'),
(790, 'X-Ray chest Lt. Lateral view'),
(791, 'X-ray chest lateral Decubitus view'),
(792, 'X-ray chest holding the  breath in inspiration '),
(793, 'Fibreoptic bronchoscopy Spirometry with'),
(794, 'Fibreoptic bronchoscopy Spirometry without'),
(795, 'reversiblity test SaO2 (Arterail Saturation) with exercise'),
(796, 'Bronchoprovocation test SaO2 (Arterail Saturation) with exercise'),
(797, 'Reversiblity test SaO2 (Arterail Saturation) without exercise'),
(798, 'Bronchoprovocation test SaO2 (Arterail Saturation) without exercise'),
(799, 'USG of chest to exclude pleual effusion'),
(800, 'CT scan of chest'),
(801, 'CT guided FNAC from Rt/Lt lung lesion'),
(802, 'FNAC from Rt/Lt lung'),
(803, 'FNAC'),
(804, '12-lead ECG with rhythm strip'),
(805, 'Stress ECG(ETT)'),
(806, '2-D Echocardiography'),
(807, 'Color doppler echocardiography (particularly measurment of pulmonary hypertension and diastolic dysfunction)'),
(808, 'Thallium perfusion scintigraphy'),
(809, 'PCV'),
(810, 'Bleeding time and clotting time'),
(811, 'Peripheral blood film'),
(812, 'Blood for MP'),
(813, 'Total circulatory eosinophil count'),
(814, 'erum amylase'),
(815, 'SGOT, SGPT'),
(816, 'CPK-MB'),
(817, 'S. acid phosphatase'),
(818, 'S. Alkaline phosphatase'),
(819, 'Ultrasonogram whole abdomin'),
(820, 'Ultrasonogram upper abdomin'),
(821, 'Ultrasonogram lower abdomin'),
(822, 'Hepatobiliary system'),
(823, 'Chest Lt/Rt/side'),
(824, 'Pregnancy test'),
(825, '24hrs total protein'),
(826, 'Creatinine Clearance rate'),
(827, 'Ketone bodies'),
(828, 'X-ray PNS B/V'),
(829, 'X-ray drosal spineAP '),
(830, 'X-ray cervical spine, AP, leteral '),
(831, 'OCG'),
(832, 'Intravenous urography'),
(833, 'Bs-swallow oesohagus'),
(834, 'Bs-meal X-ray of stomach and duodenum with double contrast with FLuroscopy screening'),
(835, 'Bs-meal X-ray of stomach and duodenum without double contrast with FLuroscopy screening'),
(836, 'Ba-enema double contrast'),
(837, 'X-ray nasopherynx B/V, leteral view to exelude adenoid'),
(838, 'X-ray lumbosacral resion (b/v)'),
(839, 'Random blood sugar'),
(840, 'Fasting blood glucose'),
(841, 'Blood glucose 2hrs after breakfast'),
(842, 'Serum electrolytes'),
(843, 'S. calcium'),
(844, 'Total '),
(845, 'C-reactive protein'),
(846, 'Serum T3, T4, THS, FT4'),
(847, 'Serum cortisol at 9.00AM'),
(848, 'Serum ACTH level'),
(849, 'S. Bilirubin'),
(850, 'Blood for C/S aerobic'),
(851, 'Blood for C/S anaerobic'),
(852, 'Urin for C/S anarobic'),
(853, 'Throat swab for C/S'),
(854, 'ASO Titre'),
(855, 'HBs Ag confermatory'),
(856, 'ANF'),
(857, 'Anti-ds DNA'),
(858, 'P-ANCA'),
(859, 'C-ANCA'),
(860, 'LE cells'),
(861, 'VDRL test'),
(862, 'ELISA for TB, lgA, lgG,lgM'),
(863, 'iCT Tuberculosis'),
(864, 'ICT for filaria'),
(865, 'IFAT for filaria'),
(866, 'CFT for filaria'),
(867, 'CFT for kala-azar'),
(868, 'Tripple antigen'),
(869, 'Mantoux test'),
(870, 'Serum IgE level'),
(871, 'Antibody for H. pylorie'),
(872, 'Video Endoscopy of upper GIT'),
(873, 'Video Bronchoscopy'),
(874, 'Sputum Esinophil count'),
(875, 'Sputum for AFB'),
(876, 'Methacheline challegs test'),
(877, 'Skin allergy test');

-- --------------------------------------------------------

--
-- Table structure for table `inv_prescription`
--

CREATE TABLE IF NOT EXISTS `inv_prescription` (
  `id` int(11) NOT NULL AUTO_INCREMENT,
  `appointMentID` int(11) NOT NULL,
  `invID` int(11) NOT NULL,
  `note` text NOT NULL,
  `checked` int(11) NOT NULL,
  PRIMARY KEY (`id`)
) ENGINE=InnoDB  DEFAULT CHARSET=latin1 AUTO_INCREMENT=113 ;

--
-- Dumping data for table `inv_prescription`
--

INSERT INTO `inv_prescription` (`id`, `appointMentID`, `invID`, `note`, `checked`) VALUES
(2, 9, 196, '', 0),
(3, 9, 131, 'why', 0),
(4, 9, 0, 'undefined', 0),
(5, 9, 0, 'aa', 0),
(6, 9, 785, 'Safe', 0),
(7, 9, 19, '', 0),
(9, 9, 0, 'Safe', 0),
(10, 9, 0, 'Safe', 0),
(11, 9, 0, 'Safe', 0),
(12, 9, 708, 'test', 0),
(14, 11, 781, '', 0),
(15, 11, 38, '', 0),
(16, 12, 713, '', 0),
(17, 12, 34, '', 0),
(18, 15, 713, '', 0),
(19, 15, 34, '', 0),
(20, 17, 781, '', 0),
(21, 17, 713, '', 0),
(22, 17, 34, '', 0),
(23, 18, 34, '', 0),
(24, 18, 713, '', 0),
(25, 18, 781, '', 0),
(26, 21, 713, '', 0),
(27, 21, 34, '', 0),
(28, 24, 713, '', 0),
(29, 24, 713, '', 0),
(30, 24, 34, '', 0),
(31, 25, 130, '', 0),
(32, 25, 130, '', 0),
(33, 25, 130, '', 0),
(34, 26, 34, '', 0),
(35, 26, 185, '', 0),
(36, 27, 34, '', 0),
(37, 27, 185, '', 0),
(38, 28, 123, '', 0),
(39, 29, 34, 'Teat', 0),
(40, 29, 185, '', 0),
(41, 30, 34, 'Teat', 0),
(42, 30, 185, '', 0),
(43, 30, 713, '', 0),
(44, 40, 34, '', 0),
(45, 40, 713, '', 0),
(46, 40, 781, '', 0),
(47, 30, 713, '', 0),
(48, 30, 713, '', 0),
(49, 33, 713, '', 0),
(50, 22, 71, '', 0),
(51, 22, 713, '', 0),
(52, 41, 713, '', 0),
(53, 20, 713, '', 0),
(54, 43, 131, '', 0),
(55, 44, 123, '', 0),
(56, 49, 130, '', 0),
(57, 50, 131, '', 0),
(58, 50, 713, '', 0),
(59, 51, 123, '', 0),
(60, 56, 131, '', 0),
(62, 59, 0, '', 0),
(63, 59, 182, '', 0),
(69, 59, 34, '', 0),
(70, 59, 185, '', 0),
(71, 62, 123, '', 0),
(72, 67, 138, '', 0),
(73, 67, 131, '', 0),
(74, 67, 713, '', 0),
(75, 69, 123, '', 0),
(76, 69, 124, '', 0),
(77, 79, 131, '', 0),
(78, 79, 193, '', 0),
(79, 79, 138, '', 0),
(80, 80, 604, '', 0),
(81, 80, 764, '', 0),
(82, 83, 796, '', 0),
(83, 83, 797, '', 0),
(84, 84, 796, '', 0),
(85, 84, 797, '', 0),
(86, 84, 811, '', 0),
(87, 84, 818, '', 0),
(88, 84, 726, '', 0),
(90, 84, 800, '', 0),
(92, 85, 796, '', 0),
(93, 85, 797, '', 0),
(94, 86, 749, '', 0),
(95, 86, 803, '', 0),
(96, 86, 809, '', 0),
(97, 86, 815, '', 0),
(98, 86, 323, '', 0),
(99, 87, 800, '', 0),
(100, 87, 726, '', 0),
(101, 87, 818, '', 0),
(102, 87, 811, '', 0),
(103, 88, 796, '', 0),
(104, 88, 797, '', 0),
(105, 88, 796, '', 0),
(106, 88, 797, '', 0),
(107, 88, 811, '', 0),
(108, 88, 818, '', 0),
(109, 89, 185, '', 0),
(110, 89, 182, '', 0),
(111, 89, 713, '', 0),
(112, 89, 277, '', 0);

-- --------------------------------------------------------

--
-- Table structure for table `inv_report`
--

CREATE TABLE IF NOT EXISTS `inv_report` (
  `id` int(11) NOT NULL AUTO_INCREMENT,
  `invPrescribeID` int(11) NOT NULL,
  `result` text NOT NULL,
  `status` tinyint(1) NOT NULL,
  PRIMARY KEY (`id`)
) ENGINE=InnoDB  DEFAULT CHARSET=latin1 AUTO_INCREMENT=18 ;

--
-- Dumping data for table `inv_report`
--

INSERT INTO `inv_report` (`id`, `invPrescribeID`, `result`, `status`) VALUES
(1, 45, 'esasd', 1),
(2, 46, 'eee', 1),
(3, 44, '123', 1),
(4, 24, 'yo yo', 0),
(6, 49, 'asd', 1),
(7, 51, 'qqq', 1),
(8, 52, 'zxcxczx', 1),
(9, 53, 'vvv', 1),
(10, 56, 'solo', 1),
(11, 60, '', 1),
(13, 54, 'rr', 1),
(14, 57, 'nn', 1),
(15, 63, '123', 1),
(16, 92, 'good', 1),
(17, 93, 'good', 1);

-- --------------------------------------------------------

--
-- Table structure for table `menu`
--

CREATE TABLE IF NOT EXISTS `menu` (
  `id` int(11) NOT NULL AUTO_INCREMENT,
  `menuID` int(11) NOT NULL,
  `menuURL` varchar(45) NOT NULL,
  PRIMARY KEY (`id`)
) ENGINE=InnoDB  DEFAULT CHARSET=latin1 AUTO_INCREMENT=22 ;

--
-- Dumping data for table `menu`
--

INSERT INTO `menu` (`id`, `menuID`, `menuURL`) VALUES
(1, 1, '#/drugs'),
(2, 2, '#/inv'),
(3, 3, '#/complain'),
(4, 4, '#/vital'),
(5, 5, '#/advice'),
(6, 6, '#/surgery'),
(7, 7, '#/genInfo'),
(8, 8, '#/diagnosis'),
(9, 9, '#/pastHistory'),
(10, 10, '#/parents'),
(11, 11, '#/oldPrescription'),
(12, 12, '#/testReports'),
(13, 13, '#/riskFactors'),
(14, 14, '#/history'),
(15, 15, '#/obsHistory'),
(16, 16, '#/settings'),
(17, 17, '#/pastHistory'),
(18, 18, '#/familyHisory'),
(19, 19, '#/invReport'),
(20, 20, '#/followUpChart'),
(21, 21, '#/drugAdvisor');

-- --------------------------------------------------------

--
-- Table structure for table `menusettings`
--

CREATE TABLE IF NOT EXISTS `menusettings` (
  `id` int(11) NOT NULL AUTO_INCREMENT,
  `doctorID` int(11) NOT NULL,
  `menuID` int(11) NOT NULL,
  `menuHeader` varchar(45) NOT NULL,
  `order` int(11) NOT NULL,
  PRIMARY KEY (`id`)
) ENGINE=InnoDB  DEFAULT CHARSET=latin1 AUTO_INCREMENT=40 ;

--
-- Dumping data for table `menusettings`
--

INSERT INTO `menusettings` (`id`, `doctorID`, `menuID`, `menuHeader`, `order`) VALUES
(4, 1, 2, 'Inv', 4),
(5, 1, 4, 'O.E', 5),
(6, 1, 14, 'M/H', 6),
(7, 1, 15, 'Obs History', 7),
(8, 1, 5, 'Advice', 8),
(9, 1, 11, 'Old Prescrption', 9),
(11, 1, 17, 'Past Disease', 11),
(12, 1, 18, 'Family History', 12),
(13, 1, 19, 'Inv Reports', 13),
(14, 1, 20, 'Follow up chart', 14),
(15, 2, 2, 'INV', 1),
(16, 2, 4, 'O.E', 2),
(17, 2, 5, 'Advice', 3),
(18, 2, 17, 'Past Disease', 4),
(19, 2, 18, 'Family Disease', 5),
(20, 2, 19, 'Inv Reports', 6),
(21, 2, 20, 'Follow-up Chart', 7),
(22, 2, 11, 'Old Prescription', 8),
(23, 0, 0, '', 0),
(24, 3, 17, 'Past History', 1),
(25, 3, 18, 'Family History', 2),
(26, 3, 19, 'Inv Reports', 3),
(27, 3, 20, 'Follow up chart', 4),
(28, 3, 11, 'Old Prescription', 5),
(29, 4, 17, 'Past History', 1),
(30, 4, 18, 'Family History', 2),
(31, 4, 19, 'Inv Reports', 3),
(32, 4, 20, 'Follow up chart', 4),
(33, 4, 11, 'Old Prescription', 5),
(34, 1, 21, 'Drug Advisor', 15),
(35, 5, 9, 'Patient History', 1),
(36, 5, 18, 'Family History', 2),
(37, 5, 19, 'Inv Reports', 3),
(38, 5, 20, 'Follow up chart', 4),
(39, 5, 11, 'Old Prescription', 5);

-- --------------------------------------------------------

--
-- Table structure for table `next_visit`
--

CREATE TABLE IF NOT EXISTS `next_visit` (
  `appointmentID` int(11) NOT NULL,
  `nextVisitType` int(11) NOT NULL,
  `date` date NOT NULL,
  `numOfDay` int(11) NOT NULL,
  `dayType` int(11) NOT NULL
) ENGINE=InnoDB DEFAULT CHARSET=latin1;

--
-- Dumping data for table `next_visit`
--

INSERT INTO `next_visit` (`appointmentID`, `nextVisitType`, `date`, `numOfDay`, `dayType`) VALUES
(15, 0, '2015-05-22', 0, 0),
(17, 0, '2015-05-20', 0, 0),
(18, 0, '2015-05-20', 0, 0),
(21, 0, '2015-05-20', 0, 0),
(24, 0, '2015-05-20', 0, 0),
(30, 0, '2015-05-20', 0, 0),
(43, 0, '2015-05-30', 0, 0),
(69, 0, '2015-06-25', 0, 0),
(75, 2, '0000-00-00', 10, 1),
(78, 1, '2015-06-30', 0, 0),
(80, 2, '0000-00-00', 15, 1),
(82, 2, '0000-00-00', 7, 1),
(81, 1, '2015-07-30', 0, 0),
(83, 2, '0000-00-00', 10, 1),
(84, 2, '0000-00-00', 15, 1),
(85, 2, '0000-00-00', 10, 1),
(86, 1, '2015-07-22', 0, 0),
(87, 2, '0000-00-00', 15, 1),
(88, 2, '0000-00-00', 7, 1),
(89, 2, '0000-00-00', 7, 1),
(94, 1, '2015-08-30', 0, 0);

-- --------------------------------------------------------

--
-- Table structure for table `patient`
--

CREATE TABLE IF NOT EXISTS `patient` (
  `patientID` int(11) NOT NULL AUTO_INCREMENT,
  `patientCode` varchar(15) NOT NULL,
  `name` varchar(45) NOT NULL,
  `age` decimal(10,0) NOT NULL,
  `sex` varchar(15) NOT NULL,
  `address` text NOT NULL,
  `phone` varchar(15) NOT NULL,
  PRIMARY KEY (`patientID`)
) ENGINE=InnoDB  DEFAULT CHARSET=latin1 AUTO_INCREMENT=15 ;

--
-- Dumping data for table `patient`
--

INSERT INTO `patient` (`patientID`, `patientCode`, `name`, `age`, `sex`, `address`, `phone`) VALUES
(1, '100000000', 'Shabnam Faira', '28', 'FEMALE', 'Kakrail', '01717228339'),
(2, '100000001', 'Shakkhar Saha', '12', 'MALE', 'Kakrail', '0155244940'),
(3, '100000003', 'Faisal Khan', '33', 'MALE', 'Mirpur', '124'),
(5, '100000004', 'Ripan Kibria', '28', 'MALE', 'Nikunja', '12'),
(9, '100000016', 'Newton Sarker', '44', 'MALE', 'Laxmibazar', '123456'),
(10, '100000040', 'Azizul Hakim', '28', 'MALE', 'Grandarea', '1234'),
(11, '100000068', 'Oviget Das', '28', 'MALE', 'Mirpur', '456123'),
(12, '100000069', 'Haresh Saha', '45', 'MALE', '', ''),
(13, '100000070', 'Alia bhat', '24', 'FEMALE', '', ''),
(14, '300000000', 'Arefin', '36', 'MALE', 'Dhanmondi', '');

-- --------------------------------------------------------

--
-- Table structure for table `patient_detail`
--

CREATE TABLE IF NOT EXISTS `patient_detail` (
  `id` int(11) NOT NULL AUTO_INCREMENT,
  `patientID` int(11) NOT NULL,
  `type` int(11) NOT NULL,
  `tri` int(11) NOT NULL,
  `triStatus` int(11) NOT NULL,
  `edb` timestamp NOT NULL DEFAULT CURRENT_TIMESTAMP ON UPDATE CURRENT_TIMESTAMP,
  PRIMARY KEY (`id`),
  UNIQUE KEY `patientID` (`patientID`)
) ENGINE=InnoDB  DEFAULT CHARSET=latin1 AUTO_INCREMENT=4 ;

--
-- Dumping data for table `patient_detail`
--

INSERT INTO `patient_detail` (`id`, `patientID`, `type`, `tri`, `triStatus`, `edb`) VALUES
(1, 5, 1, 0, 0, '2015-04-25 18:04:36'),
(2, 1, 1, 0, 0, '0000-00-00 00:00:00'),
(3, 2, 3, 0, 0, '2015-05-16 09:23:00');

-- --------------------------------------------------------

--
-- Table structure for table `patient_family_history`
--

CREATE TABLE IF NOT EXISTS `patient_family_history` (
  `id` int(11) NOT NULL AUTO_INCREMENT,
  `patientID` int(11) NOT NULL,
  `diseaseID` int(11) NOT NULL,
  `relation` int(11) NOT NULL,
  `present` varchar(45) NOT NULL,
  `type` varchar(255) NOT NULL,
  `detail` text NOT NULL,
  PRIMARY KEY (`id`)
) ENGINE=InnoDB  DEFAULT CHARSET=latin1 AUTO_INCREMENT=9 ;

--
-- Dumping data for table `patient_family_history`
--

INSERT INTO `patient_family_history` (`id`, `patientID`, `diseaseID`, `relation`, `present`, `type`, `detail`) VALUES
(7, 1, 263, 8, 'Yes', 'Other', 'test'),
(8, 1, 10, 2, 'No', 'Consanguinity', 'Raj');

-- --------------------------------------------------------

--
-- Table structure for table `patient_history`
--

CREATE TABLE IF NOT EXISTS `patient_history` (
  `id` int(11) NOT NULL AUTO_INCREMENT,
  `patientID` int(11) NOT NULL,
  `historyID` int(11) NOT NULL,
  `historyResult` varchar(255) NOT NULL,
  PRIMARY KEY (`id`)
) ENGINE=InnoDB  DEFAULT CHARSET=latin1 AUTO_INCREMENT=20 ;

--
-- Dumping data for table `patient_history`
--

INSERT INTO `patient_history` (`id`, `patientID`, `historyID`, `historyResult`) VALUES
(2, 5, 2, 'Married'),
(4, 5, 1, 'O-v'),
(5, 5, 4, '66'),
(6, 1, 11, '1'),
(7, 1, 12, '2'),
(8, 1, 5, '123'),
(9, 1, 2, ' Single'),
(10, 2, 1, 'O v'),
(11, 2, 2, ' Divorced'),
(12, 2, 11, '1'),
(13, 2, 12, '2'),
(14, 1, 18, 'B'),
(15, 2, 18, 'B'),
(16, 13, 5, 'Test'),
(17, 13, 18, 'A'),
(18, 13, 11, '2'),
(19, 13, 12, '2');

-- --------------------------------------------------------

--
-- Table structure for table `patient_past_disease`
--

CREATE TABLE IF NOT EXISTS `patient_past_disease` (
  `id` int(11) NOT NULL AUTO_INCREMENT,
  `patientID` int(11) NOT NULL,
  `diseaseID` int(11) NOT NULL,
  `startDate` date NOT NULL,
  `endDate` varchar(45) NOT NULL,
  `detail` text NOT NULL,
  PRIMARY KEY (`id`)
) ENGINE=InnoDB  DEFAULT CHARSET=latin1 AUTO_INCREMENT=8 ;

--
-- Dumping data for table `patient_past_disease`
--

INSERT INTO `patient_past_disease` (`id`, `patientID`, `diseaseID`, `startDate`, `endDate`, `detail`) VALUES
(5, 1, 65, '2015-06-17', '2015-06-27', ''),
(6, 5, 1, '2015-07-05', '2015-07-10', ''),
(7, 5, 132, '2015-08-11', '', '');

-- --------------------------------------------------------

--
-- Table structure for table `patient_type`
--

CREATE TABLE IF NOT EXISTS `patient_type` (
  `id` int(11) NOT NULL AUTO_INCREMENT,
  `doctorType` int(11) NOT NULL,
  `typeName` varchar(255) NOT NULL,
  PRIMARY KEY (`id`)
) ENGINE=InnoDB  DEFAULT CHARSET=latin1 AUTO_INCREMENT=4 ;

--
-- Dumping data for table `patient_type`
--

INSERT INTO `patient_type` (`id`, `doctorType`, `typeName`) VALUES
(1, 8, 'OBS 	'),
(2, 8, 'GYNAE'),
(3, 8, 'INFERTILITY');

-- --------------------------------------------------------

--
-- Table structure for table `prescription_advice`
--

CREATE TABLE IF NOT EXISTS `prescription_advice` (
  `id` int(11) NOT NULL AUTO_INCREMENT,
  `appointMentID` int(11) NOT NULL,
  `adviceID` int(11) NOT NULL,
  PRIMARY KEY (`id`)
) ENGINE=InnoDB  DEFAULT CHARSET=latin1 AUTO_INCREMENT=56 ;

--
-- Dumping data for table `prescription_advice`
--

INSERT INTO `prescription_advice` (`id`, `appointMentID`, `adviceID`) VALUES
(2, 11, 97),
(3, 11, 140),
(4, 12, 140),
(5, 12, 70),
(6, 12, 87),
(7, 15, 140),
(8, 15, 70),
(9, 15, 87),
(10, 17, 140),
(11, 17, 70),
(12, 17, 87),
(13, 18, 140),
(14, 18, 70),
(15, 18, 87),
(16, 21, 97),
(17, 24, 97),
(18, 0, 97),
(19, 0, 71),
(20, 0, 71),
(21, 25, 71),
(22, 26, 71),
(23, 26, 122),
(24, 27, 71),
(25, 27, 122),
(26, 28, 122),
(27, 29, 71),
(28, 29, 122),
(29, 30, 71),
(30, 30, 122),
(31, 30, 87),
(32, 44, 122),
(33, 49, 71),
(34, 50, 71),
(35, 50, 87),
(36, 50, 70),
(37, 50, 140),
(38, 51, 122),
(39, 53, 71),
(40, 53, 87),
(41, 62, 122),
(42, 64, 70),
(43, 64, 71),
(44, 64, 140),
(46, 67, 87),
(47, 67, 70),
(48, 69, 122),
(49, 80, 150),
(50, 80, 147),
(51, 84, 75),
(52, 86, 75),
(53, 87, 75),
(54, 88, 75),
(55, 89, 113);

-- --------------------------------------------------------

--
-- Table structure for table `prescription_family_disease`
--

CREATE TABLE IF NOT EXISTS `prescription_family_disease` (
  `id` int(11) NOT NULL AUTO_INCREMENT,
  `appointMentID` int(11) NOT NULL,
  `familyDiseaseID` int(11) NOT NULL,
  PRIMARY KEY (`id`)
) ENGINE=InnoDB  DEFAULT CHARSET=latin1 AUTO_INCREMENT=16 ;

--
-- Dumping data for table `prescription_family_disease`
--

INSERT INTO `prescription_family_disease` (`id`, `appointMentID`, `familyDiseaseID`) VALUES
(10, 50, 4),
(13, 56, 8),
(14, 56, 7),
(15, 69, 8);

-- --------------------------------------------------------

--
-- Table structure for table `prescription_past_disease`
--

CREATE TABLE IF NOT EXISTS `prescription_past_disease` (
  `id` int(11) NOT NULL AUTO_INCREMENT,
  `appointMentID` int(11) NOT NULL,
  `pastDiseaseID` int(11) NOT NULL,
  PRIMARY KEY (`id`)
) ENGINE=InnoDB  DEFAULT CHARSET=latin1 AUTO_INCREMENT=11 ;

--
-- Dumping data for table `prescription_past_disease`
--

INSERT INTO `prescription_past_disease` (`id`, `appointMentID`, `pastDiseaseID`) VALUES
(7, 56, 1),
(8, 56, 5),
(9, 69, 5),
(10, 88, 6);

-- --------------------------------------------------------

--
-- Table structure for table `prescription_reference`
--

CREATE TABLE IF NOT EXISTS `prescription_reference` (
  `id` int(11) NOT NULL AUTO_INCREMENT,
  `appointMentID` int(11) NOT NULL,
  `refferedDoctorID` int(11) NOT NULL,
  PRIMARY KEY (`id`)
) ENGINE=InnoDB  DEFAULT CHARSET=latin1 AUTO_INCREMENT=12 ;

--
-- Dumping data for table `prescription_reference`
--

INSERT INTO `prescription_reference` (`id`, `appointMentID`, `refferedDoctorID`) VALUES
(1, 15, 2),
(2, 17, 1),
(3, 18, 1),
(4, 21, 1),
(5, 30, 1),
(6, 43, 3),
(7, 69, 1),
(8, 83, 1),
(9, 84, 4),
(10, 87, 5),
(11, 89, 5);

-- --------------------------------------------------------

--
-- Table structure for table `reffered_doctor`
--

CREATE TABLE IF NOT EXISTS `reffered_doctor` (
  `id` int(11) NOT NULL AUTO_INCREMENT,
  `doctorName` varchar(255) NOT NULL,
  `doctorAdress` text NOT NULL,
  PRIMARY KEY (`id`)
) ENGINE=InnoDB  DEFAULT CHARSET=latin1 AUTO_INCREMENT=6 ;

--
-- Dumping data for table `reffered_doctor`
--

INSERT INTO `reffered_doctor` (`id`, `doctorName`, `doctorAdress`) VALUES
(1, 'Shafath Ahmed', 'Uttara'),
(2, 'Golam Kibria', 'Nikunja'),
(3, 'saasdasd', 'aa'),
(4, 'Dr Badrul Haque, Neurologist', 'Anwar Khan Modern Hosp. Ltd, Dhanmondi'),
(5, 'Prof Shakur Khan, Pulmonologist.', 'Anwar Khan Modern Hosp Ltd. Dhanmondi.');

-- --------------------------------------------------------

--
-- Table structure for table `relation`
--

CREATE TABLE IF NOT EXISTS `relation` (
  `id` int(11) NOT NULL AUTO_INCREMENT,
  `name` varchar(255) NOT NULL,
  PRIMARY KEY (`id`)
) ENGINE=InnoDB  DEFAULT CHARSET=latin1 AUTO_INCREMENT=11 ;

--
-- Dumping data for table `relation`
--

INSERT INTO `relation` (`id`, `name`) VALUES
(1, 'Father'),
(2, 'Mother'),
(3, 'Brother'),
(4, 'Sister'),
(5, 'Grand Father (F)'),
(6, 'Grand Mother (F)'),
(7, 'Grand Father (M)'),
(8, 'Grand Mother (M)'),
(9, 'Children'),
(10, 'Other');

-- --------------------------------------------------------

--
-- Table structure for table `settings_advice`
--

CREATE TABLE IF NOT EXISTS `settings_advice` (
  `id` int(11) NOT NULL AUTO_INCREMENT,
  `doctorID` int(11) NOT NULL,
  `diseaseID` int(11) NOT NULL,
  `adviceID` int(11) NOT NULL,
  PRIMARY KEY (`id`)
) ENGINE=InnoDB  DEFAULT CHARSET=latin1 AUTO_INCREMENT=12 ;

--
-- Dumping data for table `settings_advice`
--

INSERT INTO `settings_advice` (`id`, `doctorID`, `diseaseID`, `adviceID`) VALUES
(1, 1, 175, 97),
(2, 1, 268, 71),
(4, 1, 5, 122),
(5, 1, 250, 122),
(6, 1, 1, 71),
(9, 1, 52, 71),
(10, 1, 59, 142),
(11, 3, 326, 75);

-- --------------------------------------------------------

--
-- Table structure for table `settings_drug`
--

CREATE TABLE IF NOT EXISTS `settings_drug` (
  `id` int(11) NOT NULL AUTO_INCREMENT,
  `doctorID` int(11) NOT NULL,
  `diseaseID` int(11) NOT NULL,
  `drugTypeID` int(11) NOT NULL,
  `drugID` int(11) NOT NULL,
  `drugTimeID` int(11) NOT NULL,
  `drugDose` varchar(255) NOT NULL,
  `drugDoseUnit` varchar(255) NOT NULL,
  `drugNoOfDay` int(11) NOT NULL,
  `drugDayTypeID` int(11) NOT NULL,
  `drugWhenID` int(11) NOT NULL,
  `drugAdviceID` int(11) NOT NULL,
  PRIMARY KEY (`id`)
) ENGINE=InnoDB  DEFAULT CHARSET=latin1 AUTO_INCREMENT=12 ;

--
-- Dumping data for table `settings_drug`
--

INSERT INTO `settings_drug` (`id`, `doctorID`, `diseaseID`, `drugTypeID`, `drugID`, `drugTimeID`, `drugDose`, `drugDoseUnit`, `drugNoOfDay`, `drugDayTypeID`, `drugWhenID`, `drugAdviceID`) VALUES
(2, 1, 174, 1, 15, 3, '1 - 1 - 1', '', 7, 1, 0, 0),
(3, 1, 268, 8, 312, 3, '1 - 1 - 1', '', 7, 1, 1, 0),
(6, 1, 5, 4, 360, 2, '1 - 1', 'vial', 10, 1, 1, 6),
(8, 1, 250, 1, 41, 3, '1 - 1 - 1', '', 7, 1, 1, 1),
(9, 1, 1, 1, 15, 3, '1 - 1 - 1', '', 7, 1, 1, 0),
(10, 1, 5, 1, 767, 3, '1 - 1 - 1', '', 7, 1, 1, 0),
(11, 3, 326, 1, 15, 2, '1 - 1', '', 0, 5, 5, 0);

-- --------------------------------------------------------

--
-- Table structure for table `settings_inv`
--

CREATE TABLE IF NOT EXISTS `settings_inv` (
  `id` int(11) NOT NULL AUTO_INCREMENT,
  `doctorID` int(11) NOT NULL,
  `diseaseID` int(11) NOT NULL,
  `invID` int(11) NOT NULL,
  `note` text NOT NULL,
  `checked` int(11) NOT NULL,
  PRIMARY KEY (`id`)
) ENGINE=InnoDB  DEFAULT CHARSET=latin1 AUTO_INCREMENT=23 ;

--
-- Dumping data for table `settings_inv`
--

INSERT INTO `settings_inv` (`id`, `doctorID`, `diseaseID`, `invID`, `note`, `checked`) VALUES
(1, 1, 175, 713, '', 0),
(2, 1, 175, 34, '', 0),
(3, 1, 175, 782, 'undefined', 0),
(4, 1, 175, 110, 'undefined', 0),
(5, 1, 162, 138, '', 0),
(6, 1, 255, 188, '', 0),
(7, 1, 255, 138, 'test', 0),
(8, 1, 268, 130, '', 0),
(12, 1, 5, 123, '', 0),
(13, 1, 250, 131, '', 0),
(14, 1, 70, 787, '', 0),
(17, 1, 5, 124, '', 0),
(18, 3, 326, 749, '', 0),
(19, 3, 326, 803, '', 0),
(20, 3, 326, 809, '', 0),
(21, 3, 326, 815, '', 0),
(22, 3, 326, 323, '', 0);

-- --------------------------------------------------------

--
-- Table structure for table `surgery`
--

CREATE TABLE IF NOT EXISTS `surgery` (
  `id` int(11) NOT NULL AUTO_INCREMENT,
  `name` varchar(255) NOT NULL,
  PRIMARY KEY (`id`)
) ENGINE=InnoDB  DEFAULT CHARSET=latin1 AUTO_INCREMENT=24 ;

--
-- Dumping data for table `surgery`
--

INSERT INTO `surgery` (`id`, `name`) VALUES
(1, 'Laparatomy'),
(2, 'D & C'),
(4, 'Menstrual Regulation'),
(5, 'Caesarean Section '),
(6, 'Hysterectomy Abdominal'),
(7, 'Hysterectomy Vaginal'),
(8, 'Hysterectomy Laparoscopic'),
(9, 'Laparoscopic___________'),
(10, 'Salpingo oophorectomy-Open'),
(11, 'Salpingo oophorectomy-Laparoscopic'),
(12, 'Caesarean'),
(15, 'Tonsillectomy'),
(16, 'Septoplasty'),
(17, 'SRM'),
(18, 'SMD'),
(19, 'Corticalmastoidectomy'),
(20, 'Modified Radical Mastoidectomy'),
(21, 'Radical Mastoidectomy'),
(22, 'Myringotomy'),
(23, 'Myringoplasty');

-- --------------------------------------------------------

--
-- Table structure for table `symptom`
--

CREATE TABLE IF NOT EXISTS `symptom` (
  `symptomID` int(11) NOT NULL AUTO_INCREMENT,
  `name` varchar(255) NOT NULL,
  PRIMARY KEY (`symptomID`)
) ENGINE=InnoDB  DEFAULT CHARSET=latin1 AUTO_INCREMENT=221 ;

--
-- Dumping data for table `symptom`
--

INSERT INTO `symptom` (`symptomID`, `name`) VALUES
(16, 'Palpitation'),
(17, 'Oedma'),
(18, 'Syncope'),
(19, 'Gliddiness'),
(20, 'Weakness'),
(21, 'Cough'),
(22, 'Chest Pain'),
(23, 'Dyspnoea'),
(24, 'Haemoptysis'),
(25, 'Horseness of Voice'),
(26, 'Abdominal Pain'),
(27, 'Stomatitis'),
(28, 'Belching'),
(29, 'Hiccups'),
(30, 'Anorexia'),
(31, 'Nausea'),
(32, 'Vomiting'),
(33, 'Haemetemesis'),
(34, 'Melaena'),
(35, 'Flatulance'),
(36, 'Jaundice'),
(37, 'Constipation'),
(38, 'Diarrhoea'),
(39, 'Dysphagia'),
(40, 'Abdominal Distension'),
(41, 'Burning Sensation in epigastric region'),
(42, 'Burning Sensation in epigastric region'),
(43, 'Indigestion'),
(44, 'Pain during defecation'),
(45, 'Bleeding during defecation'),
(46, 'Convulsions'),
(47, 'Vertigo'),
(48, 'Headache'),
(49, 'Blurred Vision'),
(50, 'Tinnitus'),
(51, 'Pain in Limbs'),
(52, 'Numbness'),
(53, 'Loss of movement or Constrained Movement'),
(54, 'Pain in Other Major Joints'),
(55, 'Pain in the Knee'),
(56, 'Pain in the Smaller Joints'),
(57, 'Pain in the Neck;Upper Back Pain'),
(58, 'Lower Back Pain'),
(59, 'Fractures'),
(60, 'Dislocations'),
(61, 'Burning Micturation'),
(62, 'Pain during Micturation'),
(63, 'Scanty Micturation'),
(64, 'Excessive Micturation'),
(65, 'Bleeding during Micturation'),
(66, 'Leucorrhoea'),
(67, 'Dysmenorrohea'),
(68, 'Dry Skin'),
(69, 'Dry Skin'),
(70, 'Itching'),
(71, 'Lesions'),
(72, 'Scaling'),
(73, 'Hypersensitivity'),
(74, 'Allergy'),
(75, 'Fever'),
(76, 'Excessive Sweating'),
(77, 'Fainting'),
(78, 'Common Cold'),
(80, 'Back pain'),
(81, 'Loose Motion'),
(82, 'Epigastric pain'),
(83, 'Arm pain'),
(84, 'Neck pain'),
(85, 'Arm pain'),
(86, 'Shortness of breath'),
(87, 'Intermittent claudication'),
(88, 'Orthopnea'),
(89, 'Paroxysmal nocturnal dyspnea'),
(90, 'Wheezing'),
(91, 'Hemoptysis '),
(92, 'Fatigue'),
(93, 'Dizziness '),
(94, 'Angina'),
(95, 'Silent angina '),
(96, 'Irregular heart rhythms'),
(97, 'Arrhythmia'),
(98, 'Heart failure'),
(99, 'High blood pressure'),
(100, 'Heart attack'),
(101, 'Myocardial infarction'),
(102, 'Congestive heart failure'),
(103, 'Cardiomyopathy '),
(104, 'Hypertrophic cardiomyopathy'),
(105, 'Dilated cardiomyopathy'),
(106, 'Restrictive cardiomyopathy'),
(107, 'Hypertension'),
(108, 'Pericarditis'),
(109, 'Aortic dissection'),
(110, 'Pulmonary embolims'),
(111, 'Pulmonary hypertension'),
(112, 'Atrial fibrillation'),
(113, 'Atrial flutter'),
(114, 'Sick sinus syndrome'),
(115, 'Bradycardia'),
(116, 'Tachycardia'),
(117, 'Supraventricular tachycardia'),
(118, 'Ventricular tachycardia'),
(119, 'Wolff-parkinson-white syndrome'),
(120, 'Artherosclerosis'),
(121, 'Marfan syndrome'),
(122, 'Turner''s syndrome'),
(123, 'Down syndrome '),
(124, 'Infectious endocarditis'),
(125, 'Hypercholesterolemia'),
(126, 'Osteogenesis imperfecta'),
(127, 'Aortic dilation (see Heart symptoms)'),
(128, 'Mitral valve prolapse'),
(129, 'Retinal artery occlusion'),
(130, 'Embolus'),
(131, 'Clot'),
(132, 'Atrial myxoma'),
(133, 'Myotonic dystrophy'),
(134, 'Atrioventricular block'),
(135, 'Cardiovascular disease'),
(136, 'Peripheral vascular disease'),
(137, 'Stroke'),
(138, 'Aneurysm'),
(139, 'Ventricular enlargement'),
(140, 'Stenosis'),
(141, 'Coronary artery calcification '),
(142, 'Pericardial effusion '),
(143, 'Obesity'),
(144, 'Lenegre''s disease'),
(145, 'Infiltrative heart disease '),
(146, 'Aortic root disease'),
(147, 'Myocarditis'),
(148, 'Lev''s disease'),
(149, 'Tumour'),
(150, 'Chagas'' disease'),
(151, 'Myxedema'),
(152, 'Amyloidosis'),
(153, 'Ischemic heart disease'),
(154, 'Mitral valve incompetence '),
(155, 'Mitral valve stenosis'),
(156, 'Aortic valve incompetence'),
(157, 'Aortic valve stenosis'),
(158, 'Tricuspid valve incompetence'),
(159, 'Tricuspid valve stenosis '),
(160, 'Pulmonary valve incompetence'),
(161, 'Pulmonary valve stenosis'),
(162, 'Heart birth defects '),
(163, 'Patent formamen ovale '),
(164, 'Patent ductus arteriosis '),
(165, 'Aortic aneurysm'),
(166, 'Trauma'),
(167, 'Pericardial cysts'),
(168, 'Constrictive pericarditis'),
(169, 'Infective pericarditis'),
(170, 'Non-infective pericarditis '),
(171, 'Hypersensitivity pericarditis'),
(172, 'Saccular aneurysm'),
(173, 'Berry aneurysm'),
(174, 'False aneurysm'),
(175, 'Syphilis'),
(176, 'Giant cell arteritis'),
(177, 'Takayasu''s arteritis'),
(178, 'Obstetric'),
(179, 'Low back ach'),
(180, 'watery discharge P/V'),
(181, 'Blood stained P/V discharge'),
(182, 'Itching P/V'),
(183, 'Foul smelling P/V discharge'),
(184, 'Nausia'),
(185, 'Vlarring of vision'),
(186, 'Dyspnea'),
(187, 'Iirregular P/V bleeding'),
(188, 'Pain lower abdomen'),
(189, 'Flatulent dyspepsia'),
(190, 'Dysuria'),
(191, 'Stress incontinence'),
(192, 'Gynaecology'),
(193, 'Wlood stained P/V discharge'),
(194, 'Wenorrhagia'),
(195, 'Polymenorrhea'),
(196, 'Polymenorrhagia'),
(197, 'Dysmenorrhea'),
(198, 'Dysperunia'),
(199, 'Urge incontinence'),
(200, 'Post coital bleeding'),
(201, 'Seeking pregnancy'),
(202, 'Loss of libido'),
(203, 'Wt gain'),
(204, 'Burning pain P/V'),
(205, 'Painful defication'),
(206, 'Blarring of vission '),
(207, 'Shivering'),
(208, 'undefined'),
(209, 'Paresthesia'),
(210, 'Rolling Head'),
(211, 'Pain joints'),
(212, 'Acidity'),
(213, 'Muscle Cramps'),
(214, 'Irregular P/V Bleeding'),
(215, 'Menorrhagia'),
(216, 'Dryness P/V'),
(217, 'C/S on 17.5.13'),
(218, 'Post C/S F/U'),
(219, ' Lower Abdominal Pain'),
(220, 'prenanancy ');

-- --------------------------------------------------------

--
-- Table structure for table `vital`
--

CREATE TABLE IF NOT EXISTS `vital` (
  `vitalId` int(11) NOT NULL AUTO_INCREMENT,
  `vitalName` varchar(255) NOT NULL,
  `shortName` varchar(255) NOT NULL,
  `vitalUnit` varchar(45) NOT NULL,
  PRIMARY KEY (`vitalId`)
) ENGINE=InnoDB  DEFAULT CHARSET=latin1 AUTO_INCREMENT=126 ;

--
-- Dumping data for table `vital`
--

INSERT INTO `vital` (`vitalId`, `vitalName`, `shortName`, `vitalUnit`) VALUES
(1, 'Pulse', '', ''),
(2, 'Blood Pressure', '', ''),
(3, 'Respiratory rate', '', ''),
(4, 'Temperature', '', ''),
(5, 'Nutritional status ', '', ''),
(6, 'Higher psychic funct', '', ''),
(7, 'Speech', '', ''),
(8, 'Cranial nerves ', '', ''),
(9, 'Pupil rt', '', ''),
(10, 'Fundus', '', ''),
(11, 'Nystagmus ', '', ''),
(12, 'Motor function', '', ''),
(13, 'Fasciculation', '', ''),
(14, 'Involuntary movement', '', ''),
(15, 'Hemiparesis rt', '', ''),
(16, 'Monoparesis rt', '', ''),
(17, 'Monoparesis lt', '', ''),
(18, 'Paraplegia', '', ''),
(19, 'Weakness of ', '', ''),
(20, 'R biceps rt', '', ''),
(21, 'R biceps lt', '', ''),
(22, 'R triceps rt', '', ''),
(23, 'R triceps lt', '', ''),
(24, 'R supinator rt', '', ''),
(25, 'R supinator lt', '', ''),
(26, 'R knee rt', '', ''),
(27, 'R knee lt', '', ''),
(28, 'R ankle rt', '', ''),
(29, 'R ankle lt', '', ''),
(30, 'R plantar rt', '', ''),
(31, 'R plantar lt', '', ''),
(32, 'Gait ', '', ''),
(33, 'Heel Waking', '', ''),
(34, 'Toe Waking', '', ''),
(35, 'Cerebellar function', '', ''),
(36, 'Ataxia present in ', '', ''),
(37, 'Sensory function', '', ''),
(38, 'Spinal segment', '', ''),
(39, 'Neck rigidity', '', ''),
(40, 'Kernig s sign ', '', ''),
(41, 'Spinal deformity', '', ''),
(42, 'Spinal tenderness', '', ''),
(43, 'Pupil lt', '', ''),
(44, 'Hemiparesis lt', '', ''),
(45, 'Blood Group', '', ''),
(46, 'Position', '', ''),
(47, 'Body Build', '', ''),
(48, 'Dispnoea', '', ''),
(49, 'Anaemia', '', ''),
(50, 'Cyanosin', '', ''),
(51, 'Jaundice', '', ''),
(52, 'Clubbing', '', ''),
(53, 'Koilonychid', '', ''),
(54, 'Oedema', '', ''),
(55, 'Dehydration', '', ''),
(56, 'JVP', '', ''),
(57, 'Lymph Adinopatly', '', ''),
(58, 'skin Color', '', ''),
(59, 'Thyroid Gland', '', ''),
(60, 'Shape of Chest', '', ''),
(61, 'Deformity', '', ''),
(62, 'Movement', '', ''),
(63, 'Position of Trachae', '', ''),
(64, 'Expension', '', ''),
(65, 'Psycurion', '', ''),
(66, 'Breath Saund', '', ''),
(67, 'Addid Sound', '', ''),
(68, 'Vocal Resonanc', '', ''),
(69, 'Heart Sound S1', '', ''),
(70, 'Heart Sound S2', '', ''),
(71, 'Heart Sound S3/S4', '', ''),
(72, 'Heart Sound Murmur', '', ''),
(73, 'HS Pericurial Rub', '', ''),
(74, 'liver', '', ''),
(75, 'Ascirtes', '', ''),
(76, 'Kidneys', '', ''),
(77, 'Nervous System', '', ''),
(78, 'Locomotor System', '', ''),
(79, 'Others', '', ''),
(80, 'Animea', '', ''),
(81, 'Weight', '', ''),
(82, 'Height', '', ''),
(83, 'Heart', '', ''),
(84, 'Lungs', '', ''),
(85, 'Thyroid', '', ''),
(86, 'Breast', '', ''),
(87, 'Skin', '', ''),
(88, 'Abdomen ', '', ''),
(89, 'Umbilicus', '', ''),
(90, 'Lump size', 'Size', ''),
(91, 'Lump Shape', 'Shape', ''),
(92, 'Lump mobility', '', ''),
(93, 'Lump tender', 'Tender', ''),
(94, 'Ascitis', '', ''),
(95, 'Vulva', '', ''),
(96, 'P/S', '', ''),
(97, 'Cervix', '', ''),
(98, 'Uterus', '', ''),
(99, 'Uterus Size', 'Size', ''),
(100, 'Uterus Position', 'Position', ''),
(101, 'Uterus Mobility', 'Mobility', ''),
(102, 'Fornix', '', ''),
(103, 'S1', '', ''),
(104, 'S2', '', ''),
(105, 'Murmer', '', ''),
(106, 'BMI', 'BMI', 'undefined'),
(107, 'BP', 'BP', 'undefined'),
(108, 'Planter', 'Planter', 'undefined'),
(109, 'Muscle power', 'Muscle power', 'undefined'),
(110, 'S.L.R', 'S.L.R', 'undefined'),
(111, 'Tremor', 'Tremor', 'undefined'),
(112, 'Knee joint', 'Knee joint', 'undefined'),
(113, 'Neckvein', 'Neckvein', 'undefined'),
(114, 'Nose', 'Nose', 'undefined'),
(115, 'Trachea', 'Trachea', 'undefined'),
(116, 'Breath sound', 'Breath sound', 'undefined'),
(117, 'NAD', 'NAD', 'undefined'),
(118, 'CVS', 'CVS', 'undefined'),
(119, 'Liver', 'Liver', 'undefined'),
(120, 'Spleen', 'Spleen', 'undefined'),
(121, 'Cervical LN Rt', 'Cervical LN Rt', 'undefined'),
(122, 'Cervical LN Lt', 'Cervical LN Lt', 'undefined'),
(123, 'Supraclavicular LN Rt', 'Supraclavicular LN Rt', 'undefined'),
(124, 'Supraclavicular LN Lt', 'Supraclavicular LN Lt', 'undefined'),
(125, 'Tonsils', 'Tonsils', 'undefined');

-- --------------------------------------------------------

--
-- Table structure for table `vital_option`
--

CREATE TABLE IF NOT EXISTS `vital_option` (
  `id` int(11) NOT NULL AUTO_INCREMENT,
  `vitalId` int(11) NOT NULL,
  `name` varchar(40) NOT NULL,
  PRIMARY KEY (`id`)
) ENGINE=InnoDB  DEFAULT CHARSET=latin1 AUTO_INCREMENT=97 ;

--
-- Dumping data for table `vital_option`
--

INSERT INTO `vital_option` (`id`, `vitalId`, `name`) VALUES
(1, 6, 'Conscious'),
(2, 6, 'Oriented '),
(3, 6, 'Drowsy '),
(4, 6, 'Disoriented '),
(5, 6, 'Restless'),
(6, 6, 'Unconscious'),
(7, 7, 'Normal'),
(8, 7, 'Dysarthric '),
(9, 7, 'Slurred'),
(10, 7, 'Scanning'),
(11, 8, '3rd Nerve palsy'),
(12, 8, '4th Nerve palsy'),
(13, 8, '5th Nerve palsy'),
(14, 8, '6th Nerve palsy'),
(15, 8, '7th Nerve palsy'),
(16, 8, '8th Nerve palsy'),
(17, 8, '9th Nerve palsy'),
(18, 8, '10 Nerve palsy'),
(19, 8, '11th Nerve palsy'),
(20, 8, '12th Nerve palsy'),
(21, 10, 'Normal'),
(22, 10, 'Papilledema'),
(23, 10, 'Optic atrophy'),
(24, 10, 'Optic neuritis'),
(25, 11, 'Present -rt'),
(26, 11, 'Present lt'),
(27, 11, 'Absent rt'),
(28, 11, 'Absent lt'),
(29, 32, 'Normal'),
(30, 32, 'Wide Based'),
(31, 32, 'Spastic'),
(32, 32, 'Festinating'),
(33, 32, 'Haemeplegic'),
(34, 32, 'Perkinsonian'),
(35, 111, 'Present'),
(36, 111, 'Not Present'),
(37, 1, 'Not recordable'),
(38, 49, 'Absent'),
(39, 49, 'Present'),
(40, 51, 'Present'),
(41, 51, 'Absent'),
(42, 54, 'Absent'),
(43, 54, 'Present'),
(44, 50, 'Absent'),
(45, 50, 'Present'),
(46, 52, 'Absent'),
(47, 52, 'Present'),
(48, 113, 'Engorged'),
(49, 113, 'Not engorged'),
(50, 114, 'DNS Rt present'),
(51, 114, 'DNS Lt present'),
(52, 114, 'DNS Rt absent'),
(53, 114, 'DNS Lt absent'),
(54, 114, 'Hypertrophy of inf. turbinate Rt'),
(55, 114, 'Hypertrophy of inf. turbinate Lt'),
(56, 114, 'Hypertrophy of inf. turbinate Bilateral'),
(57, 114, 'Nasal Polyp Rt Present'),
(58, 114, 'Nasal Polyp Lt Present'),
(59, 114, 'Nasal Polyp Rt absent'),
(60, 114, 'Nasal Polyp Lt absent'),
(61, 114, 'Nasal Polyp Bilateral Present'),
(62, 114, 'Nasal Polyp Bilateral absent'),
(63, 115, 'Central'),
(64, 84, 'Ronchi extensively'),
(65, 84, 'Ronchi low'),
(66, 84, 'Pitched Rt side'),
(67, 84, 'Pitched Lt side'),
(68, 84, 'Pitched Bilateral'),
(69, 84, 'Crepitation Rt'),
(70, 84, 'Crepitation Lt'),
(71, 84, 'Crepitation Bilateral'),
(72, 116, 'Vesicular'),
(73, 116, 'Bronchial'),
(74, 116, 'Vesicular with prolong phase of expirati'),
(75, 116, 'Diminished'),
(76, 116, 'Absent Lt'),
(77, 116, 'Absent Rt'),
(78, 116, 'Absent Bilateral'),
(79, 118, 'Murmur absent'),
(80, 118, 'Murmur present'),
(81, 118, 'Systolic'),
(82, 118, 'Diastolic'),
(83, 119, 'Palpable'),
(84, 119, 'Not palpable'),
(85, 119, 'Tender'),
(86, 119, 'Non tender'),
(87, 120, 'Palpable'),
(88, 120, 'Not palpable'),
(89, 121, 'Palpable'),
(90, 121, 'Not palpable'),
(91, 122, 'Palpable'),
(92, 122, 'Not palpable'),
(93, 123, 'Palpable'),
(94, 123, 'Not palpable'),
(95, 124, 'Palpable'),
(96, 124, 'Not palpable');

-- --------------------------------------------------------

--
-- Table structure for table `vital_prescription`
--

CREATE TABLE IF NOT EXISTS `vital_prescription` (
  `id` int(11) NOT NULL AUTO_INCREMENT,
  `appointMentID` int(11) NOT NULL,
  `vitalID` int(11) NOT NULL,
  `vitalResult` varchar(255) NOT NULL,
  PRIMARY KEY (`id`)
) ENGINE=InnoDB  DEFAULT CHARSET=latin1 AUTO_INCREMENT=71 ;

--
-- Dumping data for table `vital_prescription`
--

INSERT INTO `vital_prescription` (`id`, `appointMentID`, `vitalID`, `vitalResult`) VALUES
(1, 5, 1, 'High'),
(2, 5, 5, 'Obese'),
(4, 8, 5, 'Obese'),
(5, 8, 7, 'dysarthric '),
(6, 12, 1, 'Normal'),
(7, 12, 7, 'slurred'),
(8, 15, 1, 'Normal'),
(9, 15, 7, 'slurred'),
(10, 17, 1, 'Normal'),
(11, 17, 7, 'Slurred'),
(12, 18, 7, 'Slurred'),
(13, 18, 1, 'Normal'),
(14, 19, 7, 'Slurred'),
(15, 19, 1, 'Normal'),
(16, 21, 1, 'Normal'),
(17, 21, 7, 'normal'),
(18, 23, 1, 'High'),
(19, 23, 5, 'Obese'),
(20, 29, 1, 'Normal'),
(21, 29, 7, 'slurred'),
(22, 30, 1, 'Normal'),
(23, 30, 7, 'slurred'),
(24, 44, 7, 'normal'),
(25, 44, 1, 'Normal'),
(26, 44, 7, 'slurred'),
(27, 50, 1, ' High'),
(28, 50, 7, 'normal'),
(29, 64, 1, 'Normal, High,Low,Normal, High,Low,Normal, High,Low'),
(31, 67, 7, 'dysarthric '),
(32, 67, 1, 'Normal, High'),
(33, 80, 107, '120/60'),
(34, 83, 1, '72'),
(35, 84, 1, '72'),
(36, 84, 107, '120/80'),
(37, 84, 49, 'Absent'),
(38, 84, 51, 'Present'),
(39, 84, 54, 'Absent'),
(40, 84, 50, 'Absent'),
(41, 84, 113, 'Engorged'),
(42, 84, 84, 'Ronchi extensively'),
(43, 84, 118, 'Murmur absent'),
(44, 84, 119, 'Tender'),
(45, 84, 120, 'Palpable'),
(46, 84, 124, 'Not palpable'),
(47, 85, 1, '72'),
(48, 86, 107, '120/80'),
(49, 86, 1, '72'),
(50, 86, 49, 'Present'),
(51, 86, 51, 'Present'),
(52, 86, 119, 'Palpable'),
(53, 86, 120, 'Not palpable'),
(54, 86, 84, 'Ronchi extensively'),
(55, 87, 107, '120/80'),
(56, 87, 49, 'Absent'),
(57, 87, 54, 'Absent'),
(58, 88, 1, '72'),
(59, 88, 107, '120/80'),
(60, 88, 49, 'Absent'),
(61, 88, 51, 'Present'),
(62, 88, 118, 'Murmur absent'),
(63, 88, 52, 'Absent'),
(64, 88, 114, 'DNS Rt absent'),
(65, 88, 84, 'Ronchi low'),
(66, 88, 119, 'Palpable'),
(67, 89, 107, '120/80'),
(68, 89, 1, '72'),
(69, 89, 119, 'Palpable'),
(70, 89, 84, 'Ronchi extensively');

/*!40101 SET CHARACTER_SET_CLIENT=@OLD_CHARACTER_SET_CLIENT */;
/*!40101 SET CHARACTER_SET_RESULTS=@OLD_CHARACTER_SET_RESULTS */;
/*!40101 SET COLLATION_CONNECTION=@OLD_COLLATION_CONNECTION */;
