-- phpMyAdmin SQL Dump
-- version 3.4.5
-- http://www.phpmyadmin.net
--
-- Host: localhost
-- Generation Time: Jun 02, 2015 at 06:35 PM
-- Server version: 5.5.16
-- PHP Version: 5.3.8

SET SQL_MODE="NO_AUTO_VALUE_ON_ZERO";
SET time_zone = "+00:00";


/*!40101 SET @OLD_CHARACTER_SET_CLIENT=@@CHARACTER_SET_CLIENT */;
/*!40101 SET @OLD_CHARACTER_SET_RESULTS=@@CHARACTER_SET_RESULTS */;
/*!40101 SET @OLD_COLLATION_CONNECTION=@@COLLATION_CONNECTION */;
/*!40101 SET NAMES utf8 */;

--
-- Database: `doctorplatform`
--

-- --------------------------------------------------------

--
-- Table structure for table `advice`
--

CREATE TABLE IF NOT EXISTS `advice` (
  `id` int(11) NOT NULL AUTO_INCREMENT,
  `type` int(11) NOT NULL,
  `lang` tinyint(1) NOT NULL,
  `advice` text CHARACTER SET utf8 NOT NULL,
  `pdf` varchar(512) CHARACTER SET utf8 NOT NULL,
  PRIMARY KEY (`id`)
) ENGINE=InnoDB  DEFAULT CHARSET=latin1 AUTO_INCREMENT=144 ;

--
-- Dumping data for table `advice`
--

INSERT INTO `advice` (`id`, `type`, `lang`, `advice`, `pdf`) VALUES
(1, 2, 1, 'প্রতিদিন নিয়মিত ঔষধ খাবেন।', 'cÖwZw`b wbqwgZ Jla Lv‡eb|'),
(2, 2, 1, 'চর্বি জাতীয় খাবারঃ গরু বা খাসির মগজ, কলিজা, চামড়া,  হাড়ের ভিতরের তৈলাক্ত অংশ, ডিমের কুসুম, চিংড়ি, মাছের মাথার মগজ, দুধের সর, ঘি, মাখন, ফার্মের মুরগি, হাঁসের মাংস খাবেন না।', 'Pwe© RvZxq Lvevit Mi“ ev Lvwmi gMR, KwjRv, Pvgov,  nv‡oi wfZ‡ii ˆZjv³ Ask, wW‡gi  Kzmyg, wPswo, gv‡Qi gv_vi gMR, `y‡ai mi, wN, gvLb, dv‡g©i gyiwM, nvu‡mi gvsm Lv‡eb bv|'),
(3, 2, 1, 'খেতে পারেনঃ পরিমিত ভাত মাছ, দেশী মুরগীর শুধু মাত্র মাংস, ডাল, শাক-সবজি, ফলমূল।', '†L‡Z cv‡ibt cwiwgZ fvZ gvQ, †`kx gyiMxi ïay gvÎ gvsm, Wvj, kvK-mewR, djg~j|'),
(4, 2, 1, 'বিড়ি সিগারেট, সাদা পাতা, জর্দা, এ্যালকহল, পাতে লবণ খাবেন না।', 'wewo wmMv‡iU, mv`v cvZv, R`©v, G¨vjKnj, cv‡Z jeY Lv‡eb bv|'),
(5, 2, 1, 'বাড়তি ওজন কমাবেন।', 'evowZ IRb Kgv‡eb|'),
(6, 2, 1, 'ব্যায়াম করুনঃ সকালে অথবা বিকালে ১/২ ঘণ্টা থেকে ১ ঘণ্টা জোরে হাঁটা, তবে হাঁটতে গিয়ে বুকে ব্যাথা বা খুব বেশী শ্বাস কষ্ট হলে ঐ দিনের জন্য ব্যায়াম বন্ধ করে দিতে হবে।', 'e¨vqvg Ki“bt mKv‡j A_ev weKv‡j 1/2 NÈv †_‡K 1 NÈv †Rv‡i nvuUv, Z‡e nvuU‡Z wM‡q ey‡K  e¨v_v ev Lye †ekx k¦vm Kó n‡j H w`‡bi Rb¨ e¨vqvg eÜ K‡i w`‡Z n‡e|'),
(7, 2, 1, 'মিষ্টি বা মিষ্টি জাতীয় খাবার খাবেন না। প্রোয়োজনে ডায়াবেটিক সুগার ব্যবহার করতে পারেন।', 'wgwó ev wgwó RvZxq Lvevi Lv‡eb bv| †cÖv‡qvR‡b Wvqv‡ewUK myMvi e¨envi Ki‡Z cv‡ib|'),
(8, 2, 1, 'সকালে পাতলা ২টা রুটি, রাতে ২টা রুটি, দুপুরে দেড় কাপ ভাত, আলু ছাড়া প্রচুর পরিমানে সবজি খাবেন। মাছ মাংস পরিমান মতো খাবেন।', 'mKv‡j cvZjv 2Uv i“wU, iv‡Z 2Uv i“wU, `ycy‡i †`o Kvc fvZ, Avjy Qvov cÖPzi cwigv‡b mewR  Lv‡eb| gvQ gvsm cwigvb g‡Zv Lv‡eb|'),
(9, 2, 1, 'সকাল ১১ টায় বিকাল এবং রাতে শোয়ার সময় হালকা কিছু খাবেন। প্রতিদিন ১টা ফল খাবেন (টক/মিষ্টি কম) যেমনঃ জাম্বুরা, আমলকী, কামরাঙ্গা, বাতাবিলেবু ইত্যাদি খাবেন।', 'mKvj 11 Uvq weKvj Ges iv‡Z †kvqvi mgq nvjKv wKQz Lv‡eb| cÖwZw`b 1Uv dj Lv‡eb  (UK/wgwó Kg) †hgbt Rv¤^yiv, AvgjKx, Kvgiv½v, evZvwe‡jey BZ¨vw` Lv‡eb|'),
(10, 2, 1, 'হালকা খাবেনঃ ২-৩টা ডায়াবেটিসের বিস্কুট/১ কাপ মুড়ি+- ছোলা (৩০ গ্রাম)', 'nvjKv Lv‡ebt 2-3Uv Wvqv‡ewU‡mi we¯‹zU/1 Kvc gywo+- †Qvjv (30 MÖvg)'),
(70, 0, 0, 'Plenty Of Fluid Intake', ''),
(71, 0, 0, 'Avoid Spicy Food', ''),
(72, 0, 0, 'Bed Rest', ''),
(73, 0, 0, 'Home Food', ''),
(74, 0, 1, 'রাতে তারাতারি ঘুমাবেন', 'iv‡Z ZvivZvwi Nzgv‡eb'),
(75, 0, 1, 'বেশি করে পানি  খাবেন ', '‡ewk K‡i cvwb Lv‡eb'),
(76, 0, 0, 'Free Exercise', ''),
(77, 0, 1, 'হালকা ব্যায়াম করবেন ', 'nvjKv e¨vqvg Ki‡eb'),
(78, 0, 1, 'বাসার খাবার খাবেন ', 'evmvi Lvevi Lv‡eb'),
(79, 0, 1, 'ঝালমুক্ত খাবার খাবেন ', 'Svjgy³ Lvevi Lv‡eb'),
(80, 8, 1, 'হিল জুতা পড়বেননা, আমিষ জাতীয় খাবার খাবেন, প্রচুর পরিমানে পানি ও তরল খাবার খাবেন,প্রচুর পরিমানে শাঁক সবজি খাবেন।', 'wnj RyZv co‡ebbv, Avwgl RvZxq Lvevi Lv‡eb, cÖPzi cwigv‡b cvwb I Zij Lvevi Lv‡eb,cÖPzi  cwigv‡b kvuK mewR Lv‡eb|'),
(81, 8, 1, 'ভ্রমন নিষেধ,সহবাস নিষেধ,সম্পূর্ণ বিশ্রাম|', 'ågb wb‡la,mnevm wb‡la,m¤c~Y© wekªvg|'),
(83, 8, 1, 'অবশ্যই হাস্পাতালে যোগাযোগ করবেন যদি-মাথা ব্যাথা হয়, চোখে ঝাপসা দেখেন, উপর পেটে ব্যাথা হয়, প্রসাব কম হয়, বাচ্চার নাড়াচড়া খেয়াল রাখবেন,বাচ্চার নাড়াচড়া দৈনিক ১০-১২ বারের কম হয়  (ঘুমের সময় বাদ দিয়ে)।', 'Aek¨B nv¯cvZv‡j †hvMv‡hvM Ki‡eb hw`-gv_v e¨v_v nq, †Pv‡L Svcmv †`‡Lb, Dci †c‡U  e¨v_v nq, cÖmve Kg nq, ev”Pvi bvovPov †Lqvj ivL‡eb,ev”Pvi bvovPov ˆ`wbK 10-12 ev‡ii  Kg nq  (Ny‡gi mgq ev` w`‡q)|'),
(85, 8, 1, 'অবশ্যই ডাক্তার দেখাতে আসবেন-যদি-প্রসব ব্যথা হয়, রক্ত /পানি স্রাব হয় ,বাচ্চার নাড়াচড়া দৈনিক ১০-১২ বারের কম হয়  (ঘুমের সময় বাদ দিয়ে)।', 'Aek¨B Wv³vi †`Lv‡Z Avm‡eb-hw`-cÖme e¨_v nq, i³ /cvwb mªve nq ,ev”Pvi bvovPov ˆ`wbK  10-12 ev‡ii Kg nq  (Ny‡gi mgq ev` w`‡q)|'),
(86, 8, 1, 'ভাত/আলু/মিষ্টি/চিনি/গুর/গরু, খাসির মাংস/ঘি/মাখন ইত্যাদি কম খাবেন।', 'fvZ/Avjy/wgwó/wPwb/¸i/Mi“, Lvwmi gvsm/wN/gvLb BZ¨vw` Kg Lv‡eb|'),
(87, 0, 1, 'দৈনিক ৩০-৪০ মিনিট হাঁটবেন। ', 'ˆ`wbK 30-40 wgwbU nvU‡eb'),
(88, 8, 1, 'মাসিকের ১২তম দিন থেকে ২০তম দিন ১দিন পর পর সহবাস।', ' gvwm‡Ki 12Zg w`b †_‡K 20Zg w`b 1w`b ci ci mnevm|'),
(89, 8, 1, 'মাসিকের ১ম/২অ/৩য় দিন চেম্বারেও দেখাতে আসবেন।', 'gvwm‡Ki 1g/2q/3q w`b ‡Pg¡v‡iI Avm‡eb'),
(91, 8, 1, 'বাচ্চাকে শুধুমাত্র বুকের দুধ খাওয়াবেন ৬ মাস।', 'ev”Pv‡K k–a–gvÎ e–‡Ki `–a LvIqv‡eb 6 gvm'),
(92, 8, 0, 'Use Condom.', ''),
(94, 8, 0, 'Use OCP.', ''),
(95, 8, 0, 'Use DMPA.', ''),
(96, 8, 0, 'Use IUCD.', ''),
(97, 8, 0, 'Councelling Done For BL TL', ''),
(98, 8, 2, 'সকাল ১০টা থেকে বেলা ১ টার  মধ্যে টি.টি  ভ্যাকসিনেশন দিতে আসবেন।', 'mKvj 10Uv †_‡K †ejv 1 Uvi  g‡a¨ wU.wU  f¨vKwm‡bkb w`‡Z Avm‡eb|'),
(99, 4, 0, 'Min 8 hours sleep', ''),
(100, 4, 1, 'সব সময় টেলিফোনে আগাম নাম লিখে আসবেন।', 'me mgq †Uwj‡dv‡b AvMvg bvg wj‡L Avm‡eb|'),
(101, 4, 1, 'জরুরী প্রয়োজনে নিকটস্থ হাসপাতালের জরুরী বিভাগে যাবেন।', 'Ri“ix cÖ‡qvR‡b wbKU¯’ nvmcvZv‡ji Ri“ix wefv‡M hv‡eb|'),
(102, 4, 1, 'আলগা লবন খাবেন না।', 'AvjMv jeb Lv‡eb bv|'),
(103, 0, 1, 'ধূমপান করবেন না। ধূমপানের অভ্যাস ত্যাগ করবেন।', 'a~gcvb Ki‡eb bv| a~gcv‡bi Af¨vm Z¨vM Ki‡eb|'),
(104, 0, 1, 'জর্দা-গুল-তামাকপাতা নিষেধ|', 'R`©v-¸j-ZvgvKcvZv wb‡la|'),
(105, 4, 1, 'চর্বি সমৃদ্ধ খাবার (চতুষ্পদ জন্তুর মাংস, কলিজা, ডিমের কুসুম, দুধের সর, ঘি, মাছের ডিম, মাখন, পনির, চিংড়িমাছ, নারিকেল)খাবেন না।', 'Pwe© mg„× Lvevi (PZz®c` Rš‘i gvsm, KwjRv, wW‡gi Kzmyg, `y‡ai mi, wN, gv‡Qi wWg, gvLb,  cwbi, wPswogvQ, bvwi‡Kj)Lv‡eb bv|'),
(106, 0, 1, 'চিনি-মিষ্টি খাবেন না।', 'wPwb-wgwó Lv‡eb bv|'),
(107, 4, 1, 'খাদ্য :স্বাভাবিক', 'Lv`¨ :¯^vfvweK'),
(108, 0, 1, 'নিয়ন্ত্রিত আহার ও নিয়মিত ব্যায়াম করে ওজন কমাবেন।', 'wbqwš¿Z Avnvi I wbqwgZ e¨vqvg K‡i IRb Kgv‡eb|'),
(109, 4, 1, 'দুধ/দুধ থেকে তৈরি খাবার খাবেন না। শাক-পাতা কম খাবেন।', '`ya/`ya †_‡K ˆZwi Lvevi Lv‡eb bv| kvK-cvZv Kg Lv‡eb|'),
(110, 4, 1, 'প্রচুর তরল খাবার (পানি/ডাবের পানি/ওরস্যালাইন/শরবত/কোল্ডড্রিংক্স)খাবেন।', 'cÖPzi Zij Lvevi (cvwb/Wv‡ei cvwb/Iim¨vjvBb/kieZ/‡KvìwWªs•)Lv‡eb|'),
(111, 4, 1, 'পানি/তরল খাবার পরিমিত পরিমানে (রোজ.........লিটার)খাবেন।', 'cvwb/Zij Lvevi cwiwgZ cwigv‡b (‡ivR.........wjUvi)Lv‡eb|'),
(112, 4, 1, 'আমিষ জাতীয় খাবার(মাছ,মাংস,ডিম,দুধ)পরিমানে কম খাবেন।', 'Avwgl RvZxq Lvevi(gvQ, gvsm, wWg, `ya)cwigv‡b Kg Lv‡eb|'),
(113, 0, 1, 'পর্যাপ্ত পরিমানে শাকসবজি ফলমূল খাবেন।', 'ch©vß cwigv‡b kvKmewR djg~j Lv‡eb|'),
(114, 4, 1, 'ডাল, ছোলাবুট, শিমের বিচি, পুইশাক, ফুলকপি, সামুদ্রিক মাছ, লাল মাংস খাবেন না।', 'Wvj, †QvjveyU, wk‡gi wewP, cyBkvK, dzjKwc, mvgyw`ªK gvQ, jvj gvsm Lv‡eb bv|'),
(115, 4, 1, 'ধুলা-বালি, ধুয়া, ঠাণ্ডা থেকে সতর্ক থাকবেন।=', 'ayjv-evwj, ayqv, VvÊv †_‡K mZK© _vK‡eb'),
(116, 4, 1, 'ঘুমের ঔষধ/ব্যাথানাশক ঔষধ/চিকিৎসকের পরামর্শ ছাড়া কোন ঔষধ খাবেন না।', 'Ny‡gi Jla/e¨v_vbvkK Jla/wPwKrm‡Ki civgk© Qvov †Kvb Jla Lv‡eb bv|'),
(117, 4, 1, 'ঔষধ সেবনের প্রথম সপ্তাহে ঘুম বেশি হতে পারে। ঔষধ বন্ধ করবেন না।', 'Jla †me‡bi cÖ_g mßv‡n Nyg †ewk n‡Z cv‡i| Jla eÜ Ki‡eb bv|'),
(118, 4, 1, 'Carbamazepin (Epilep, Tegretol, Zeptol)সেবনের পর ৭-১৪ দিনের মধ্যে শরীরে Rash (লাল লাল দাগ এবং মুখে ঘা) দেখা দিলে ঔষধ বন্ধ করে যোগাযোগ করবেন।', 'Carbamazepin (Epilep, Tegretol, Zeptol)†me‡bi ci 7-14 w`‡bi g‡a¨ kix‡i Rash (jvj jvj `vM Ges gy‡L Nv) †`Lv w`‡j Jla eÜ  K‡i †hvMv‡hvM Ki‡eb|'),
(119, 4, 1, 'Cervical Collar ব্যাবহার করবেন|', 'Cervical Collar e¨venvi Ki‡eb|'),
(120, 4, 1, 'এক নাগারে দীর্ঘক্ষণ বসা বা দাঁড়িয়ে না থাকা।', 'GK bvMv‡i `xN©¶Y emv ev `vuwo‡q bv _vKv|'),
(121, 4, 1, 'ফিজিওথেরাপি চলবে।', 'wdwRI‡_ivwc Pj‡e|'),
(122, 0, 1, 'বিশ্রামে থাকবেন।', 'wekªv‡g _vK‡eb|'),
(123, 4, 1, 'নির্দেশিত নিয়মে ব্যায়াম করবেন।', 'wb‡`©wkZ wbq‡g e¨vqvg Ki‡eb|'),
(124, 4, 1, 'উপুর হয়ে মেরুদণ্ড বাঁকা করে কোন কাজ করবেন না।', 'Dcyi n‡q †gi“`Ê evuKv K‡i †Kvb KvR Ki‡eb bv|'),
(125, 4, 1, 'ভারী জিনিষ বহন করবেন না ও উপড়ে উঠাবেন না।', 'fvix wRwbl enb Ki‡eb bv I Dc‡o DVv‡eb bv|'),
(126, 4, 1, 'রোজ অন্ততঃ ৩০-৪০ মিনিট জোরে হাঁটবেন।', '†ivR Aš—Zt 30-40 wgwbU †Rv‡i nvuU‡eb|'),
(127, 0, 1, 'চলবে লেখা ঔষধ চিকিৎসকের পরামর্শ ছাড়া বন্ধ করবেন না।', 'Pj‡e †jLv Jla wPwKrm‡Ki civgk© Qvov eÜ Ki‡eb bv|'),
(128, 2, 1, 'চর্বি জাতীয় খাবার কম খাবেন।', 'Pwe© RvZxq Lvevi Kg Lv‡eb|'),
(129, 2, 1, 'গরু/খাশির মাংশ খাবেন না।', 'Mi“/Lvwki gvsk Lv‡eb bv|'),
(130, 2, 1, 'ছোট মাছ খাবেন।', '†QvU gvQ Lv‡eb|'),
(131, 2, 1, 'ডিমের কুসুম খাবেন না।', 'wW‡gi Kzmyg Lv‡eb bv|'),
(132, 2, 1, 'শর্করা জাতীয় খাবার কম খাবেন।', 'kK©iv RvZxq Lvevi Kg Lv‡eb|'),
(133, 8, 1, 'বেশি করে ভাত,আলু,ডিম,ছোট,মাছ,ডিম খাবেন। ', '†ewk K‡i fvZ,Avjy,wWg,‡QvU,gvQ,wWg Lv‡eb| '),
(134, 8, 1, 'বেশি করে খাওয়া দাওয়া করবেন।', '†ewk K‡i LvIqv `vIqv Ki‡eb|'),
(135, 8, 2, 'মাসিকের ১২ তম দিন দেখাতে আসবেন।', 'gvwm‡Ki 12 Zg w`b †`Lv‡Z Avm‡eb|'),
(136, 4, 0, 'Complete bed rest for ...... days.', 'Complete bed rest for ...... days.'),
(140, 8, 0, 'No Heavy Weight', ''),
(141, 8, 1, '', ''),
(142, 8, 1, 'undefined', ''),
(143, 8, 1, 'Avoid Spicy Food', '');

-- --------------------------------------------------------

--
-- Table structure for table `appointment`
--

CREATE TABLE IF NOT EXISTS `appointment` (
  `appointmentID` int(11) NOT NULL AUTO_INCREMENT,
  `doctorCode` varchar(15) NOT NULL,
  `patientCode` varchar(15) NOT NULL,
  `date` date NOT NULL,
  `time` time NOT NULL,
  `status` int(11) NOT NULL,
  `appointmentType` int(11) NOT NULL,
  `addedBy` varchar(15) NOT NULL,
  PRIMARY KEY (`appointmentID`)
) ENGINE=InnoDB  DEFAULT CHARSET=latin1 AUTO_INCREMENT=57 ;

--
-- Dumping data for table `appointment`
--

INSERT INTO `appointment` (`appointmentID`, `doctorCode`, `patientCode`, `date`, `time`, `status`, `appointmentType`, `addedBy`) VALUES
(1, 'raj', '100000000', '2015-04-20', '01:19:07', 0, 0, 'raj'),
(2, 'raj', '100000001', '2015-04-19', '01:21:40', 0, 0, 'raj'),
(3, 'raj', '100000002', '2015-04-19', '02:35:26', 0, 0, 'raj'),
(4, 'raj', '100000003', '2015-04-22', '11:32:37', 0, 0, 'raj'),
(5, 'raj', '100000004', '2015-04-26', '01:25:39', 1, 2, 'raj'),
(6, 'raj', 'undefined', '2015-04-27', '10:26:35', 0, 0, 'raj'),
(7, 'raj', 'undefined', '2015-04-27', '10:26:39', 0, 0, 'raj'),
(8, 'raj', '100000000', '2015-04-27', '10:27:05', 0, 0, 'raj'),
(9, 'raj', '100000000', '2015-04-28', '04:31:18', 0, 0, 'raj'),
(10, 'raj', '100000000', '2015-04-29', '09:07:00', 0, 0, 'raj'),
(11, 'raj', '100000000', '2015-04-30', '11:03:20', 0, 0, 'raj'),
(12, 'raj', '100000000', '2015-05-01', '06:56:48', 0, 0, 'raj'),
(13, 'raj', '100000016', '2015-05-01', '09:59:48', 0, 1, 'raj'),
(14, 'raj', '100000003', '2015-05-01', '10:01:54', 0, 1, 'raj'),
(15, 'raj', '100000000', '2015-05-02', '02:31:10', 0, 1, 'raj'),
(16, 'undefined', '100000000', '2015-05-03', '11:38:17', 0, 1, 'raj'),
(17, 'raj', '100000000', '2015-05-03', '11:40:04', 0, 1, 'raj'),
(18, 'raj', '100000000', '2015-05-04', '11:58:01', 0, 1, 'raj'),
(19, 'raj', '100000000', '2015-05-07', '09:52:24', 0, 1, 'raj'),
(20, 'raj', '100000000', '2015-05-08', '11:13:25', 0, 1, 'raj'),
(21, 'raj', '100000003', '2015-05-09', '01:54:32', 1, 1, 'raj'),
(22, 'raj', '100000000', '2015-05-09', '09:33:37', 1, 1, 'raj'),
(23, 'raj', '100000004', '2015-05-09', '12:40:34', 0, 1, 'raj'),
(24, 'raj', '100000003', '2015-05-10', '01:12:07', 1, 1, 'raj'),
(25, 'raj', '100000001', '2015-05-12', '10:19:46', 0, 1, 'raj'),
(26, 'raj', '100000001', '2015-05-13', '11:44:02', 0, 1, 'raj'),
(27, 'raj', '100000003', '2015-05-13', '11:52:17', 0, 1, 'raj'),
(28, 'raj', '100000004', '2015-05-13', '12:33:43', 0, 1, 'raj'),
(29, 'raj', '100000001', '2015-05-14', '11:15:46', 0, 1, 'raj'),
(30, 'raj', '100000001', '2015-05-16', '01:08:42', 1, 3, 'raj'),
(31, 'raj', '100000003', '2015-05-16', '10:08:20', 0, 1, 'raj'),
(32, 'raj', '100000004', '2015-05-16', '11:06:14', 0, 1, 'raj'),
(33, 'raj', '100000000', '2015-05-16', '11:06:20', 0, 1, 'raj'),
(34, 'raj', '100000016', '2015-05-16', '12:08:07', 0, 1, 'raj'),
(35, 'raj', '100000040', '2015-05-16', '12:12:31', 0, 0, 'raj'),
(36, 'raj', '100000003', '2015-05-17', '11:51:07', 0, 1, 'raj'),
(37, 'raj', '100000004', '2015-05-17', '10:41:01', 0, 1, 'raj'),
(38, 'raj', '100000004', '2015-05-18', '11:28:13', 0, 1, 'raj'),
(39, 'raj', '100000004', '2015-05-20', '12:15:21', 0, 1, 'raj'),
(40, 'raj', '100000000', '2015-05-20', '12:38:15', 0, 1, 'raj'),
(41, 'raj', '100000000', '2015-05-21', '12:28:11', 0, 1, 'raj'),
(42, 'raj', '100000000', '2015-05-23', '02:06:04', 0, 1, 'raj'),
(43, 'raj', '100000000', '2015-05-24', '12:18:59', 1, 1, 'raj'),
(44, 'raj', '100000001', '2015-05-24', '12:43:23', 1, 1, 'raj'),
(45, 'raj', '100000004', '2015-05-24', '01:32:30', 0, 1, 'raj'),
(46, 'raj', '100000000', '2015-05-26', '10:57:52', 0, 1, 'raj'),
(47, 'raj', '100000000', '2015-05-27', '12:26:33', 0, 1, 'raj'),
(48, 'raj', '100000000', '2015-05-29', '11:38:45', 0, 1, 'raj'),
(49, 'raj', '100000000', '2015-05-30', '12:33:24', 1, 1, 'raj'),
(50, 'raj', '100000000', '2015-05-31', '10:00:13', 1, 2, 'raj'),
(51, 'raj', '100000004', '2015-05-31', '08:19:06', 0, 1, 'raj'),
(52, 'raj', '100000004', '2015-05-31', '08:25:34', 0, 1, 'raj'),
(53, 'raj', '100000001', '2015-05-31', '08:25:41', 1, 1, 'raj'),
(54, 'raj', '100000040', '2015-05-31', '08:28:16', 0, 1, 'raj'),
(55, 'raj', '100000000', '2015-06-01', '10:49:15', 0, 1, 'raj'),
(56, 'raj', '100000000', '2015-06-02', '09:52:59', 1, 1, 'raj');

-- --------------------------------------------------------

--
-- Table structure for table `appointment_type`
--

CREATE TABLE IF NOT EXISTS `appointment_type` (
  `id` int(11) NOT NULL AUTO_INCREMENT,
  `name` varchar(255) NOT NULL,
  `shortName` varchar(255) NOT NULL,
  PRIMARY KEY (`id`)
) ENGINE=InnoDB  DEFAULT CHARSET=latin1 AUTO_INCREMENT=5 ;

--
-- Dumping data for table `appointment_type`
--

INSERT INTO `appointment_type` (`id`, `name`, `shortName`) VALUES
(0, 'New Patient', 'Yellow'),
(1, 'Old Patient', 'Green'),
(2, 'Free', 'Blue'),
(3, 'Relative', 'Black'),
(4, 'Report', 'Orange');

-- --------------------------------------------------------

--
-- Table structure for table `complain`
--

CREATE TABLE IF NOT EXISTS `complain` (
  `id` int(11) NOT NULL AUTO_INCREMENT,
  `appointMentID` int(11) NOT NULL,
  `symptomID` int(11) NOT NULL,
  `durationNum` decimal(10,0) NOT NULL,
  `durationType` int(11) DEFAULT NULL,
  `detail` text,
  PRIMARY KEY (`id`)
) ENGINE=InnoDB  DEFAULT CHARSET=latin1 AUTO_INCREMENT=11 ;

--
-- Dumping data for table `complain`
--

INSERT INTO `complain` (`id`, `appointMentID`, `symptomID`, `durationNum`, `durationType`, `detail`) VALUES
(1, 49, 38, '1', 1, ''),
(2, 49, 131, '3', 2, ''),
(3, 49, 176, '3', 1, ''),
(4, 49, 50, '4', 4, ''),
(5, 49, 41, '7', 1, ''),
(6, 50, 63, '3', 1, ''),
(7, 50, 30, '1', 1, ''),
(8, 50, 28, '1', 1, ''),
(9, 50, 21, '1', 1, ''),
(10, 50, 23, '1', 1, '');

-- --------------------------------------------------------

--
-- Table structure for table `diagnosis`
--

CREATE TABLE IF NOT EXISTS `diagnosis` (
  `id` int(11) NOT NULL AUTO_INCREMENT,
  `appointMentID` int(11) NOT NULL,
  `diseaseID` int(11) NOT NULL,
  `note` text NOT NULL,
  PRIMARY KEY (`id`)
) ENGINE=InnoDB  DEFAULT CHARSET=latin1 AUTO_INCREMENT=24 ;

--
-- Dumping data for table `diagnosis`
--

INSERT INTO `diagnosis` (`id`, `appointMentID`, `diseaseID`, `note`) VALUES
(1, 19, 268, 'ssss'),
(2, 20, 311, 'yo yo'),
(3, 21, 175, '101'),
(9, 22, 5, 'test'),
(10, 24, 175, ''),
(13, 25, 268, ''),
(14, 26, 5, ''),
(15, 27, 5, ''),
(16, 28, 5, ''),
(17, 29, 4, ''),
(18, 37, 324, ''),
(19, 43, 250, ''),
(20, 44, 5, ''),
(21, 49, 10, ''),
(22, 51, 5, 'undefined'),
(23, 53, 1, 'undefined');

-- --------------------------------------------------------

--
-- Table structure for table `disease`
--

CREATE TABLE IF NOT EXISTS `disease` (
  `id` int(11) NOT NULL AUTO_INCREMENT,
  `name` varchar(255) NOT NULL,
  PRIMARY KEY (`id`)
) ENGINE=InnoDB  DEFAULT CHARSET=latin1 AUTO_INCREMENT=326 ;

--
-- Dumping data for table `disease`
--

INSERT INTO `disease` (`id`, `name`) VALUES
(1, 'Jaundice'),
(2, 'Viral hepatitis '),
(3, 'Constipation '),
(4, 'Malaria'),
(5, 'Fever of unknown origin '),
(6, 'Aanemia'),
(7, 'Heart Disease '),
(8, 'CAD'),
(9, 'ISCHAEMIA'),
(10, 'AMI'),
(11, 'OMI'),
(12, 'SPONDALITIES'),
(13, 'IBS'),
(14, 'PUD'),
(15, 'CHOLECYSTITIES'),
(16, 'CHOLELETHIASIS'),
(17, 'CYSTITIES'),
(18, 'BEP'),
(19, 'PROSTATITIES'),
(20, 'UTI'),
(21, 'NEPHRITIES'),
(22, 'NEPHROLITHIASIS'),
(23, 'Hypothyroidism'),
(25, 'Hyperlipidaemia '),
(32, 'Tuberculosis'),
(34, 'Asthma'),
(35, 'Atopic dermatitis'),
(36, 'Sciatica'),
(38, 'Urinary tract infection '),
(39, 'Diabetes (non-insulin dependent) '),
(40, 'Chest pain Hypertension Angina'),
(41, 'Atherosclerotic heart disease '),
(42, 'Congestive heart failure Stroke'),
(43, 'Allergic rhinitis '),
(44, 'Upper respiratory tract infection '),
(45, 'Lower respiratory tract infection '),
(46, 'Chronic obstructive pulmonary disease (COPD) '),
(47, 'Nephrolithiasis (kidney stones) '),
(48, 'Prostatitis'),
(49, 'Sexually transmitted infection (STI)'),
(50, 'Gonococcal/chlamydial infection of lower genitourinary tract '),
(51, 'Cervicitis'),
(52, 'Vaginitis'),
(53, 'Pelvic inflammatory disease (PID)'),
(54, 'Amenorrhoea'),
(55, 'Postmenopausal bleeding Female infertility'),
(56, 'Complications following abortion  '),
(57, 'Pre-natal care '),
(58, 'Post-natal care '),
(59, 'Depressive disorder'),
(60, 'Depressive disorder'),
(61, 'Tension headache Insomnia'),
(62, 'Chronic gastroenteritis Gastritis'),
(63, 'Aphthous ulcers '),
(64, 'Anorexia Conjunctivitis '),
(65, 'Acute otitis media (AOM)'),
(66, 'Chronic suppurative otitis media (CSOM) '),
(67, 'Mumps'),
(68, 'Filariasis Osteoarthritis '),
(69, 'Cervical spondylosis  '),
(70, 'Acute pharyngitis'),
(71, 'Acute tonsillitis'),
(72, 'Acute sinusitis'),
(73, 'Lumbar spondylosis'),
(74, 'Pregnancy-related conditions'),
(75, 'Rheumatoid Arthritis Osteopenia'),
(78, 'Skin Disease'),
(79, 'Typhoid'),
(82, 'Back Pain'),
(90, 'Diabatics'),
(91, 'Mini-stroke (transient ischemic attack)'),
(92, 'Misophonia'),
(93, 'Mitochondrial myopathy'),
(94, 'Mobius syndrome'),
(95, 'Monomelic amyotrophy'),
(96, 'Motor Neurone Disease - see amyotrophic lateral sclerosis'),
(97, 'Motor skills disorder'),
(98, 'Moyamoya disease'),
(99, 'Mucopolysaccharidoses'),
(100, 'Multi-infarct dementia'),
(101, 'Multifocal motor neuropathy'),
(102, 'Multiple sclerosis'),
(103, 'Multiple system atrophy'),
(104, 'Muscular dystrophy'),
(105, 'Myalgic encephalomyelitis'),
(106, 'Myasthenia gravis'),
(107, 'Myelinoclastic diffuse sclerosis'),
(108, 'Myoclonic Encephalopathy of infants'),
(109, 'Myoclonus'),
(110, 'Myopathy'),
(111, 'Myotubular myopathy'),
(112, 'Myotonia congenita'),
(113, 'Narcolepsy'),
(114, 'Neurofibromatosis'),
(115, 'Neuroleptic malignant syndrome'),
(116, 'Neurological manifestations of AIDS'),
(117, 'Neurological sequelae of lupus'),
(118, 'Neuromyotonia'),
(119, 'Neuronal ceroid lipofuscinosis'),
(120, 'Neuronal migration disorders'),
(121, 'Niemann-Pick disease'),
(122, 'Non 24-hour sleep-wake syndrome'),
(123, 'Nonverbal learning disorder'),
(124, 'Occipital Neuralgia'),
(125, 'Occult Spinal Dysraphism Sequence'),
(126, 'Ohtahara syndrome'),
(127, 'Olivopontocerebellar atrophy'),
(128, 'Opsoclonus myoclonus syndrome'),
(129, 'Optic neuritis'),
(130, 'Orthostatic Hypotension'),
(131, 'Overuse syndrome'),
(132, 'Palinopsia'),
(133, 'Paresthesia'),
(134, 'Paramyotonia Congenita'),
(135, 'Paraneoplastic diseases'),
(136, 'Paroxysmal attacks'),
(137, 'Parry-Romberg syndrome'),
(138, 'Pelizaeus-Merzbacher disease'),
(139, 'Periodic Paralyses'),
(140, 'Peripheral neuropathy'),
(141, 'Pervasive developmental disorders'),
(142, 'Photic sneeze reflex'),
(143, 'Phytanic acid storage disease'),
(144, 'Pinched nerve'),
(145, 'Pituitary tumors'),
(146, 'PMG'),
(147, 'Polyneuropathy'),
(148, 'Polio'),
(149, 'Polymicrogyria'),
(150, 'Polymyositis'),
(151, 'Porencephaly'),
(152, 'Post-Polio syndrome'),
(153, 'Postherpetic Neuralgia (PHN)'),
(154, 'Postural Hypotension'),
(155, 'Prader-Willi syndrome'),
(156, 'Primary Lateral Sclerosis'),
(157, 'Prion diseases'),
(158, 'Progressive hemifacial atrophy'),
(159, 'Progressive multifocal leukoencephalopathy'),
(160, 'Progressive Supranuclear Palsy'),
(161, 'Pseudotumor cerebri'),
(162, 'Rabies'),
(163, 'Ramsay Hunt syndrome type I'),
(164, 'Ramsay Hunt syndrome type II'),
(165, 'Ramsay Hunt syndrome type III - see Ramsay-Hunt syndrome'),
(166, 'Reflex neurovascular dystrophy'),
(167, 'Refsum disease'),
(168, 'Repetitive stress injury'),
(169, 'Restless legs syndrome'),
(170, 'Retrovirus-associated myelopathy'),
(171, 'Rett syndrome'),
(172, 'Rhythmic Movement Disorder'),
(173, 'Romberg syndrome'),
(174, 'Saint Vitus dance'),
(175, 'Sandhoff disease'),
(176, 'Schizencephaly'),
(177, 'Sensory integration dysfunction'),
(178, 'Septo-optic dysplasia'),
(179, 'Shaken baby syndrome'),
(180, 'Shingles'),
(181, 'Shy-Drager syndrome'),
(182, 'Sleep apnea'),
(183, 'Sleeping sickness'),
(184, 'Snatiation'),
(185, 'Sotos syndrome'),
(186, 'Spasticity'),
(187, 'Spina bifida'),
(188, 'Spinal cord injury'),
(189, 'Spinal cord tumors'),
(190, 'Spinal muscular atrophy'),
(191, 'Spinocerebellar ataxia'),
(192, 'Steele-Richardson-Olszewski syndrome'),
(193, 'Stiff-person syndrome'),
(194, 'Stroke'),
(195, 'Sturge-Weber syndrome'),
(196, 'Subacute sclerosing panencephalitis'),
(197, 'Subcortical arteriosclerotic encephalopathy'),
(198, 'Superficial siderosis'),
(199, 'Syncope'),
(200, 'Synesthesia'),
(201, 'Syringomyelia'),
(202, 'Tarsal tunnel syndrome'),
(203, 'Tardive dyskinesia'),
(204, 'Tardive dysphrenia'),
(205, 'Tarlov cyst'),
(206, 'Tay-Sachs disease'),
(207, 'Temporal arteritis'),
(208, 'Tetanus'),
(209, 'Tethered spinal cord syndrome'),
(210, 'Thomsen disease'),
(211, 'Thoracic outlet syndrome'),
(212, 'Tic Douloureux'),
(213, 'Tourette syndrome'),
(214, 'Toxic encephalopathy'),
(215, 'Transient ischemic attack'),
(216, 'Transmissible spongiform encephalopathies'),
(217, 'Transverse myelitis'),
(218, 'Traumatic brain injury'),
(219, 'Tremor'),
(220, 'Trigeminal neuralgia'),
(221, 'Tropical spastic paraparesis'),
(222, 'Trypanosomiasis'),
(223, 'Tuberous sclerosis'),
(224, 'ubisiosis'),
(225, 'Von Hippel-Lindau disease (VHL)'),
(226, 'Viliuisk Encephalomyelitis (VE)'),
(227, 'Werdnig-Hoffman disease'),
(228, 'West syndrome'),
(229, 'Whiplash'),
(230, 'Williams syndrome'),
(231, 'Zellweger syndrome'),
(232, 'Wilson''s disease'),
(233, 'Wallenberg''s syndrome'),
(234, 'Todd''s paralysis'),
(235, 'Sydenham''s chorea'),
(236, 'Sjögren''s syndrome'),
(237, 'Schilder''s disease'),
(238, 'Reye''s syndrome'),
(239, 'Rasmussen''s encephalitis'),
(240, 'Pick''s disease'),
(241, 'O''Sullivan-McLeod syndrome'),
(242, 'Rates'),
(243, 'Rt./Lt Haemeplagia'),
(244, 'Paraplegia'),
(245, 'IHD'),
(246, 'Tuberculosis'),
(247, 'Meningitis '),
(248, 'Encephalitis '),
(249, 'Head injury'),
(250, 'Bleeding disorder'),
(251, 'Heart failure '),
(252, 'Mitral stenosis'),
(253, 'Valvular heart disease '),
(254, 'Stanting '),
(255, 'GABG'),
(256, 'Congenital heart disease (ASD, VSD, PDA, TOF, PFO)'),
(257, 'Surgery'),
(258, 'DM'),
(259, 'HTN'),
(260, 'Stroke. Rt. / Lt. / Heamoregic / Ischemic'),
(263, 'Epilepsy'),
(264, 'Psychosis'),
(265, 'Osteo-arthritis '),
(266, 'Sciatica Rt. / Lt'),
(267, 'Low back pain'),
(268, 'Acidity '),
(269, 'Neck pain'),
(270, 'Facial palsy'),
(271, 'Headache'),
(272, 'Migraine'),
(273, 'Brain tumour '),
(274, 'Cluster Headache'),
(275, 'Mixed headache'),
(276, 'Ischemic stroke with right /left sided hemiplegia'),
(277, 'Hemorrhagic stroke with right/left sided hemiplegia'),
(278, 'Subarachnoid hemorrhage'),
(279, 'Cerebellar haemorrhage'),
(280, 'Brainstem hemorrhage'),
(281, 'Brainstem infarction'),
(282, 'Cerebral venous sinus thrombosis'),
(283, 'Bells palsy'),
(284, 'ICSOL'),
(285, 'CNS tuberculosis'),
(286, 'Potts Disease'),
(287, 'Brain abscess'),
(288, 'GBS'),
(289, 'CIDP'),
(290, 'Mononeuropathy multiplex'),
(291, 'Radial /ulnar/median/tibial/peroneal nerve palsy (right/left)'),
(292, 'Carpal tunnel syndrome'),
(293, 'Myopathy (Duchene /Becker’s /limb-girdle/oculopharyngeal)'),
(294, 'Inflammatory myopathy'),
(295, 'Dermatomyositis'),
(296, 'Epilepsy- primary/secondary -GTCS/absence/tonic/clonic / myoclonic/absence/focal'),
(297, 'Compressive myelopathy '),
(298, 'Noncompressive myelopathy'),
(299, 'Motor neuron disease'),
(300, 'Amyotrophic lateral sclerosis'),
(301, 'Progressive muscular atrophy'),
(302, 'Parkinson disease'),
(303, 'Drug induced parkinsonism'),
(304, 'Essential tremor'),
(305, 'Chorea'),
(306, 'Tics'),
(307, 'Blepharospasm'),
(308, 'Cervical dystonia'),
(309, 'Writer’s cramp'),
(310, 'Focal dystonia'),
(311, 'Generalized dystonia'),
(312, 'Subdural hematoma'),
(313, 'Extradural hematoma'),
(314, 's'),
(315, 'Laproscopy '),
(316, '34 wks pregnancy'),
(317, 'desh'),
(318, 'd'),
(319, 't'),
(320, 'Test Dise'),
(321, 'r'),
(322, 'b'),
(323, 'fe'),
(324, ''),
(325, 'undefined');

-- --------------------------------------------------------

--
-- Table structure for table `doctor`
--

CREATE TABLE IF NOT EXISTS `doctor` (
  `doctorID` int(11) NOT NULL AUTO_INCREMENT,
  `doctorCode` varchar(15) NOT NULL,
  `password` varchar(255) NOT NULL,
  `name` varchar(255) NOT NULL,
  `sex` varchar(15) NOT NULL,
  `age` decimal(10,0) NOT NULL,
  `phone` varchar(15) NOT NULL,
  PRIMARY KEY (`doctorID`)
) ENGINE=InnoDB  DEFAULT CHARSET=latin1 AUTO_INCREMENT=2 ;

--
-- Dumping data for table `doctor`
--

INSERT INTO `doctor` (`doctorID`, `doctorCode`, `password`, `name`, `sex`, `age`, `phone`) VALUES
(1, 'raj', '123', 'Dr Saimul Arefin', 'MALE', '28', '01717094921');

-- --------------------------------------------------------

--
-- Table structure for table `doctorcategory`
--

CREATE TABLE IF NOT EXISTS `doctorcategory` (
  `id` int(11) NOT NULL AUTO_INCREMENT,
  `name` varchar(255) NOT NULL,
  PRIMARY KEY (`id`)
) ENGINE=InnoDB  DEFAULT CHARSET=latin1 AUTO_INCREMENT=26 ;

--
-- Dumping data for table `doctorcategory`
--

INSERT INTO `doctorcategory` (`id`, `name`) VALUES
(1, 'Medicine'),
(2, 'Cardiologist'),
(3, 'Gastrologist'),
(4, 'Neurologist'),
(5, 'ENT Specilist'),
(6, 'Chest Specialist'),
(7, 'Pediatrician'),
(8, 'Gynecologist'),
(9, 'Onchologist'),
(10, 'Eye Specialist'),
(11, 'Diabetologist'),
(12, 'Dermatologist'),
(13, 'Orthopedics'),
(14, 'Nephrologists'),
(15, 'Infectious Disease Specialist'),
(16, 'Psychiatrist'),
(17, 'Endocrinologist'),
(18, 'Gastroenterologist'),
(19, 'Ophthalmologist'),
(20, 'Otolaryngologists'),
(21, 'Podiatrist'),
(22, 'Pulmonologists'),
(23, 'Rheumatologist'),
(24, 'Surgeon'),
(25, 'Skin Specialist');

-- --------------------------------------------------------

--
-- Table structure for table `doctorsettings`
--

CREATE TABLE IF NOT EXISTS `doctorsettings` (
  `id` int(11) NOT NULL AUTO_INCREMENT,
  `doctorID` int(11) NOT NULL,
  `category` int(11) NOT NULL,
  `state` tinyint(1) NOT NULL,
  `patientType` int(11) NOT NULL,
  `patientState` int(11) NOT NULL,
  `prescriptionStyle` tinyint(1) NOT NULL,
  `hospitalID` int(11) NOT NULL,
  `photoSupport` tinyint(1) NOT NULL,
  `personCodeInitial` int(16) NOT NULL,
  `pdfPage` varchar(255) NOT NULL,
  PRIMARY KEY (`id`),
  UNIQUE KEY `doctorId` (`doctorID`)
) ENGINE=InnoDB  DEFAULT CHARSET=latin1 AUTO_INCREMENT=2 ;

--
-- Dumping data for table `doctorsettings`
--

INSERT INTO `doctorsettings` (`id`, `doctorID`, `category`, `state`, `patientType`, `patientState`, `prescriptionStyle`, `hospitalID`, `photoSupport`, `personCodeInitial`, `pdfPage`) VALUES
(1, 1, 8, 1, 1, 1, 1, 1, 0, 100000062, 'default');

-- --------------------------------------------------------

--
-- Table structure for table `doctor_advice_settings`
--

CREATE TABLE IF NOT EXISTS `doctor_advice_settings` (
  `id` int(11) NOT NULL AUTO_INCREMENT,
  `doctorID` int(11) NOT NULL,
  `adviceID` int(11) NOT NULL,
  `displayOrder` int(11) NOT NULL,
  PRIMARY KEY (`id`)
) ENGINE=InnoDB  DEFAULT CHARSET=latin1 AUTO_INCREMENT=16 ;

--
-- Dumping data for table `doctor_advice_settings`
--

INSERT INTO `doctor_advice_settings` (`id`, `doctorID`, `adviceID`, `displayOrder`) VALUES
(3, 1, 70, 3),
(4, 1, 0, 4),
(5, 1, 0, 4),
(6, 1, 0, 4),
(7, 1, 0, 4),
(8, 1, 0, 4),
(9, 1, 0, 4),
(10, 1, 0, 4),
(12, 1, 97, 5),
(13, 1, 87, 6),
(14, 1, 140, 7),
(15, 1, 71, 8);

-- --------------------------------------------------------

--
-- Table structure for table `doctor_history_settings`
--

CREATE TABLE IF NOT EXISTS `doctor_history_settings` (
  `id` int(11) NOT NULL AUTO_INCREMENT,
  `doctorID` int(11) NOT NULL,
  `historyID` int(11) NOT NULL,
  `displayOrder` int(11) NOT NULL,
  PRIMARY KEY (`id`)
) ENGINE=InnoDB  DEFAULT CHARSET=latin1 AUTO_INCREMENT=18 ;

--
-- Dumping data for table `doctor_history_settings`
--

INSERT INTO `doctor_history_settings` (`id`, `doctorID`, `historyID`, `displayOrder`) VALUES
(1, 1, 1, 1),
(2, 1, 2, 2),
(3, 1, 3, 3),
(4, 1, 4, 4),
(8, 1, 11, 1),
(9, 1, 0, 2),
(10, 1, 0, 2),
(11, 1, 16, 2),
(12, 1, 12, 3),
(13, 1, 5, 5),
(14, 1, 0, 0),
(15, 1, 0, 0),
(16, 1, 18, 6),
(17, 1, 19, 1);

-- --------------------------------------------------------

--
-- Table structure for table `doctor_inv_setteing`
--

CREATE TABLE IF NOT EXISTS `doctor_inv_setteing` (
  `id` int(11) NOT NULL AUTO_INCREMENT,
  `doctorID` int(11) NOT NULL,
  `invID` int(11) NOT NULL,
  `displayOrder` int(11) NOT NULL,
  PRIMARY KEY (`id`)
) ENGINE=InnoDB  DEFAULT CHARSET=latin1 AUTO_INCREMENT=9 ;

--
-- Dumping data for table `doctor_inv_setteing`
--

INSERT INTO `doctor_inv_setteing` (`id`, `doctorID`, `invID`, `displayOrder`) VALUES
(1, 1, 0, 1),
(6, 1, 713, 0),
(7, 1, 34, 0),
(8, 1, 131, 0);

-- --------------------------------------------------------

--
-- Table structure for table `doctor_vital_settings`
--

CREATE TABLE IF NOT EXISTS `doctor_vital_settings` (
  `id` int(11) NOT NULL AUTO_INCREMENT,
  `doctorID` int(11) NOT NULL,
  `vitalID` int(11) NOT NULL,
  `displayOrder` int(11) NOT NULL,
  PRIMARY KEY (`id`)
) ENGINE=InnoDB  DEFAULT CHARSET=latin1 AUTO_INCREMENT=7 ;

--
-- Dumping data for table `doctor_vital_settings`
--

INSERT INTO `doctor_vital_settings` (`id`, `doctorID`, `vitalID`, `displayOrder`) VALUES
(1, 1, 1, 1),
(5, 1, 7, 5),
(6, 1, 4, 6);

-- --------------------------------------------------------

--
-- Table structure for table `drug`
--

CREATE TABLE IF NOT EXISTS `drug` (
  `drugID` int(33) NOT NULL AUTO_INCREMENT,
  `typeID` int(11) NOT NULL,
  `companyID` int(11) NOT NULL,
  `drugName` varchar(255) NOT NULL,
  `strength` varchar(255) NOT NULL,
  PRIMARY KEY (`drugID`)
) ENGINE=InnoDB  DEFAULT CHARSET=latin1 AUTO_INCREMENT=4431 ;

--
-- Dumping data for table `drug`
--

INSERT INTO `drug` (`drugID`, `typeID`, `companyID`, `drugName`, `strength`) VALUES
(1, 1, 1, 'Tamino Plus  ', ''),
(2, 3, 1, 'Tamino ', '120 mg / 5ml '),
(3, 1, 1, 'Tamino ER ', '665 mg '),
(4, 3, 1, 'Arcet ', '5 mg/5ml '),
(5, 1, 1, 'Arcet ', '10mg '),
(6, 3, 1, 'Vermikil ', '200 mg/5 ml '),
(7, 1, 1, 'Vermikil ', '400 mg '),
(8, 3, 1, 'Broculyt  ', '15 mg/5 ml '),
(9, 3, 1, 'Florazol ', '200 mg/5 ml '),
(10, 1, 1, 'Florazol ', '400 mg '),
(11, 1, 1, 'Avator ', '10 mg '),
(12, 1, 1, 'Avator ', '20 mg '),
(13, 3, 1, 'V4Z ', ''),
(14, 3, 1, 'Polytamin ', '50mg/5ml '),
(15, 1, 1, 'Starcal D ', ''),
(16, 2, 1, 'Fics', '200 mg'),
(17, 2, 1, 'Fics', '400 mg '),
(18, 15, 1, 'Fics  ', '100 mg / 5 ml '),
(19, 1, 1, 'Roxcef', '250 mg '),
(20, 1, 1, 'Roxcef', '500 mg '),
(21, 15, 1, 'Florocin ', '250 mg '),
(22, 1, 1, 'Florocin', '500 mg '),
(23, 2, 1, 'Vurdoan SR', '100 mg '),
(24, 1, 1, 'Glucomin ', '500 mg '),
(25, 1, 1, 'Glucomin ', '850 mg '),
(26, 1, 1, 'Diazid ', '80 mg '),
(27, 1, 1, 'Fexten ', '120 mg '),
(28, 3, 1, 'Fexten ', '30 mg/5ml '),
(29, 1, 1, 'Flexivan', '100 mg '),
(30, 1, 1, 'Reflexen', '25 mg '),
(31, 1, 1, 'Reflexen', '10 mg'),
(32, 2, 1, 'Defungi', '150 mg '),
(33, 2, 1, 'Defungi', '50 mg '),
(34, 2, 1, 'Cefracef', '250 mg '),
(35, 2, 1, 'Cefracef', '500 mg '),
(36, 15, 1, 'Cefracef', '125mg/5ml '),
(37, 3, 1, 'Isosal', '1 mg/5 ml '),
(38, 3, 1, 'Itchlor ', '5 mg/5ml '),
(39, 1, 1, 'Itchlor ', '10 mg '),
(40, 1, 1, 'Thixtra', ''),
(41, 1, 1, 'Dmigrain', '0.5 mg '),
(42, 1, 1, 'Dmigrain', '1.5 mg '),
(43, 1, 1, 'Montiva', '10 mg '),
(44, 1, 1, 'Prokinet ', '10 mg '),
(45, 3, 1, 'Prokinet ', '5mg/5ml '),
(46, 2, 1, 'AMX', '250mg '),
(47, 15, 1, 'AMX', '125mg/5ml '),
(48, 3, 1, 'Mucodil ', '4 mg/5ml '),
(49, 1, 1, 'Gastab', '150 mg '),
(50, 3, 1, 'Gastab ', '75 mg / 5 ml '),
(51, 1, 1, 'V3N ', ''),
(52, 1, 1, 'Esotor', '20 mg '),
(53, 1, 1, 'Esotor', '40 mg '),
(54, 1, 1, 'Visnil ', '50 mg '),
(55, 2, 1, 'Halopen ', '250mg '),
(56, 2, 1, 'Halopen ', '500 mg '),
(57, 15, 1, 'Halopen', '125mg/5ml '),
(58, 2, 1, 'Omecron', '20 mg '),
(59, 2, 1, 'Omecron', '40 mg '),
(60, 1, 1, 'Nipoxen SR', '250 mg '),
(61, 1, 1, 'Nipoxen SR', '500 mg '),
(62, 1, 1, 'Toralin ', '10 mg '),
(63, 1, 1, 'Etrib', '60 mg '),
(64, 1, 1, 'Etrib', '90 mg'),
(65, 1, 1, 'Toplevo ', '500 mg '),
(66, 1, 1, 'Pansos ', '20 mg '),
(67, 1, 1, 'Pansos', '40 mg '),
(68, 3, 1, 'Nipozin', '10 mg / 5 ml '),
(69, 1, 1, 'Azaltic ', '500 mg '),
(70, 15, 1, 'Azaltic', '200 mg/5ml '),
(71, 15, 1, 'Nitide', '100 mg / 5ml '),
(72, 1, 1, 'Nitide', '500 mg '),
(73, 1, 1, 'Cialix', '10mg'),
(74, 1, 1, 'Danafil', '50mg'),
(75, 1, 1, 'Lijenta ', '5mg'),
(76, 1, 1, 'Altrip ', '6.25mg'),
(77, 1, 1, 'Metavas MR', ''),
(78, 1, 1, 'Anxionil', '3mg'),
(79, 1, 1, 'Nipro Gold', ''),
(80, 1, 1, 'Cefoclav', '200mg'),
(81, 1, 10, 'Acllz', ''),
(82, 1, 10, 'Acllz plus', ''),
(83, 1, 10, 'Afiz', '200'),
(84, 1, 10, 'Agoxin', ''),
(85, 1, 10, 'Alexid', ''),
(86, 1, 10, 'Alfa -E', ''),
(87, 1, 10, 'Ametii', ''),
(88, 1, 10, 'A-mycin', '250'),
(89, 1, 10, 'A-mycin', '500'),
(90, 1, 10, 'Ancor', '2.5'),
(91, 1, 10, 'Ancor', '5'),
(92, 1, 10, 'Ancor', '10'),
(93, 1, 10, 'Ancor Plus', '2.5'),
(94, 1, 10, 'Ancor Plus', '5'),
(95, 1, 10, 'Anfree', ''),
(96, 1, 10, 'Aprocin', '500'),
(97, 1, 10, 'Apuldon', ''),
(98, 1, 10, 'Aristo Gold', ''),
(99, 1, 10, 'Aristo Mom', ''),
(100, 1, 10, 'Arotril', '0.5'),
(101, 1, 10, 'Arotril', '1'),
(102, 1, 10, 'Arotril', '2'),
(103, 1, 10, 'Axim', '125'),
(104, 1, 10, 'Axim', '250'),
(105, 1, 10, 'Axim', '500'),
(106, 1, 10, 'Axophen', '120'),
(107, 1, 10, 'Axophen', '180'),
(108, 1, 10, 'Az', '250'),
(109, 1, 10, 'Az', '500'),
(110, 1, 10, 'Beclovan', ''),
(111, 1, 10, 'calbon', ''),
(112, 1, 10, 'Calbon D', ''),
(113, 1, 10, 'Calbon M', ''),
(114, 1, 10, 'Calbon Plus', ''),
(115, 1, 10, 'Contine', ''),
(116, 1, 10, 'Contine', '200'),
(117, 1, 10, 'Contine', '300'),
(118, 1, 10, 'Cortisol', '5'),
(119, 1, 10, 'Cortisol', '10'),
(120, 1, 10, 'Cortisol', '20'),
(121, 1, 10, 'Enep', '20'),
(122, 1, 10, 'Erdon Super', '50'),
(123, 1, 10, 'Febux', '40'),
(124, 1, 10, 'Febux', '80'),
(125, 1, 10, 'Galvan', ''),
(126, 1, 10, 'Galvan Plus', '500'),
(127, 1, 10, 'Galvan Plus', '850'),
(128, 1, 10, 'Giran', '8'),
(129, 1, 10, 'Giran - H', ''),
(130, 1, 10, 'Glucomet', '500'),
(131, 1, 10, 'Glucomet', '850'),
(132, 1, 10, 'Glucomet  XR', '500'),
(133, 1, 10, 'Glucomet  XR', '850'),
(134, 1, 10, 'Gluconor', '1'),
(135, 1, 10, 'Gluconor', '2'),
(136, 1, 10, 'Glucozid', ''),
(137, 1, 10, 'Glucozid', ''),
(138, 1, 10, 'Glucozon', '15'),
(139, 1, 10, 'Glucozon', '30'),
(140, 1, 10, 'Hepaximin', '200'),
(141, 1, 10, 'Hepaximin', '550'),
(142, 1, 10, 'Ipec - Plus', ''),
(143, 1, 10, 'ISM', '20'),
(144, 1, 10, 'Lacicard', '2'),
(145, 1, 10, 'Lacicard', '4'),
(146, 1, 10, 'Lodicard', ''),
(147, 1, 10, 'Lodipin', '5'),
(148, 1, 10, 'Lomoplox', ''),
(149, 1, 10, 'Lumeram', '150'),
(150, 1, 10, 'Mecol', ''),
(151, 1, 10, 'Mervan', ''),
(152, 1, 10, 'Metacard MR', ''),
(153, 1, 10, 'Montril - Oroflash', '4'),
(154, 1, 10, 'Montril - Chewable', '5'),
(155, 1, 10, 'Montril', '10'),
(156, 1, 10, 'Musklex', ''),
(157, 1, 10, 'Napro', '250'),
(158, 1, 10, 'Napro', '500'),
(159, 1, 10, 'Neso', '375'),
(160, 1, 10, 'Neso', '500'),
(161, 1, 10, 'Neoblon', ''),
(162, 1, 10, 'Nitoxin', ''),
(163, 1, 10, 'Nitrocard', ''),
(164, 1, 10, 'Norzin', ''),
(165, 1, 10, 'Notens', ''),
(166, 1, 10, 'Oniflox', ''),
(167, 1, 10, 'Oradol', ''),
(168, 1, 10, 'Osartan', '25'),
(169, 1, 10, 'Osartan', '50'),
(170, 1, 10, 'Osartan - HZ', ''),
(171, 1, 10, 'Oval', '500'),
(172, 1, 10, 'Pawar', '5'),
(173, 1, 10, 'Pawar', '10'),
(174, 1, 10, 'Pawar', '20'),
(175, 1, 10, 'Pllogen', ''),
(176, 1, 10, 'Pinor', ''),
(177, 1, 10, 'Piramax', ''),
(178, 1, 10, 'Pitavas', ''),
(179, 1, 10, 'Proton P', '20'),
(180, 1, 10, 'Proton P', '40'),
(181, 1, 10, 'Rabe', '20'),
(182, 1, 10, 'Rejoln', ''),
(183, 1, 10, 'Reumazin', ''),
(184, 1, 10, 'Rhinil', ''),
(185, 1, 10, 'Ruvastin', '5'),
(186, 1, 10, 'Ruvastin', '10'),
(187, 1, 10, 'Rupa', ''),
(188, 1, 10, 'Solifen', ''),
(189, 1, 10, 'Stafen', ''),
(190, 1, 10, 'TLC-R', '10'),
(191, 1, 10, 'Tenocard', ''),
(192, 1, 10, 'Terbifin', ''),
(193, 1, 10, 'Univit Plus', ''),
(194, 1, 10, 'Univit-B', ''),
(195, 1, 10, 'Veralgin', ''),
(196, 1, 10, 'V-gra', '25'),
(197, 1, 10, 'V-gra', '50'),
(198, 1, 10, 'V-gra', '100'),
(199, 1, 10, 'Vinton', ''),
(200, 1, 10, 'Vitace', ''),
(201, 1, 10, 'Vitace M', ''),
(202, 1, 10, 'Xelix SR', ''),
(203, 1, 10, 'Xibra', '60'),
(204, 1, 10, 'Xibra', '90'),
(205, 1, 10, 'Xibra', '120'),
(206, 1, 10, 'Xicotll', ''),
(207, 1, 10, 'Xolum-XR', '0.5'),
(208, 1, 10, 'Xolum-XR', '1'),
(209, 1, 10, 'XPA', ''),
(210, 1, 10, 'XPA-C', ''),
(211, 1, 10, 'XPA-XR', ''),
(212, 1, 10, 'ZNF', ''),
(213, 2, 10, 'Afix', ''),
(214, 2, 10, 'Afix', '400'),
(215, 2, 10, 'Aristomox', '250'),
(216, 2, 10, 'Aristomox', '500'),
(217, 2, 10, 'AZ', '250'),
(218, 2, 10, 'AZ', '500'),
(219, 2, 10, 'Clinex', '150'),
(220, 2, 10, 'Clinex', ''),
(221, 2, 10, 'Diflu', '50'),
(222, 2, 10, 'Diflu', '150'),
(223, 2, 10, 'Diflu', '200'),
(224, 2, 10, 'Emep', '20'),
(225, 2, 10, 'Emep', '40'),
(226, 2, 10, 'Erdon TR', '100'),
(227, 2, 10, 'Extracef', '250'),
(228, 2, 10, 'Extracef', '500'),
(229, 2, 10, 'Hemostat', ''),
(230, 2, 10, 'Ipec Super', ''),
(231, 2, 10, 'Neurovan', '75'),
(232, 2, 10, 'Neurovan', '150'),
(233, 2, 10, 'Neurovan', '50'),
(234, 2, 10, 'Omep', '10'),
(235, 2, 10, 'Omep', '20'),
(236, 2, 10, 'Omep', '40'),
(237, 2, 10, 'Prostanil MR', ''),
(238, 2, 10, 'Reumacap CR', ''),
(239, 2, 10, 'Stafoxin', '250'),
(240, 2, 10, 'Stafoxin', '500'),
(241, 2, 10, 'Taxetil', ''),
(242, 2, 10, 'Taxetil', '200'),
(243, 2, 10, 'Tigicon', ''),
(244, 5, 10, 'Apuldon', '15'),
(245, 5, 10, 'Apuldon', '30'),
(246, 5, 10, 'Aripract', ''),
(247, 5, 10, 'Erdon', '50'),
(248, 5, 10, 'Gynoxin Vaginal', ''),
(249, 5, 10, 'Reumacid', ''),
(250, 5, 10, 'XPA', '250'),
(251, 5, 10, 'XPA', '125'),
(252, 5, 10, 'XPA', '500'),
(253, 15, 10, 'Afix', ''),
(254, 3, 10, 'Afix-DS', ''),
(255, 15, 10, 'Afix-DS', ''),
(256, 15, 10, 'A-mycin', ''),
(257, 15, 10, 'A-mycin DS', ''),
(258, 7, 10, 'A-mycin', ''),
(259, 15, 10, 'Aproch Taste Masked', ''),
(260, 3, 10, 'Aristomox', ''),
(261, 15, 10, 'Axim', ''),
(262, 15, 10, 'AZ Taste Masked', ''),
(263, 5, 10, 'Diflu', ''),
(264, 3, 10, 'Extracef', ''),
(265, 15, 10, 'Extracef DS', ''),
(266, 7, 10, 'Extracef', ''),
(267, 15, 10, 'Nitoxin', ''),
(268, 3, 10, 'Extafoxin', ''),
(269, 3, 10, 'Taxetil', ''),
(270, 15, 10, 'Taxetil DS', ''),
(271, 7, 10, 'Taxetil', ''),
(272, 7, 10, 'Afrin', ''),
(273, 7, 10, 'Afrin', ''),
(274, 33, 10, 'A-mycin', ''),
(275, 7, 10, 'Apuldon', ''),
(276, 3, 10, 'Apuldon', ''),
(277, 3, 10, 'Aristo Kid', ''),
(278, 19, 10, 'Arodin', ''),
(279, 3, 10, 'Asmolex', ''),
(280, 3, 10, 'Asmolex-L', ''),
(281, 19, 10, 'Avolac', ''),
(282, 3, 10, 'Axofen', ''),
(283, 33, 10, 'Clinex', ''),
(284, 3, 10, 'Contine', ''),
(285, 19, 10, 'Cortisol', ''),
(286, 33, 10, 'Diprosal', ''),
(287, 3, 10, 'Expecto', ''),
(288, 7, 10, 'Flumetanol', ''),
(289, 3, 10, 'Freecof', ''),
(290, 3, 10, 'Ipec', ''),
(291, 7, 10, 'Nexol', ''),
(292, 3, 10, 'Nexol', ''),
(293, 3, 10, 'Nine Seas', ''),
(294, 3, 10, 'Oralzin', ''),
(295, 3, 10, 'XPA', ''),
(296, 7, 10, 'XPA', ''),
(297, 3, 10, 'Uniplex', ''),
(298, 3, 10, 'Vitazin', ''),
(299, 3, 10, 'Vitazin I', ''),
(300, 19, 10, 'Xisol', ''),
(301, 10, 10, 'Arabid', ''),
(302, 10, 10, 'Aroflo', '250'),
(303, 10, 10, 'Aroflo', '125'),
(304, 10, 10, 'Asmalin', ''),
(305, 10, 10, 'Beclacort', '50'),
(306, 10, 10, 'Beclacort', '100'),
(307, 10, 10, 'Budison F', '80'),
(308, 10, 10, 'Budison F', '160'),
(309, 10, 10, 'Ipralin', ''),
(310, 8, 10, 'Aristocort', ''),
(311, 29, 10, 'Aristocort', ''),
(312, 8, 10, 'Aristocort Plus', ''),
(313, 29, 10, 'Arodin', ''),
(314, 8, 10, 'Arotrix', ''),
(315, 16, 10, 'Clinex Plus', ''),
(316, 8, 10, 'Clobesol', ''),
(317, 29, 10, 'Clobesol', ''),
(318, 16, 10, 'Erdon', ''),
(319, 29, 10, 'Fusidat', ''),
(320, 8, 10, 'Fusidat H', ''),
(321, 16, 10, 'Mycon Oral', ''),
(322, 8, 10, 'Silvadazin', ''),
(323, 29, 10, 'Soneta', ''),
(324, 8, 10, 'Soneta', ''),
(325, 8, 10, 'Terbifin', ''),
(326, 7, 10, 'Aropen', '500'),
(327, 7, 10, 'Aropen', '1000'),
(328, 4, 10, 'Axim', '750'),
(329, 4, 10, 'Axon', '250'),
(330, 7, 10, 'Axon', '250'),
(331, 4, 10, 'Axon', '500'),
(332, 7, 10, 'Axon', '500'),
(333, 4, 10, 'Axon', '1000'),
(334, 7, 10, 'Axom', '1000'),
(335, 7, 10, 'Axom', '2000'),
(336, 4, 10, 'Ceftazim', '250'),
(337, 4, 10, 'Ceftazim', '500'),
(338, 4, 10, 'Ceftazim', '1000'),
(339, 7, 10, 'Cortef', ''),
(340, 4, 10, 'Emep', ''),
(341, 4, 10, 'Extracef', '1000'),
(342, 4, 10, 'Extracef', '250'),
(343, 4, 10, 'Extracef', '500'),
(344, 7, 10, 'Forgen', '500'),
(345, 7, 10, 'Forgen', '1000'),
(346, 7, 10, 'Forgen', '2000'),
(347, 7, 10, 'Omep', ''),
(348, 7, 10, 'Proton-P', ''),
(349, 4, 10, 'Erdon Plus', ''),
(350, 4, 10, 'Dormax', ''),
(351, 4, 10, 'Hemostat', ''),
(352, 4, 10, 'Inofar', ''),
(353, 4, 10, 'Intravas', '40'),
(354, 4, 10, 'Intravas', '60'),
(355, 4, 10, 'Intravas', '80'),
(356, 7, 10, 'Mikacin', '500'),
(357, 4, 10, 'Neobion', ''),
(358, 4, 10, 'Oradol', ''),
(359, 4, 10, 'Oradol', '60'),
(360, 4, 10, 'Sonexa', ''),
(361, 4, 10, 'Veralgin', ''),
(362, 6, 10, 'Insulet R', ''),
(363, 6, 10, 'Insulet N', ''),
(364, 6, 10, 'Insulet', '30/70'),
(365, 6, 10, 'Insulet', '50/50'),
(366, 2, 10, 'I-gold', ''),
(367, 1, 10, 'Zincin', ''),
(368, 1, 10, 'Zofen', ''),
(369, 1, 10, 'Zofen-TS', ''),
(370, 5, 10, 'AFM', ''),
(371, 5, 10, 'AFM Plus', ''),
(372, 7, 10, 'AFM-T', ''),
(373, 7, 10, 'Aprucin', ''),
(374, 7, 10, 'Aprodex', ''),
(375, 7, 10, 'Aristobet-N', ''),
(376, 7, 10, 'Aristocrome', ''),
(377, 7, 10, 'Aristomol', ''),
(378, 7, 10, 'Aristophen', ''),
(379, 7, 10, 'Avatan', ''),
(380, 19, 10, 'Avatan-T', ''),
(381, 19, 10, 'AZ', ''),
(382, 19, 10, 'Bopotas Sterile', ''),
(383, 5, 10, 'Besiflox', ''),
(384, 5, 10, 'Brinzopt', ''),
(385, 7, 10, 'Combipres', ''),
(386, 5, 10, 'Cortizol', ''),
(387, 19, 10, 'Cyporin', ''),
(388, 7, 10, 'Diflu Sterile', ''),
(389, 19, 10, 'Epinast', ''),
(390, 7, 10, 'Erdon', ''),
(391, 7, 10, 'Fludin', ''),
(392, 7, 10, 'Gatison', ''),
(393, 7, 10, 'Hyloron Sterile', '0.001'),
(394, 7, 10, 'Hyloron Sterile', '0.002'),
(395, 16, 10, 'Hypomer', ''),
(396, 7, 10, 'NCL Sterile', ''),
(397, 7, 10, 'Tag Sterile', ''),
(398, 7, 10, 'Lomeflox', ''),
(399, 5, 10, 'Lotapred', ''),
(400, 5, 10, 'Lotapred Plus', ''),
(401, 5, 10, 'N-Mycin', ''),
(402, 19, 10, 'Neopred Sterile', ''),
(403, 5, 10, 'Nivan', ''),
(404, 7, 10, 'Nazin', ''),
(405, 7, 10, 'Ocu16', ''),
(406, 7, 10, 'Olpadin', ''),
(407, 7, 10, 'Olpadin DS', ''),
(408, 7, 10, 'Optimox', ''),
(409, 7, 10, 'Oradol', ''),
(410, 7, 10, 'Ovel', ''),
(411, 7, 10, 'Ovel-TS', ''),
(412, 7, 10, 'Phacovit', ''),
(413, 7, 10, 'Polydex-N', ''),
(414, 7, 10, 'Procain', ''),
(415, 7, 10, 'Protear', ''),
(416, 7, 10, 'Zonexa', ''),
(417, 7, 10, 'Zonexa-C', ''),
(418, 7, 10, 'Stafen', ''),
(419, 7, 10, 'Systear', ''),
(420, 7, 10, 'T-Mycin', ''),
(421, 5, 10, 'T-Mycin Plus', ''),
(422, 7, 10, 'Trophen', ''),
(423, 7, 10, 'Tropicam 0.5%', ''),
(424, 7, 10, 'Tropicam 1%', ''),
(425, 7, 10, 'Vista', ''),
(426, 7, 10, 'Xirom', ''),
(427, 7, 10, 'Acyvir', ''),
(428, 7, 10, 'AFM Plus', ''),
(429, 7, 10, 'Aprucin', ''),
(430, 7, 10, 'Aristen Sterile', ''),
(431, 7, 10, 'Aristobet-N', ''),
(432, 7, 10, 'Aristophen', ''),
(433, 7, 10, 'Polydex-N', ''),
(434, 7, 10, 'Sonexa', ''),
(435, 7, 10, 'T-Mycin', ''),
(436, 7, 10, 'T-Mycin Plus', ''),
(437, 16, 10, 'Xoviral Sterile', ''),
(438, 16, 10, 'Oroconazol', ''),
(439, 16, 10, 'Lubric Gel', '0.02'),
(440, 1, 8, 'Acical-c Eff.', ''),
(441, 1, 8, 'Acical-D', ''),
(442, 1, 8, 'Acical-M', ''),
(443, 1, 8, 'Acical', '500 ng'),
(444, 2, 8, 'Acicox', '100 mg'),
(445, 1, 8, 'Aciflox', '200 mg'),
(446, 4, 8, 'Aciphin', '250 mg'),
(447, 4, 8, 'Aciphin', '250 mg '),
(448, 4, 8, 'Aciphin', '500 mg'),
(449, 4, 8, 'Aciphin', '500  mg'),
(450, 1, 8, 'Acitrin-L', '10 mg'),
(451, 3, 8, 'Acitrin', ''),
(452, 7, 8, 'Acitrin', ''),
(453, 19, 8, 'Acitrin -L', ''),
(454, 1, 8, 'Acuten', ''),
(455, 4, 8, 'Acuten', ''),
(456, 1, 8, 'Adegra', '25 mg'),
(457, 1, 8, 'Adegra', '50 mg'),
(458, 1, 8, 'Adegra', '100 mg'),
(459, 16, 8, 'Adgar', ''),
(460, 1, 8, 'Alaron', '10 mg'),
(461, 8, 8, 'Alaron', ''),
(462, 1, 8, 'Amotrex', '200 mg'),
(463, 1, 8, 'Amotrex', '400 mg'),
(464, 8, 8, 'Amotrex', ''),
(465, 22, 8, 'Amlex', ''),
(466, 1, 8, 'Anaflex', '250 mg'),
(467, 1, 8, 'Anaflex', '500 mg'),
(468, 1, 8, 'Anaflex SR', '500mg'),
(469, 16, 8, 'Anaflex', ''),
(470, 1, 8, 'Anaxyl', '500 mg'),
(471, 2, 8, 'Anaxyl', '500 mg'),
(472, 4, 8, 'Anaxyl', '500 mg'),
(473, 4, 8, 'Aronem', '500 mg'),
(474, 4, 8, 'Aronem', '1 g'),
(475, 1, 8, 'Avlocid Plus', ''),
(476, 8, 8, 'Avlocid Plus', ''),
(477, 3, 8, 'Avloquin', ''),
(478, 1, 8, 'Avloquin', ''),
(479, 2, 8, 'Avlosef', '250 mg'),
(480, 2, 8, 'Avlosef', '500 mg'),
(481, 8, 8, 'Avlosef DS', ''),
(482, 8, 8, 'Avlosef', ''),
(483, 4, 8, 'Avlosef ', '1 g'),
(484, 4, 8, 'Avlosef ', '500 mg'),
(485, 7, 8, 'Avlosef', ''),
(486, 1, 8, 'Avlotrin DS', '960 mg'),
(487, 8, 8, 'Avlotrin', ''),
(488, 1, 8, 'Brodil', '2 mg'),
(489, 1, 8, 'Brodil', '4 mg'),
(490, 3, 8, 'Brodil', ''),
(491, 2, 8, 'Brodil SR', ''),
(492, 19, 8, 'Brodil Resp', ''),
(493, 14, 8, 'Budenide', ''),
(494, 2, 8, 'Cacetor', '10/2.5'),
(495, 2, 8, 'Cacetor', '10/5 c.'),
(496, 2, 8, 'Cacetor', '20/5'),
(497, 1, 8, 'Canazole', '150 mg'),
(498, 1, 8, 'Canazole', '50 mg'),
(499, 1, 8, 'Canazole', '200 mg'),
(500, 8, 8, 'Canazole', ''),
(501, 1, 8, 'Canider', '10 mg'),
(502, 1, 8, 'Cartine', '330 mg'),
(503, 19, 8, 'Cartine', ''),
(504, 2, 8, 'Cedril ', '500 mg'),
(505, 8, 8, 'Cedril ', ''),
(506, 2, 8, 'Cefim-3', '200 mg'),
(507, 2, 8, 'Cefim -3 DS', '400 mg'),
(508, 8, 8, 'Cefim-3', ''),
(509, 1, 8, 'Celofen', '100 mg'),
(510, 1, 8, 'Coavlon', ''),
(511, 8, 8, 'Clovate', ''),
(512, 8, 8, 'Clovate-N', ''),
(513, 29, 8, 'Clovate', ''),
(514, 29, 8, 'Clovate N', ''),
(515, 1, 8, 'Coderin', '5 mg'),
(516, 1, 8, 'Coderin', '10 mg'),
(517, 1, 8, 'Colik', '10 mg'),
(518, 1, 8, 'Colik', '20 mg'),
(519, 4, 8, 'Colik', '1 ml'),
(520, 19, 8, 'Combair Resp.', ''),
(521, 8, 8, 'Cortefin', ''),
(522, 29, 8, 'Cortefin', ''),
(523, 14, 8, 'Cortefin', ''),
(524, 1, 8, 'Deslorin', '5 mg'),
(525, 1, 8, 'Deslorin Plus', '2.5'),
(526, 3, 8, 'Deslorin', ''),
(527, 1, 8, 'Diar', '500 mg'),
(528, 8, 8, 'Diar', ''),
(529, 1, 8, 'Dispazinc', '200 mg'),
(530, 3, 8, 'Dixxar', ''),
(531, 4, 8, 'Dormilat', '15 mg'),
(532, 4, 8, 'Dormilat', '5 mg'),
(533, 4, 8, 'Dorinem', '500'),
(534, 8, 8, 'Ecoren', '0.01'),
(535, 8, 8, 'Ecoren T', ''),
(536, 8, 8, 'Erythin Dry', ''),
(537, 1, 8, 'Esomep', '20 mg'),
(538, 1, 8, 'Esomep', '40 mg'),
(539, 1, 8, 'Febus', '40 mg'),
(540, 1, 8, 'Febus', '80 mg'),
(541, 2, 8, 'Femizin TR', ''),
(542, 3, 8, 'Feridex', ''),
(543, 2, 8, 'Feridex TR', ''),
(544, 14, 8, 'Fluvent', ''),
(545, 1, 8, 'Foviral', '300 mg'),
(546, 19, 8, 'Hexiscrub', ''),
(547, 37, 8, 'Hexisol', ''),
(548, 37, 8, 'Hexisol', ''),
(549, 8, 8, 'Hexitane', ''),
(550, 4, 8, 'Hison', ''),
(551, 2, 8, 'Impedox', ''),
(552, 2, 8, 'Indever SR', '80 mg'),
(553, 2, 8, 'Indever SR', '40 mg'),
(554, 1, 8, 'Indever ', '10 MG'),
(555, 1, 8, 'Indever', '40 mg'),
(556, 1, 8, 'Inosit', '500 mg'),
(557, 1, 8, 'Inosit', '750 mg'),
(558, 1, 8, 'Leflox', '500 mg'),
(559, 1, 8, 'Leflox', '750 mg'),
(560, 3, 8, 'Livita', ''),
(561, 1, 8, 'meflon', '250 mg'),
(562, 8, 8, 'Miconex', ''),
(563, 16, 8, 'Micoral', ''),
(564, 8, 8, 'Micosone', ''),
(565, 29, 8, 'Micosone', ''),
(566, 1, 8, 'Minolac', '10 mg'),
(567, 4, 8, 'Minolac', '60 mg'),
(568, 4, 8, 'Minolac', '30 mg'),
(569, 4, 8, 'Minolac', '10 mg'),
(570, 8, 8, 'Fulcinex', ''),
(571, 1, 8, 'Motoral', '20 mg'),
(572, 1, 8, 'Motoral', '100 mg'),
(573, 2, 8, 'Mylovit', ''),
(574, 2, 8, 'Mylovit-z', ''),
(575, 1, 8, 'Novatac', '20 mg'),
(576, 1, 8, 'Novatac', '40 mg'),
(577, 3, 8, 'Nutrivit-B', ''),
(578, 1, 8, 'Nutrivit-B', ''),
(579, 1, 8, 'Nutrivit-C', ''),
(580, 3, 8, 'Nutrivit-C', ''),
(581, 7, 8, 'Nutrivit-C Paed', ''),
(582, 1, 8, 'Nutrivit-E', ''),
(583, 7, 8, 'Nutrivit-MV', ''),
(584, 16, 8, 'Oralon', ''),
(585, 19, 8, 'Oralon', ''),
(586, 1, 8, 'Oral-Z', '20 mg'),
(587, 3, 8, 'Oral-Z', ''),
(588, 3, 8, 'Oral ZB', ''),
(589, 2, 8, 'Polyron Plus', ''),
(590, 3, 8, 'Polyron', ''),
(591, 3, 8, 'Prosma', ''),
(592, 1, 8, 'Prosma', ''),
(593, 1, 8, 'Pyrimac', ''),
(594, 1, 8, 'Remaquin', ''),
(595, 11, 8, 'Repotyn IV', ''),
(596, 14, 8, 'Rinase', ''),
(597, 19, 8, 'Rinase', ''),
(598, 1, 8, 'Ritch', '60 mg'),
(599, 1, 8, 'Ritch', '120 mg'),
(600, 1, 8, 'Ritch', '180 mg'),
(601, 8, 8, 'Ritch', ''),
(602, 1, 8, 'Ritopar', '10'),
(603, 4, 8, 'Ritopar', ''),
(604, 7, 8, 'Simet', ''),
(605, 1, 8, 'Sezol -DS', ''),
(606, 29, 8, 'Systop', ''),
(607, 1, 8, 'Tasti', ''),
(608, 2, 8, 'Teolex Cr', '300'),
(609, 2, 8, 'Teolex Cr', '400'),
(610, 19, 8, 'Tetrasol', '0.25'),
(611, 1, 8, 'Tevital', '0.5 mg'),
(612, 1, 8, 'Tevital', '1 mg'),
(613, 1, 8, 'Tizadin ', '2 mg'),
(614, 3, 8, 'Tyrex', ''),
(615, 1, 8, 'Xcel', '500 mg'),
(616, 7, 8, 'Xcel Paediatric', ''),
(617, 1, 8, 'Xcel Plus', ''),
(618, 3, 8, 'Xcel', ''),
(619, 8, 8, 'Xcel', ''),
(620, 1, 8, 'Xcel DT', ''),
(621, 2, 8, 'Xeldrin', '10 mg'),
(622, 2, 8, 'Xeldrin', '20 mg'),
(623, 2, 8, 'Xeldrin', '40 mg'),
(624, 4, 8, 'Xeldrin', '40 mg'),
(625, 8, 8, 'Zocort', '0.01'),
(626, 7, 8, 'Atier', ''),
(627, 7, 8, 'Contova', ''),
(628, 7, 8, 'Denicol', ''),
(629, 7, 8, 'Icol', ''),
(630, 7, 8, 'Icrom', ''),
(631, 7, 8, 'Igen', ''),
(632, 7, 8, 'Maxiflox', ''),
(633, 7, 8, 'Omeflox', ''),
(634, 7, 8, 'Rotarac', ''),
(635, 2, 8, 'Abaclor', '250'),
(636, 2, 8, 'Abaclor', '500'),
(637, 8, 8, 'Abaclor', ''),
(638, 7, 8, 'Abaclor', ''),
(639, 1, 8, 'Alaclov', '500 mg'),
(640, 1, 8, 'Artica', '10'),
(641, 1, 8, 'Artica', '25'),
(642, 3, 8, 'Artica', ''),
(643, 2, 8, 'Avlomox', '250 mg'),
(644, 2, 8, 'Avlomox', '500 mg'),
(645, 8, 8, 'Avlomox Ds', ''),
(646, 8, 8, 'Avlomox', ''),
(647, 4, 8, 'Avlomox Vail', ''),
(648, 7, 8, 'Avlomox Paed', ''),
(649, 1, 8, 'Cartilex', ''),
(650, 2, 8, 'Cefdox', '100 mg'),
(651, 8, 8, 'Cefdox DS', ''),
(652, 8, 8, 'Cefdox', ''),
(653, 7, 8, 'Cefdox', ''),
(654, 4, 8, 'Cefot', '250 mg'),
(655, 4, 8, 'Cefot', '500 mg'),
(656, 4, 8, 'Cefot', '1 g'),
(657, 4, 8, 'Cefot', '2 g'),
(658, 1, 8, 'Cerox-A', '250 mg'),
(659, 1, 8, 'Cerox-A', '500 mg'),
(660, 8, 8, 'Cerox-A', ''),
(661, 4, 8, 'Cerox-A', '1.5 g'),
(662, 4, 8, 'Cerox-A', '250 mg'),
(663, 4, 8, 'Cerox-A', '750 mg'),
(664, 1, 8, 'Ciaton', '5'),
(665, 1, 8, 'Ciaton', '10'),
(666, 1, 8, 'Ciaton', '20'),
(667, 1, 8, 'Coxia ', '60 mg'),
(668, 1, 8, 'Coxia ', '120 mg'),
(669, 2, 8, 'Daclin', '150'),
(670, 2, 8, 'Daclin', '300'),
(671, 33, 8, 'Daclin', ''),
(672, 1, 8, 'Demarin F/C', '60 mg'),
(673, 8, 8, 'Dermasim', '0.01'),
(674, 19, 8, 'Dermasim', '0.01'),
(675, 16, 8, 'Desotop', '0.0005'),
(676, 1, 8, 'Diverin', '10 mg'),
(677, 1, 8, 'Diverin', '20 mg'),
(678, 3, 8, 'Diverin', ''),
(679, 1, 8, 'Doxamil', '25 mg'),
(680, 3, 8, 'Etrax', ''),
(681, 1, 8, 'Etrax', ''),
(682, 1, 8, 'Flamex D', '200 mg'),
(683, 1, 8, 'Flamex', '400 mg'),
(684, 2, 8, 'Flamex', '300 mg'),
(685, 8, 8, 'Flamex', ''),
(686, 1, 8, 'Flamex DX', '200 mg'),
(687, 1, 8, 'Flamex DX', '300 mg'),
(688, 1, 8, 'Flamex DX', '400 mg'),
(689, 1, 8, 'Floxabid', '250 mg'),
(690, 1, 8, 'Floxabid', '500 mg'),
(691, 1, 8, 'Floxabid', '750 mg'),
(692, 8, 8, 'Floxabid DS', ''),
(693, 1, 8, 'Floxabid SR', ''),
(694, 2, 8, 'Fluclox', '250 mg'),
(695, 4, 8, 'Fluclox', '250 mg'),
(696, 2, 8, 'Fluclox', '500 mg'),
(697, 4, 8, 'Fluclox', '500 mg'),
(698, 8, 8, 'Fluclox', ''),
(699, 8, 8, 'Fluclox DS', ''),
(700, 1, 8, 'Fulcinex', ''),
(701, 2, 8, 'Gabarol', '25 mg'),
(702, 2, 8, 'Gabarol', '50 mg'),
(703, 2, 8, 'Gabarol', '75 mg'),
(704, 2, 8, 'Gabarol', '100 mg'),
(705, 2, 8, 'Gabarol', '150 mg'),
(706, 1, 8, 'Gatilon', '400 mg'),
(707, 29, 8, 'Halocort', ''),
(708, 8, 8, 'Halocort', ''),
(709, 3, 8, 'Hepta seas', ''),
(710, 4, 8, 'Iminem', '500 mg'),
(711, 1, 8, 'Isar', '150 mg'),
(712, 4, 8, 'Kacin', '100 mg'),
(713, 4, 8, 'Kacin', '500 mg'),
(714, 1, 8, 'Ketron D', '25 mg'),
(715, 1, 8, 'Ketron ', '50 mg'),
(716, 2, 8, 'Ketron SR', '100 mg'),
(717, 2, 8, 'Ketron SR', '200 mg'),
(718, 1, 8, 'Kofnix SR', ''),
(719, 1, 8, 'liorel', '5 mg'),
(720, 1, 8, 'liorel', '10 mg'),
(721, 1, 8, 'Mastel', '10 mg'),
(722, 8, 8, 'Meloderm', ''),
(723, 29, 8, 'Meloderm', ''),
(724, 1, 8, 'Menogia', ''),
(725, 4, 8, 'Minocap', '5 ml'),
(726, 4, 8, 'Minocap', '10 ml'),
(727, 1, 8, 'Mobifen', '50 mg'),
(728, 2, 8, 'Mobifen SR', '100 mg'),
(729, 2, 8, 'Mobifen SR', '75 mg'),
(730, 4, 8, 'Mobifen-Plus', '2 ml'),
(731, 7, 8, 'Myrox Paed', ''),
(732, 2, 8, 'Myrox SR', ''),
(733, 3, 8, 'Myrox', ''),
(734, 15, 8, 'Neocitrin', '5 g'),
(735, 15, 8, 'Neocitrin', '10 g'),
(736, 1, 8, 'Nutrivit C', '1000Eff.'),
(737, 1, 8, 'Odazyth', '500 mg'),
(738, 8, 8, 'Odazyth', ''),
(739, 3, 8, 'Osetron', ''),
(740, 1, 8, 'Osetron ', '8 mg'),
(741, 4, 8, 'Osetron', ''),
(742, 1, 8, 'Oxicam', ''),
(743, 1, 8, 'Pantex', '20 mg'),
(744, 1, 8, 'Pantex', '40 mg'),
(745, 4, 8, 'Pantex', ''),
(746, 1, 8, 'Paricel', '20 mg'),
(747, 8, 8, 'Permisol', '0.05'),
(748, 1, 8, 'Phyton', '0.5 mg'),
(749, 4, 8, 'Phyton', '1 ml'),
(750, 4, 8, 'Pime', '500 mg'),
(751, 4, 8, 'Pime', '1 g'),
(752, 4, 8, 'Pime', '2 g'),
(753, 4, 8, 'Povital', ''),
(754, 1, 8, 'Povital', ''),
(755, 1, 8, 'Prelab', ''),
(756, 1, 8, 'Recol', '10 mg'),
(757, 19, 8, 'Relacs', ''),
(758, 11, 8, 'Repotyn', ''),
(759, 1, 8, 'Revigor', ''),
(760, 1, 8, 'Revital-30', ''),
(761, 1, 8, 'Revital-32', ''),
(762, 1, 8, 'Rolage', '60 mg'),
(763, 1, 8, 'Rosatan-H', '25'),
(764, 1, 8, 'Rosatan', '50'),
(765, 11, 8, 'Salinor ', ''),
(766, 8, 8, 'Sibalyn', '0.01'),
(767, 1, 8, 'Sintel', '400 mg'),
(768, 8, 8, 'Sintel', ''),
(769, 8, 8, 'Skinabin', '0.01'),
(770, 8, 8, 'Skinabin', ''),
(771, 29, 8, 'Skinalar', ''),
(772, 8, 8, 'Skinalar-N', ''),
(773, 2, 8, 'Soritec', '10 mg'),
(774, 2, 8, 'Soritec', '25 mg'),
(775, 29, 8, 'Skinalar-N', ''),
(776, 2, 8, 'Tendia', '50 mg'),
(777, 2, 8, 'Tendia ER', ''),
(778, 1, 8, 'Tenoren', '100 mg'),
(779, 1, 8, 'Tenoren', '25 mg'),
(780, 1, 8, 'Tenoren Plus', ''),
(781, 1, 8, 'Tivion', ''),
(782, 4, 8, 'Tynium', '2 ml'),
(783, 1, 8, 'Tynium', ''),
(784, 3, 8, 'Tynium', ''),
(785, 1, 8, 'Vave', '10 mg'),
(786, 7, 8, 'Vave', ''),
(787, 8, 8, 'Vave', ''),
(788, 8, 8, 'Viscon', '15'),
(789, 8, 8, 'Viscon', '30'),
(790, 1, 8, 'Xantid', '150 mg'),
(791, 4, 8, 'Xantid', '2 ml'),
(792, 1, 8, 'Xantid-hs', ''),
(793, 1, 8, 'Xcel Max', ''),
(794, 4, 8, 'Zitum', '250 mg'),
(795, 4, 8, 'Zitum', '500 mg'),
(796, 4, 8, 'zITUM', '1 g'),
(797, 1, 8, 'Glycolate', ''),
(798, 19, 8, 'Halosin', ''),
(799, 4, 8, 'Pentyl', '10 ml'),
(800, 4, 8, 'Pivacain D', ''),
(801, 4, 8, 'Pivacain-L', '0.0025'),
(802, 4, 8, 'Pivacain-L', '0.005'),
(803, 4, 8, 'Rapilax', ''),
(804, 4, 8, 'Stignal', ''),
(805, 4, 8, 'Thiopen', '1 g'),
(806, 4, 8, 'Thiopen', '500 mg'),
(807, 4, 8, 'Nalbutin 1', ''),
(808, 4, 8, 'Nalbutin 2', ''),
(809, 8, 8, 'Xylone plus', ''),
(810, 7, 8, 'Acicot', ''),
(811, 7, 8, 'Floxabit ', ''),
(812, 7, 8, 'Leflox', ''),
(813, 7, 8, 'Leflox TS', ''),
(814, 7, 8, 'Lotensin', ''),
(815, 7, 8, 'Mobifen', ''),
(816, 7, 8, 'Odazyth', ''),
(817, 7, 8, 'Rovidone', ''),
(818, 2, 8, 'Tioxil', ''),
(819, 1, 8, 'Abetis', '10 mg'),
(820, 1, 8, 'Abetis', '20 mg'),
(821, 1, 8, 'Abetis', '40 mg'),
(822, 1, 8, 'Abetis plus', ''),
(823, 1, 8, 'Abixa', '10 mg'),
(824, 1, 8, 'Adelax', ''),
(825, 1, 8, 'Angilat', '25 mg'),
(826, 1, 8, 'Angilat', '50 mg'),
(827, 4, 8, 'Angilat', '5 mg'),
(828, 1, 8, 'Antial ', '4 mg'),
(829, 1, 8, 'Antial ', '8 mg'),
(830, 1, 8, 'Antial ', '12 mg'),
(831, 1, 8, 'Atasin', '10 mg'),
(832, 1, 8, 'Atasin', '20 mg'),
(833, 1, 8, 'Atasin', '40 mg'),
(834, 1, 8, 'Atasin', '80 mg'),
(835, 1, 8, 'Avintol', '5 mg'),
(836, 1, 8, 'Bipinor', '2.5 mg'),
(837, 1, 8, 'Bipinor', '5 mg'),
(838, 3, 8, 'Brodil Levo', ''),
(839, 1, 8, 'Brodil Levo', '1 mg'),
(840, 1, 8, 'Brodil Levo', '2 mg'),
(841, 10, 8, 'Brodil', ''),
(842, 1, 8, 'Buterol', '10 mg'),
(843, 3, 8, 'Buterol', ''),
(844, 1, 8, 'Cab', '5 mg'),
(845, 4, 8, 'caloren', ''),
(846, 4, 8, 'Cardopa', '5 ml'),
(847, 1, 8, 'Cardual', '10'),
(848, 1, 8, 'Chear', '25 mg'),
(849, 1, 8, 'Chear', '50 mg'),
(850, 1, 8, 'Chear', '100 mg'),
(851, 1, 8, 'Citazar', '250 mg'),
(852, 1, 8, 'Citazar', '500 mg'),
(853, 1, 8, 'Clonium', '0.5 mg'),
(854, 1, 8, 'Clonium', '1 mg'),
(855, 1, 8, 'Clonium', '2 mg'),
(856, 1, 8, 'Clorel', '75 mg'),
(857, 1, 8, 'Clorel-A', ''),
(858, 10, 8, 'Combair', ''),
(859, 1, 8, 'Conart', '1 mg'),
(860, 1, 8, 'Diaset', '25 mg'),
(861, 1, 8, 'Diaset', '50 mg'),
(862, 1, 8, 'Diatag', '15 mg'),
(863, 1, 8, 'Diatag', '30 mg'),
(864, 1, 8, 'Diatag', '45 mg'),
(865, 1, 8, 'Diatag plus', '2'),
(866, 1, 8, 'Diatag plus', '4'),
(867, 1, 8, 'Dillup ', '20/50'),
(868, 1, 8, 'Dillup ', '40/50'),
(869, 4, 8, 'Dobumin', '20 ml'),
(870, 1, 8, 'Fluver', '5 mg'),
(871, 1, 8, 'Fluver', '10 mg'),
(872, 1, 8, 'Glimirid', '1 mg'),
(873, 1, 8, 'Glimirid', '2 mg'),
(874, 1, 8, 'Glimirid', '3 mg'),
(875, 1, 8, 'Glimirid', '4 mg'),
(876, 1, 8, 'Hemagrel', '10 mg'),
(877, 1, 8, 'Hemagrel', '5 mg'),
(878, 1, 8, 'Kaltide', ''),
(879, 1, 8, 'Lamitrin', '25 mg'),
(880, 1, 8, 'Lamitrin', '50 mg'),
(881, 1, 8, 'Litiam ER', ''),
(882, 1, 8, 'Lozide', '80 mg'),
(883, 1, 8, 'Memopil', '800 mg'),
(884, 3, 8, 'Memopil', ''),
(885, 1, 8, 'Metform', '500 mg'),
(886, 1, 8, 'Metform ER', '500 MG'),
(887, 1, 8, 'Metform', '850 mg'),
(888, 1, 8, 'Metform er', '1000 mg'),
(889, 1, 8, 'Moniten', '20 mg'),
(890, 1, 8, 'Pactorin', '2.6 mg'),
(891, 1, 8, 'Parixol', '88'),
(892, 1, 8, 'Parixol', '180'),
(893, 1, 8, 'Parotin', '10 mg'),
(894, 1, 8, 'Politor', '500 F/C'),
(895, 1, 8, 'Politor', '850 F/C'),
(896, 1, 8, 'Parotin', '20 MG'),
(897, 1, 8, 'Remophos', ''),
(898, 1, 8, 'Reversair', '10 mg'),
(899, 1, 8, 'Roglim', '1 mg'),
(900, 1, 8, 'Roglim', '2 mg'),
(901, 1, 8, 'Rosetor', '5'),
(902, 1, 8, 'Ros', '10'),
(903, 1, 8, 'Rotamin', '2 DS'),
(904, 1, 8, 'Rotamin', '4 DS'),
(905, 1, 8, 'Rotamin', '2 F/C'),
(906, 1, 8, 'Rotamin', '4 F/C'),
(907, 2, 8, 'Saolin MR', ''),
(908, 3, 8, 'Serontin', ''),
(909, 10, 8, 'Seroxyn', '25/125'),
(910, 10, 8, 'Seroxyn', '25/250'),
(911, 1, 8, 'Sodival', '200 mg'),
(912, 3, 8, 'Sodival', ''),
(913, 10, 8, 'Steradin', '100'),
(914, 10, 8, 'Steradin', '250'),
(915, 1, 8, 'Stril', '5 mg'),
(916, 1, 8, 'Tenocab', '25'),
(917, 1, 8, 'Tenocab', '50'),
(918, 1, 8, 'Tridopa', '100'),
(919, 1, 8, 'Tridopa', '200'),
(920, 1, 8, 'Tyrodin ', '30 mg'),
(921, 1, 8, 'Xytrex', '5 mg'),
(922, 1, 8, 'Xytrex', '10 mg'),
(923, 1, 8, 'Zepam ', '3 mg'),
(924, 4, 8, 'Diasulin', '40'),
(925, 4, 8, 'Diasulin', '100'),
(926, 4, 8, 'Diasulin', '40'),
(927, 4, 8, 'Diasulin', '100'),
(928, 4, 8, 'Diasulin 30/70', ''),
(929, 4, 8, 'Diasulin 30/70', '100'),
(930, 4, 8, 'Diasulin 50/50', '40'),
(931, 4, 8, 'Diasulin 50/50', '100'),
(932, 4, 8, 'Glarine', '100'),
(933, 1, 5, 'Acifix', ''),
(934, 3, 5, 'Aerovil', ''),
(935, 1, 5, 'Alphin  DS', ''),
(936, 1, 5, 'Amdocal', '5 mg'),
(937, 1, 5, 'Amdocal', '10 mg'),
(938, 1, 5, 'Antacid MAX', ''),
(939, 29, 5, 'Anustat', ''),
(940, 1, 5, 'Apresin', ''),
(941, 1, 5, 'Aristocal ', ''),
(942, 1, 5, 'Aristocal D', ''),
(943, 1, 5, 'Aristocal M', ''),
(944, 3, 5, 'Aristoferon', ''),
(945, 1, 5, 'Aristofol Fe', ''),
(946, 3, 5, 'Aristoplex', ''),
(947, 1, 5, 'Aristovit-B', ''),
(948, 1, 5, 'Aristovit-M', ''),
(949, 1, 5, 'Aristovit-X', ''),
(950, 4, 5, 'Arixon', '250 mg'),
(951, 4, 5, 'Arixon', '250 mg'),
(952, 4, 5, 'Arixon', '500 mg'),
(953, 4, 5, 'Arixon', '500 mg'),
(954, 4, 5, 'Arixon', '01 G'),
(955, 4, 5, 'Arixon', '01 G'),
(956, 4, 5, 'Arixon', '2 G'),
(957, 1, 5, 'Arlin', '400 mg'),
(958, 1, 5, 'Arlin', '600 mg'),
(959, 3, 5, 'Arlin', ''),
(960, 1, 5, 'Asccbex', ''),
(961, 29, 5, 'Atolimus', ''),
(962, 1, 5, 'Atralin', ''),
(963, 7, 5, 'Atrizin Ped.', ''),
(964, 1, 5, 'Atrizin ', ''),
(965, 1, 5, 'Avastin', ''),
(966, 1, 5, 'Avidro', '0.5 mg'),
(967, 1, 5, 'Avidro', '1.5 mg'),
(968, 1, 5, 'Avifanz', ''),
(969, 1, 5, 'Avifix', ''),
(970, 1, 5, 'Avilam', ''),
(971, 1, 5, 'Avitron V', ''),
(972, 1, 5, 'Axodin', '60 mg'),
(973, 1, 5, 'Axodin', '120 mg'),
(974, 1, 5, 'Axodin', '180 mg'),
(975, 3, 5, 'Axodin', ''),
(976, 2, 5, 'Azithrocin', ''),
(977, 1, 5, 'Azithrocin', '500 mg'),
(978, 3, 5, 'Azithrocin', ''),
(979, 1, 5, 'Azmasol', '2 mg'),
(980, 1, 5, 'Azmasol', '4 mg'),
(981, 10, 5, 'Azmasol', ''),
(982, 10, 5, 'Azmasol', ''),
(983, 10, 5, 'Azmasol', '300 mg'),
(984, 19, 5, 'Azmasol', ''),
(985, 1, 5, 'Bexidal', ''),
(986, 1, 5, 'Bextram ', ''),
(987, 1, 5, 'Bextram Gold', ''),
(988, 3, 5, 'Bextram KIDZ', ''),
(989, 1, 5, 'Bextram Silver', ''),
(990, 3, 5, 'Bronkolax', ''),
(991, 8, 5, 'Burnsil', ''),
(992, 16, 5, 'Candoral', ''),
(993, 1, 5, 'Cardopril', '25'),
(994, 1, 5, 'Carni1', ''),
(995, 1, 5, 'Carocet', ''),
(996, 2, 5, 'Carofol-Z', ''),
(997, 3, 5, 'Cefida', ''),
(998, 2, 5, 'Cephalen', ''),
(999, 2, 5, 'Cephalen', '500 mg'),
(1000, 3, 5, 'Cephalen', ''),
(1001, 1, 5, 'Cer4in', ''),
(1002, 2, 5, 'Clobex', ''),
(1003, 3, 5, 'Clobex', ''),
(1004, 8, 5, 'Cosmotrin', ''),
(1005, 2, 5, 'Cox B', '100'),
(1006, 2, 5, 'Cox B', '200'),
(1007, 1, 5, 'Curin', ''),
(1008, 14, 5, 'Decomit', ''),
(1009, 1, 5, 'Deflux', ''),
(1010, 1, 5, 'Deflux-DT', ''),
(1011, 7, 5, 'DefluX', ''),
(1012, 3, 5, 'DefluX', ''),
(1013, 1, 5, 'Dexifen', '200'),
(1014, 1, 5, 'Dexifen', '300'),
(1015, 1, 5, 'Dexifen', '400'),
(1016, 3, 5, 'Dexifen', ''),
(1017, 3, 5, 'Dextromethorphan', ''),
(1018, 1, 5, 'Diavix', ''),
(1019, 1, 5, 'Dinovo', '375/20'),
(1020, 1, 5, 'Dinovo', '500/20'),
(1021, 8, 5, 'Ecotrim', ''),
(1022, 2, 5, 'Efol ER', ''),
(1023, 1, 5, 'Emonium', ''),
(1024, 4, 5, 'Emonium', '2 ml'),
(1025, 1, 5, 'Epilep', ''),
(1026, 1, 5, 'Epilep-CR', ''),
(1027, 1, 5, 'Epilep', '300 mg'),
(1028, 1, 5, 'Etrocin', ''),
(1029, 1, 5, 'Etrocin', '500 mg'),
(1030, 3, 5, 'Etrocin', ''),
(1031, 8, 5, 'Eukrim', ''),
(1032, 1, 5, 'Evo', '250 mg'),
(1033, 1, 5, 'Evo', '500 mg'),
(1034, 1, 5, 'Evo', '750 mg'),
(1035, 19, 5, 'Evo', ''),
(1036, 8, 5, 'Exovate', ''),
(1037, 8, 5, 'Exovate N', ''),
(1038, 29, 5, 'Exovate ', ''),
(1039, 2, 5, 'Fenamic', ''),
(1040, 1, 5, 'Fenamic', '500 mg'),
(1041, 3, 5, 'Fenamic', ''),
(1042, 1, 5, 'Fertil', ''),
(1043, 1, 5, 'Filmet', '200 mg'),
(1044, 1, 5, 'Filmet', '400 mg'),
(1045, 1, 5, 'Filmet DS', ''),
(1046, 3, 5, 'Filmet ', ''),
(1047, 3, 5, 'Filmet DS', ''),
(1048, 2, 5, 'Flubex', ''),
(1049, 2, 5, 'Flubex', '500 mg'),
(1050, 3, 5, 'Flubex', ''),
(1051, 3, 5, 'Flubex DS', ''),
(1052, 1, 5, 'Flurium', '5 mg'),
(1053, 1, 5, 'Flurium', '10 mg'),
(1054, 1, 5, 'Formula-E', ''),
(1055, 1, 5, 'Frenxit', ''),
(1056, 3, 5, 'Fungistin', ''),
(1057, 8, 5, 'Furasep', ''),
(1058, 29, 5, 'Fusidic Plus', ''),
(1059, 1, 5, 'Gastalfet', ''),
(1060, 8, 5, 'Gentosep', ''),
(1061, 8, 5, 'Icykool', ''),
(1062, 8, 5, 'Icykool Max', ''),
(1063, 1, 5, 'Inarzin', ''),
(1064, 2, 5, 'Intracef', '250 mg'),
(1065, 2, 5, 'Intracef', '500 mg'),
(1066, 7, 5, 'Intracef', ''),
(1067, 3, 5, 'Intracef', ''),
(1068, 3, 5, 'Intracef DS', ''),
(1069, 1, 5, 'Isofloxin', ''),
(1070, 1, 5, '4era', '6 mg'),
(1071, 1, 5, 'Jointec Plus', ''),
(1072, 1, 5, 'Keolax', ''),
(1073, 1, 5, 'Labeta', '100 mg'),
(1074, 1, 5, 'Labeta', '200 mg'),
(1075, 1, 5, 'Lactameal', ''),
(1076, 3, 5, 'Lactameal', ''),
(1077, 29, 5, 'Limo16', ''),
(1078, 1, 5, 'Lonet', '50 mg'),
(1079, 1, 5, 'Lospan', '10 mg'),
(1080, 1, 5, 'Lospan', '25 mg'),
(1081, 1, 5, 'Loverin', ''),
(1082, 3, 5, 'Loverin', ''),
(1083, 2, 5, 'Lucidol', ''),
(1084, 4, 5, 'Lucidol', ''),
(1085, 5, 5, 'Lucidol', ''),
(1086, 4, 5, 'Maxidim', '250 mg'),
(1087, 4, 5, 'Maxidim', '500 mg'),
(1088, 4, 5, 'Maxidim', '1 g'),
(1089, 2, 5, 'Megadox', ''),
(1090, 1, 5, 'Megatrim DS', ''),
(1091, 3, 5, 'Megatrim ', ''),
(1092, 1, 5, 'Melev', '20 gm'),
(1093, 3, 5, 'Melphin', ''),
(1094, 1, 5, 'Misopa', '100 mg'),
(1095, 1, 5, 'Misopa', '200 mg'),
(1096, 1, 5, 'Misopa', '600 mg'),
(1097, 1, 5, 'Mobicam', ''),
(1098, 2, 5, 'Modipran', ''),
(1099, 1, 5, 'Momento', ''),
(1100, 3, 5, 'Momento', ''),
(1101, 1, 5, 'Momvit', ''),
(1102, 1, 5, 'Momvit Plus', ''),
(1103, 7, 5, 'Mucosol', ''),
(1104, 3, 5, 'Mucosol', ''),
(1105, 19, 5, 'Mucomist', ''),
(1106, 5, 5, 'Napa', '60 mg'),
(1107, 5, 5, 'Napa', '125 mg'),
(1108, 5, 5, 'Napa', '250 mg'),
(1109, 5, 5, 'Napa', '500 mg'),
(1110, 1, 5, 'Napa', ''),
(1111, 1, 5, 'Napa DT', ''),
(1112, 1, 5, 'Napa Extend', ''),
(1113, 1, 5, 'Napa Extra', ''),
(1114, 7, 5, 'Napa', ''),
(1115, 3, 5, 'Napa', ''),
(1116, 3, 5, 'Napa', ''),
(1117, 1, 5, 'Napadol', ''),
(1118, 1, 5, 'NapaSoft', ''),
(1119, 14, 5, 'Nazolin', ''),
(1120, 3, 5, 'Nebactil', ''),
(1121, 1, 5, 'Neoceptin-R', '150 mg'),
(1122, 1, 5, 'Neoceptin-R', '300 mg'),
(1123, 3, 5, 'Neoceptin-R', ''),
(1124, 4, 5, 'Neoceptin-R', '2 ml'),
(1125, 7, 5, 'Neodrop', ''),
(1126, 1, 5, 'Neofloxin', ''),
(1127, 1, 5, 'Neofloxin', '500 mg'),
(1128, 1, 5, 'Neofloxin', '750 mg'),
(1129, 1, 5, 'Neofloxin-XR', ''),
(1130, 1, 5, 'Neofloxin-XR', '1000 mg'),
(1131, 3, 5, 'Neofloxin', ''),
(1132, 1, 5, 'NeoKit', ''),
(1133, 8, 5, 'Neosten', ''),
(1134, 8, 5, 'Neosten HC', ''),
(1135, 1, 5, 'Neosten VT', ''),
(1136, 1, 5, 'Neurocare', ''),
(1137, 1, 5, 'Nightus', ''),
(1138, 3, 5, 'Nitaxide', ''),
(1139, 1, 5, 'Nitaxide', ''),
(1140, 3, 5, 'Nokof', ''),
(1141, 3, 5, 'Nokof DS', ''),
(1142, 8, 5, 'Noscab', ''),
(1143, 1, 5, 'Nuprafen', ''),
(1144, 1, 5, 'Nuprafen', '500 mg'),
(1145, 2, 5, 'Omastin', ''),
(1146, 2, 5, 'Omastin', '150 mg'),
(1147, 3, 5, 'Omastin', ''),
(1148, 1, 5, 'Onsat', '8 mg'),
(1149, 4, 5, 'Onsat', '4 ml'),
(1150, 1, 5, 'Opton', ''),
(1151, 1, 5, 'Opton', '40 mg'),
(1152, 1, 5, 'Orpan', ''),
(1153, 2, 5, 'Oseflu', ''),
(1154, 1, 5, 'Pantobex', '20 mg'),
(1155, 1, 5, 'Pantobex', '40 mg'),
(1156, 3, 5, 'Pedeamin', ''),
(1157, 1, 5, 'Pericam', '5 gm'),
(1158, 1, 5, 'Pericam', '10 gm'),
(1159, 14, 5, 'Perinase', ''),
(1160, 2, 5, 'Pregvit', ''),
(1161, 1, 5, 'Pretin', ''),
(1162, 1, 5, 'Pretin-D', ''),
(1163, 2, 5, 'Proceptin', '20 mg'),
(1164, 2, 5, 'Proceptin', '40 mg'),
(1165, 3, 5, 'Promezin', ''),
(1166, 1, 5, 'Prosan', '25 mg'),
(1167, 1, 5, 'Prosan', '50 mg'),
(1168, 1, 5, 'Prosan HZ', ''),
(1169, 1, 5, 'Prosan HZ', '100/125'),
(1170, 1, 5, 'Prosan HZ', '100/25'),
(1171, 1, 5, 'Prosfin', ''),
(1172, 2, 5, 'Protolan', '15 mg'),
(1173, 2, 5, 'Protolan', '30 mg'),
(1174, 3, 5, 'Prudex', ''),
(1175, 29, 5, 'Q-Rash', ''),
(1176, 1, 5, 'Recur', ''),
(1177, 1, 5, 'Relentus', ''),
(1178, 1, 5, 'Repitol', '0.25 mg'),
(1179, 1, 5, 'Repitol', '2 mg'),
(1180, 1, 5, 'Respira', '1 mg'),
(1181, 1, 5, 'Respira', '2 mg'),
(1182, 3, 5, 'Respira', ''),
(1183, 1, 5, 'Reumafen', '200 mg'),
(1184, 1, 5, 'Reumafen', '400 mg'),
(1185, 3, 5, 'Reumafen', ''),
(1186, 1, 5, 'Ribox', '60 mg'),
(1187, 1, 5, 'Ribox', '90 mg'),
(1188, 1, 5, 'Ribox', '120 mg'),
(1189, 1, 5, 'Rostil', ''),
(1190, 1, 5, 'S-Clon', '1 mg'),
(1191, 1, 5, 'S-Clon', '2 mg'),
(1192, 1, 5, 'Sensipin', ''),
(1193, 19, 5, 'Serelose', ''),
(1194, 1, 5, 'Seropam', '5 mg'),
(1195, 1, 5, 'Seropam', '10 mg'),
(1196, 8, 5, 'Soritene', ''),
(1197, 1, 5, 'Spanil', ''),
(1198, 1, 5, 'Sparlin', ''),
(1199, 3, 5, 'Spulyt', ''),
(1200, 1, 5, 'Tamona', '10 mg'),
(1201, 1, 5, 'Tamona', '20 mg'),
(1202, 1, 5, 'Taverin', ''),
(1203, 8, 5, 'Tenafin', ''),
(1204, 1, 5, 'Terbex', ''),
(1205, 8, 5, 'Terbex', ''),
(1206, 4, 5, 'Tetracef', '500 mg'),
(1207, 4, 5, 'Tetracef', '1 g'),
(1208, 4, 5, 'Tetracef', '2 g'),
(1209, 1, 5, 'Tofen', ''),
(1210, 3, 5, 'Tofen', ''),
(1211, 1, 5, 'Tolmic', ''),
(1212, 2, 5, 'Triocim', ''),
(1213, 2, 5, 'Triocim', '400 mg'),
(1214, 3, 5, 'Triocim', ''),
(1215, 3, 5, 'Triocim DS', ''),
(1216, 1, 5, 'Triovix', ''),
(1217, 3, 5, 'Tripec', ''),
(1218, 4, 5, 'Turbocef', '750 mg'),
(1219, 4, 5, 'Turbocef', '1.5 g'),
(1220, 1, 5, 'Turbocef', '250 mg'),
(1221, 1, 5, 'Turbocef', '500 mg'),
(1222, 2, 5, 'Tycil', ''),
(1223, 2, 5, 'Tycil', '500 mg'),
(1224, 7, 5, 'Tycil', ''),
(1225, 3, 5, 'Tycil', ''),
(1226, 3, 5, 'Tycil DS', ''),
(1227, 7, 5, 'Tynisol', ''),
(1228, 4, 5, 'Ultrafen', '3 ml'),
(1229, 4, 5, 'Ultrafen Extra', '2 ml'),
(1230, 5, 5, 'Ultrafen', '12.5 mg'),
(1231, 5, 5, 'Ultrafen', '50 mg'),
(1232, 1, 5, 'Ultrafen', '25 mg'),
(1233, 1, 5, 'Ultrafen', '50 mg'),
(1234, 1, 5, 'Ultrafen Plus', ''),
(1235, 1, 5, 'Ultrafen Plus', '75 mg'),
(1236, 1, 5, 'Ultrafen SR', '100 mg'),
(1237, 16, 5, 'Ultrafen ', ''),
(1238, 1, 5, 'Uricon', ''),
(1239, 2, 5, 'Uroflo', ''),
(1240, 4, 5, 'Veniron', ''),
(1241, 7, 5, 'Vercef', ''),
(1242, 3, 5, 'Vercef', ''),
(1243, 3, 5, 'Vercef DS', ''),
(1244, 3, 5, 'Vitonic', ''),
(1245, 2, 5, 'V4is', ''),
(1246, 1, 5, 'Vomec', ''),
(1247, 1, 5, 'Vomec Plus', ''),
(1248, 1, 5, 'Xegal', ''),
(1249, 1, 5, 'Xetril', '0.5 mg'),
(1250, 1, 5, 'Xetril', '2 mg'),
(1251, 4, 5, 'Xidolac', '10 mg'),
(1252, 4, 5, 'Xidolac', '30 mg'),
(1253, 1, 5, 'Xidolac', ''),
(1254, 2, 5, 'Xynofen', '100 sr'),
(1255, 1, 5, 'Xynor', ''),
(1256, 1, 5, 'Yamadin', '20 mg'),
(1257, 1, 5, 'Yamadin', '40 mg'),
(1258, 3, 5, 'Zedex DS', ''),
(1259, 3, 5, 'Zedex Max', ''),
(1260, 3, 5, 'Zilapro', ''),
(1261, 1, 5, 'Zocil', '50 mg'),
(1262, 1, 5, 'Zocil', '100 mg'),
(1263, 1, 5, 'Zolax', '0.25 mg'),
(1264, 1, 5, 'Zolax', ''),
(1265, 1, 5, 'Zolfin', ''),
(1266, 1, 5, 'Zymet', ''),
(1267, 4, 5, 'Evo', ''),
(1268, 4, 5, 'Filmet', ''),
(1269, 4, 5, 'Nalepsin', ''),
(1270, 4, 5, 'Napa', ''),
(1271, 4, 5, 'Neoceptin-R', ''),
(1272, 4, 5, 'Neofloxin', ''),
(1273, 4, 5, 'Nutrimin', ''),
(1274, 4, 5, 'Nutrimin D', ''),
(1275, 10, 5, 'Aernid', '200 mg'),
(1276, 1, 5, 'Amdocal Plus', '25 mg'),
(1277, 1, 5, 'Amdocal Plus', '50 mg'),
(1278, 1, 5, 'Amdova', ''),
(1279, 1, 5, 'Atova', '10 mg'),
(1280, 1, 5, 'Atova', '20 mg'),
(1281, 1, 5, 'Atova', '40 mg'),
(1282, 2, 5, 'Azmasol 2', ''),
(1283, 1, 5, 'Bexihaler', ''),
(1284, 10, 5, 'Bexitrol', ''),
(1285, 10, 5, 'Bexitrol-F ', '25/50 mg'),
(1286, 10, 5, 'Bexitrol-F ', '25/125 mg'),
(1287, 10, 5, 'Bexitrol-F ', '25/250 mg'),
(1288, 2, 5, 'Bexitrol-F ', '50/100 mg'),
(1289, 2, 5, 'Bexitrol-F ', '50/250 mg'),
(1290, 2, 5, 'Bexitrol-F ', '50/500 mg'),
(1291, 1, 5, 'Bizoran', ''),
(1292, 19, 5, 'Bricasol', ''),
(1293, 10, 5, 'Cesoride', '80 mg'),
(1294, 10, 5, 'Cesoride', '160 mg'),
(1295, 1, 5, 'CoDiaglit', '500 mg'),
(1296, 1, 5, 'CoDiaglit', '850 mg'),
(1297, 10, 5, 'Decomit', '50 mg'),
(1298, 10, 5, 'Decomit', '100 mg'),
(1299, 1, 5, 'Diactin', ''),
(1300, 1, 5, 'Diaglit', '15 mg'),
(1301, 1, 5, 'Diaglit', '30 mg'),
(1302, 1, 5, 'Diapro', ''),
(1303, 1, 5, 'Diaryl', '1 mg'),
(1304, 1, 5, 'Diaryl', '2 mg'),
(1305, 1, 5, 'Diaryl', '3 mg'),
(1306, 1, 5, 'Dilapress', '6.25 mg'),
(1307, 1, 5, 'Dilapress', '12.5 mg'),
(1308, 1, 5, 'Dilapress', '25 mg'),
(1309, 1, 5, 'Enaril', '5 mg'),
(1310, 1, 5, 'Ezeta', ''),
(1311, 1, 5, 'Glipita', '50 mg'),
(1312, 1, 5, 'Glipita', '100 mg'),
(1313, 1, 5, 'Glipita M', '50/500 mg'),
(1314, 1, 5, 'Glipita M', '50/1000'),
(1315, 1, 5, 'Informet', '500 mg'),
(1316, 1, 5, 'Informet', '850 mg'),
(1317, 1, 5, 'Informat LA', ''),
(1318, 10, 5, 'Ipramid', ''),
(1319, 19, 5, 'Ipramid', ''),
(1320, 10, 5, 'Iqrasol', ''),
(1321, 19, 5, 'Iqrasol', ''),
(1322, 1, 5, 'Larnox LA', ''),
(1323, 2, 5, 'Lofat', ''),
(1324, 19, 5, 'Lopidam', '370 mg'),
(1325, 1, 5, 'Metoprol XL', '50 mg'),
(1326, 1, 5, 'Metoprol XL', '100 mg'),
(1327, 1, 5, 'Monocast', '4 mg'),
(1328, 1, 5, 'Monocast', '5 mg'),
(1329, 1, 5, 'Monocast', '10 mg'),
(1330, 14, 5, 'Naspomet', ''),
(1331, 1, 5, 'Neopril', '5 mg'),
(1332, 14, 5, 'Nitrosol', ''),
(1333, 1, 5, 'Ordel', ''),
(1334, 1, 5, 'Ordel Plus', ''),
(1335, 1, 5, 'Olmesan', '20 mg'),
(1336, 1, 5, 'Olmesan', '40 mg'),
(1337, 1, 5, 'Olmesan Plus', ''),
(1338, 14, 5, 'Olopan', ''),
(1339, 1, 5, 'Pacet', '100 mg'),
(1340, 1, 5, 'Pacet', '200 mg'),
(1341, 1, 5, 'Prasuva', '5 mg'),
(1342, 1, 5, 'Prasuva', '10 mg'),
(1343, 1, 5, 'Premil', '0.5 mg'),
(1344, 1, 5, 'Premil', '1 mg'),
(1345, 1, 5, 'Premil', '2 mg'),
(1346, 2, 5, 'Primace', '1.25 mg'),
(1347, 2, 5, 'Primace', '2.5 mg'),
(1348, 2, 5, 'Primace', '5 mg'),
(1349, 1, 5, 'Resitone', ''),
(1350, 1, 5, 'Resitone Plus', ''),
(1351, 1, 5, 'Rosutin', '5 mg'),
(1352, 1, 5, 'Rosutin', '10 mg'),
(1353, 2, 5, 'Symbion', '6/100 mg'),
(1354, 2, 5, 'Symbion', '6/200 mg'),
(1355, 1, 5, 'Thalin', ''),
(1356, 7, 5, 'Alastine', ''),
(1357, 7, 5, 'Chlormet', ''),
(1358, 7, 5, 'Cinarex', ''),
(1359, 7, 5, 'Contra', ''),
(1360, 7, 5, 'Evo', ''),
(1361, 7, 5, 'Evo TS', ''),
(1362, 7, 5, 'Glucovis', ''),
(1363, 7, 5, 'Hypersol', ''),
(1364, 7, 5, 'Hyprosol', ''),
(1365, 7, 5, 'Inflavis', ''),
(1366, 7, 5, 'Intramol', ''),
(1367, 7, 5, 'Mydrate', ''),
(1368, 7, 5, 'Neofloxin', ''),
(1369, 7, 5, 'Ocutrex', ''),
(1370, 7, 5, 'Odycin', ''),
(1371, 7, 5, 'Olopan', ''),
(1372, 7, 5, 'Olopan DS', ''),
(1373, 7, 5, 'Saloride', ''),
(1374, 7, 5, 'Tearex', ''),
(1375, 7, 5, 'Tearon', ''),
(1376, 7, 5, 'Tofen', ''),
(1377, 7, 5, 'Xegal', ''),
(1378, 7, 5, 'Xidolac', ''),
(1379, 7, 5, 'Xalanol', ''),
(1380, 7, 5, 'Xalaptost', ''),
(1381, 1, 17, 'Azimex', '250'),
(1382, 1, 17, 'Azimex', '500'),
(1383, 3, 17, 'Azimex Dry', '15ml'),
(1384, 3, 17, 'Azimex Dry', '30ml'),
(1385, 2, 17, 'Cefalex', ''),
(1386, 3, 17, 'Cefalex Dry', '100ml'),
(1387, 2, 17, 'Cloxpen', ''),
(1388, 1, 17, 'Ciprozid', ''),
(1389, 1, 17, 'Ciprozid-DS', ''),
(1390, 1, 17, 'Ciprozid', '750'),
(1391, 1, 17, 'Ciprozid-XR', '1000'),
(1392, 5, 17, 'Ciprozid', '60ml'),
(1393, 1, 17, 'Ceforan', ''),
(1394, 2, 17, 'Ceforan', '200'),
(1395, 2, 17, 'Ceforan', ''),
(1396, 5, 17, 'Ceforan', '50ml'),
(1397, 5, 17, 'Ceforan', '100ml'),
(1398, 5, 17, 'Ceforan-DS', ''),
(1399, 1, 17, 'Clarin', ''),
(1400, 1, 17, 'Clarin', '500'),
(1401, 2, 17, 'Dicef', '250'),
(1402, 2, 17, 'Dicef', '500'),
(1403, 3, 17, 'Dicef', '100ml'),
(1404, 3, 17, 'Dicef Forte', '100ml'),
(1405, 7, 17, 'Dicef Paediatric', '15ml'),
(1406, 2, 17, 'Dalacin', '300'),
(1407, 2, 17, 'Demoxil', '250'),
(1408, 2, 17, 'Demoxil', '500'),
(1409, 3, 17, 'Demoxil Dry', '100ml'),
(1410, 3, 17, 'Demoxiclave', ''),
(1411, 3, 17, 'Demoxiclave Forte', ''),
(1412, 5, 17, 'Demoxil-DS', ''),
(1413, 1, 17, 'Demoxiclave', '375'),
(1414, 1, 17, 'Demoxiclave', '625'),
(1415, 1, 17, 'Erybac', '250'),
(1416, 1, 17, 'Erybac', '500'),
(1417, 3, 17, 'Ertbac Dry', ''),
(1418, 2, 17, 'Flunac', '150'),
(1419, 2, 17, 'Flunac', '50'),
(1420, 5, 17, 'Flunac', '35ml'),
(1421, 2, 17, 'Flupen', '250'),
(1422, 2, 17, 'Flupen', '500'),
(1423, 3, 17, 'Flupen Dry', ''),
(1424, 1, 17, 'Furex', ''),
(1425, 3, 17, 'Furex Dry', ''),
(1426, 1, 17, 'Furex', '500'),
(1427, 2, 17, 'Gynomix', ''),
(1428, 1, 17, '16cin', ''),
(1429, 1, 17, 'Levoflox', '500'),
(1430, 1, 17, 'Levoflox', '750'),
(1431, 1, 17, 'Novirax', '200'),
(1432, 1, 17, 'Novirax', '400'),
(1433, 1, 17, 'Nitanid', '500mg'),
(1434, 1, 17, 'Oflacin', '200'),
(1435, 1, 17, 'Oflacin', '400'),
(1436, 1, 17, 'Peflox', ''),
(1437, 2, 17, 'Sefanid', ''),
(1438, 3, 17, 'Sefanid Dry', ''),
(1439, 1, 17, 'Sparonex', ''),
(1440, 2, 17, 'T-cef', ''),
(1441, 2, 17, 'T-cef', '400mg'),
(1442, 3, 17, 'T-cef Dry', ''),
(1443, 1, 17, 'T-cef DS', ''),
(1444, 1, 17, 'Vitamin A-Forte', ''),
(1445, 2, 17, 'Cod', ''),
(1446, 1, 17, 'Caldil', ''),
(1447, 1, 17, 'Caldil Plus', ''),
(1448, 2, 17, 'E-2', '200'),
(1449, 2, 17, 'E-2', '400'),
(1450, 2, 17, 'E-2 Plus', ''),
(1451, 1, 17, 'Mecolin', ''),
(1452, 2, 17, 'Suprative Soft', ''),
(1453, 1, 17, 'Supra-B', ''),
(1454, 1, 17, 'Supravit-M', ''),
(1455, 1, 17, 'Supravit-PN', ''),
(1456, 2, 17, 'Suravit-G', ''),
(1457, 3, 17, 'Supralex', ''),
(1458, 3, 17, 'Supra-Z', ''),
(1459, 3, 17, 'Supra Gold', ''),
(1460, 2, 17, 'Rationol Forte', ''),
(1461, 2, 17, 'Tanox Soft', ''),
(1462, 1, 17, 'Tanox Plus', ''),
(1463, 2, 17, 'Lunox Soft', ''),
(1464, 1, 17, 'Acepril', '10'),
(1465, 1, 17, 'Acepril', '5'),
(1466, 1, 17, 'Amlocard', '5'),
(1467, 1, 17, 'Amlocard', '10'),
(1468, 1, 17, 'Amlocard Plus', '25'),
(1469, 1, 17, 'Amlocard Plus', '50'),
(1470, 1, 17, 'Angicard', ''),
(1471, 1, 17, 'Acetor', ''),
(1472, 1, 17, 'AV', '5mg'),
(1473, 1, 17, 'AV', '10mg'),
(1474, 1, 17, 'Betaloc', ''),
(1475, 1, 17, 'Betaloc', '25'),
(1476, 1, 17, 'Betaloc XR', '50'),
(1477, 1, 17, 'Betaloc XR', '100'),
(1478, 1, 17, 'Cardizem', '30'),
(1479, 1, 17, 'Cardizem', '60'),
(1480, 1, 17, 'Cardizem SR', '90'),
(1481, 1, 17, 'Cardival', ''),
(1482, 1, 17, 'Cardival Plus', '80'),
(1483, 1, 17, 'Cardival Plus', '160'),
(1484, 1, 17, 'Cardizem-SR', '120'),
(1485, 1, 17, 'Camiton', ''),
(1486, 1, 17, 'Cardiron', ''),
(1487, 1, 17, 'Clopid', ''),
(1488, 1, 17, 'Clopid As', ''),
(1489, 1, 17, 'Cavilon', '12..5'),
(1490, 1, 17, 'Disartan', ''),
(1491, 1, 17, 'Divastin', ''),
(1492, 1, 17, 'Divastin', '20'),
(1493, 1, 17, 'Divastin', '40'),
(1494, 1, 17, 'Divastin Plus', ''),
(1495, 1, 17, 'Digoxen', '0.1'),
(1496, 1, 17, 'Digoxen', '0.2'),
(1497, 1, 17, 'Diretic', ''),
(1498, 1, 17, 'Diretic Ds', ''),
(1499, 1, 17, 'Fenatrol', ''),
(1500, 1, 17, 'Indapa-SR', ''),
(1501, 1, 17, 'L-cardin', '2mg'),
(1502, 1, 17, 'L-cardin', '4mg'),
(1503, 1, 17, 'Losardil', '25'),
(1504, 1, 17, 'Losardil', '50'),
(1505, 1, 17, 'Losardil', '25/12.5'),
(1506, 1, 17, 'Losardil', '100mg'),
(1507, 1, 17, 'Losardil Plus', '100/12.5'),
(1508, 1, 17, 'Losardil Plus', '100mg'),
(1509, 1, 17, 'Luretic', '2.5'),
(1510, 1, 17, 'Luretic', '5'),
(1511, 1, 17, 'Monocard', ''),
(1512, 1, 17, 'Monocard-SR', ''),
(1513, 2, 17, 'Nife2', '10mg'),
(1514, 2, 17, 'OMG-3', ''),
(1515, 1, 17, 'Prapid', '5mg'),
(1516, 1, 17, 'Prapid', '10mg'),
(1517, 1, 17, 'Nidocard Retard', '6.4'),
(1518, 14, 17, 'Nidocard', ''),
(1519, 1, 17, 'Niapid', ''),
(1520, 1, 17, 'Novastin', '10mg'),
(1521, 1, 17, 'Romicard', '2.5'),
(1522, 1, 17, 'Romicard', '5'),
(1523, 1, 17, 'Romicard', '2.5'),
(1524, 1, 17, 'Romicard Plus', '2.5'),
(1525, 1, 17, 'Romicard Plus', '5'),
(1526, 1, 17, 'Rostatin', '10mg'),
(1527, 1, 17, 'Spiretic', ''),
(1528, 1, 17, 'Trimet', ''),
(1529, 1, 17, 'Trimet-MR', ''),
(1530, 1, 17, 'tenibis', '5'),
(1531, 1, 17, 'tenibis', '2.5'),
(1532, 1, 17, 'Olmetic', ''),
(1533, 1, 17, 'Olmetic Plus', ''),
(1534, 2, 17, 'Ferospan', ''),
(1535, 1, 17, 'Ferozi', ''),
(1536, 3, 17, 'Ziton', ''),
(1537, 2, 17, 'Cosec', '20'),
(1538, 2, 17, 'Cosec', '40'),
(1539, 1, 17, 'Famotid', '20'),
(1540, 1, 17, 'Famotid', '40'),
(1541, 5, 17, '16udrox-HS', ''),
(1542, 2, 17, 'Lansec', ''),
(1543, 1, 17, 'Meverine', ''),
(1544, 2, 17, 'Meverine-SR', ''),
(1545, 1, 17, 'Paridon', ''),
(1546, 5, 17, 'Paridon', ''),
(1547, 1, 17, 'Pansec', ''),
(1548, 1, 17, 'Pansec', '40'),
(1549, 1, 17, 'Pronex', ''),
(1550, 1, 17, 'Pronex', '40'),
(1551, 1, 17, 'Rabesec', '20mg'),
(1552, 1, 17, 'Ulcar', '150'),
(1553, 1, 17, 'Ulcar', '300'),
(1554, 2, 17, 'Bufen-SR', ''),
(1555, 1, 17, 'Diproxen', '250'),
(1556, 1, 17, 'Diproxen', '500'),
(1557, 1, 17, 'Diproxen-CR', '500'),
(1558, 1, 17, 'Fenaton', ''),
(1559, 1, 17, 'Nopain', '25'),
(1560, 1, 17, 'Nopain', '50'),
(1561, 1, 17, 'Nopain Extra', ''),
(1562, 1, 17, 'Nopain Extra', '75'),
(1563, 1, 17, 'Nofenac', ''),
(1564, 1, 17, 'Napsec', '500'),
(1565, 1, 17, 'Napsec', '375'),
(1566, 1, 17, 'Pair', '10mg'),
(1567, 1, 17, 'Dialiptin', ''),
(1568, 1, 17, 'Dialiptin-M', '500'),
(1569, 1, 17, 'Dialiptin-M', '850'),
(1570, 1, 17, 'Dimerol', ''),
(1571, 1, 17, 'Dimerol-MR', ''),
(1572, 1, 17, 'Glimet', '1'),
(1573, 1, 17, 'Glimerol', '5'),
(1574, 1, 17, 'Limpet', '1'),
(1575, 1, 17, 'Limpet', '2'),
(1576, 1, 17, 'Limpet', '3'),
(1577, 1, 17, 'Limpet', '4'),
(1578, 1, 17, 'Neuropen', ''),
(1579, 1, 17, 'Oramet', ''),
(1580, 1, 17, 'Oramet-SR', ''),
(1581, 1, 17, 'Oramet', '500'),
(1582, 1, 17, 'Oramet-Plus', ''),
(1583, 1, 17, 'Piozena', '15'),
(1584, 1, 17, 'Piozena', '30'),
(1585, 1, 17, 'Piozena', '15/500'),
(1586, 1, 17, 'Piozena', '15/850'),
(1587, 1, 17, 'Romerol', '2'),
(1588, 1, 17, 'Romerol', '4'),
(1589, 1, 17, 'Sliptin', ''),
(1590, 1, 17, 'Sliptin-M', '500'),
(1591, 1, 17, 'Aslor', ''),
(1592, 1, 17, 'Cetrin', ''),
(1593, 1, 17, 'Clarigen', ''),
(1594, 1, 17, 'Fenat', ''),
(1595, 3, 17, 'Fenat', ''),
(1596, 1, 17, 'Fexofast', '120'),
(1597, 1, 17, 'Fexofast', '180'),
(1598, 3, 17, 'Fexofast', ''),
(1599, 1, 17, 'Lorat', ''),
(1600, 1, 17, 'M-Kast', '10mg'),
(1601, 1, 17, 'M-Kast', '5mg'),
(1602, 1, 17, 'M-Kast', '4mg'),
(1603, 1, 17, 'Theovent-SR', '400'),
(1604, 1, 17, 'Theovent-SR', '300'),
(1605, 1, 17, 'Theovent-SR', '200'),
(1606, 1, 17, 'Breton', ''),
(1607, 3, 17, 'Breton', ''),
(1608, 3, 17, 'Broncomet', ''),
(1609, 2, 17, 'theovent', ''),
(1610, 1, 17, 'Albasine', ''),
(1611, 1, 17, 'Carniten', ''),
(1612, 1, 17, 'D-Dopa', '110'),
(1613, 1, 17, 'D-Dopa-Plus', ''),
(1614, 2, 17, 'Dicaltrol', ''),
(1615, 1, 17, 'Diconten', ''),
(1616, 3, 17, 'D-Lac', ''),
(1617, 3, 17, 'D-Lac', ''),
(1618, 1, 17, 'Dutamax', ''),
(1619, 1, 17, 'D-Fen', '1.5'),
(1620, 1, 17, 'D-Fen', '0.5'),
(1621, 1, 17, 'D-Toin', ''),
(1622, 1, 17, 'Entavir', '0.5'),
(1623, 1, 17, 'Entavir', '1'),
(1624, 1, 17, 'Feripon', ''),
(1625, 1, 17, 'Glucotin Plus', ''),
(1626, 5, 17, 'Infesen', ''),
(1627, 1, 17, 'Infesen', ''),
(1628, 2, 17, 'I-2', ''),
(1629, 1, 17, 'Lexaton', ''),
(1630, 2, 17, 'Mintek', ''),
(1631, 1, 17, 'Miotrol', ''),
(1632, 1, 17, 'Nomosic', ''),
(1633, 1, 17, 'Ornid', ''),
(1634, 1, 17, 'Ondason', '8'),
(1635, 3, 17, 'Ondason', ''),
(1636, 2, 17, 'Prostam', ''),
(1637, 2, 17, 'Prostol', '1'),
(1638, 2, 17, 'Prostol', '2'),
(1639, 3, 17, 'Potassium Guaiacol', ''),
(1640, 1, 17, 'Parillex', ''),
(1641, 1, 17, 'Prelin', '50'),
(1642, 2, 17, 'Prelin', '150'),
(1643, 2, 17, 'Prelin', '75'),
(1644, 1, 17, 'Salfazin', ''),
(1645, 1, 17, 'Sertal', ''),
(1646, 7, 17, 'Semecon Paediatric', ''),
(1647, 1, 17, 'T-Fovir', '300mg'),
(1648, 1, 17, 'Ursolic', '150'),
(1649, 1, 17, 'Ursolic', '300'),
(1650, 1, 17, 'Varizil', '400'),
(1651, 1, 17, 'Resco', '1'),
(1652, 1, 17, 'Resco', '2'),
(1653, 1, 17, 'Zipradon', '20'),
(1654, 1, 17, 'Zipradon', '40'),
(1655, 8, 17, 'Aclene', '10'),
(1656, 8, 17, 'Betavate-CL', ''),
(1657, 8, 17, 'Betavate-N', ''),
(1658, 7, 17, 'Ciprozid', ''),
(1659, 7, 17, 'ciprozid-DX', ''),
(1660, 5, 17, 'Ciprocort Oit', ''),
(1661, 8, 17, 'Cinoderm', '10'),
(1662, 8, 17, 'Cinoderm', '5'),
(1663, 7, 17, 'Celudex', ''),
(1664, 8, 17, 'Clobederm', ''),
(1665, 8, 17, 'Dicot', ''),
(1666, 8, 17, 'Diproxen-GL', ''),
(1667, 16, 17, 'Dalacin Plus', '15mg'),
(1668, 7, 17, 'Fenat', ''),
(1669, 29, 17, 'Fungistat', '10'),
(1670, 29, 17, 'Fungistat', '5'),
(1671, 8, 17, 'Fungistat', '10'),
(1672, 29, 17, 'Flutiderm', ''),
(1673, 8, 17, 'Fusibac-H', ''),
(1674, 7, 17, 'Gentum', ''),
(1675, 8, 17, 'Licerin', '15'),
(1676, 8, 17, 'Licerin', '30gm'),
(1677, 7, 17, 'Levoflox', ''),
(1678, 8, 17, 'Metavate', '10mg'),
(1679, 29, 17, 'Muron', '15gm'),
(1680, 16, 17, 'Micoderm', '15gm'),
(1681, 7, 17, 'Nasochrom', ''),
(1682, 7, 17, 'Nopain', ''),
(1683, 8, 17, 'Novirax', ''),
(1684, 1, 17, 'Neo-DP', ''),
(1685, 29, 17, 'Neo-B', ''),
(1686, 7, 17, 'Opthacol', ''),
(1687, 7, 17, 'Opthaflox', ''),
(1688, 7, 17, 'Pednisol', ''),
(1689, 29, 17, 'Relitch', '15'),
(1690, 1, 17, 'Stencial', ''),
(1691, 7, 17, 'Syntar Sterile', ''),
(1692, 7, 17, 'Trocane', '5');
INSERT INTO `drug` (`drugID`, `typeID`, `companyID`, `drugName`, `strength`) VALUES
(1693, 22, 17, 'Trialon', ''),
(1694, 1, 17, 'Texa Sterile', ''),
(1695, 4, 17, 'Dicef (IV/IM)', '250'),
(1696, 4, 17, 'Dicef (IV/IM)', '500'),
(1697, 4, 17, 'Dicephin (IM)', '250'),
(1698, 4, 17, 'Dicephin (IM)', '500'),
(1699, 4, 17, 'Dicephin (IM)', '1gm'),
(1700, 4, 17, 'Dicephin', '250mg'),
(1701, 4, 17, 'Dicephin (IV)', '500mg'),
(1702, 4, 17, 'Dicephin (IV)', '1gm'),
(1703, 4, 17, 'Dicef (IV/IM)', '1gm'),
(1704, 4, 17, 'Demoxil (IV/IM)', '1gm'),
(1705, 4, 17, 'Psudonil', '250'),
(1706, 4, 17, 'Psudonil', '500'),
(1707, 4, 17, 'Trum (IV/IM)', '3-500mg'),
(1708, 4, 17, 'Trum (IV/IM)', '3-1gm'),
(1709, 4, 17, 'Furex', '250mg'),
(1710, 4, 17, 'furex', '750mg'),
(1711, 4, 17, 'Cardinex-Anti-Xa IU', '60-6000'),
(1712, 4, 17, 'Cardinex-Anti-Xa IU', '80-8000'),
(1713, 4, 17, 'Trum (IV/IM)', '3-250mg'),
(1714, 4, 17, 'Ciprozid (IV)', '100ml'),
(1715, 4, 17, 'Cardinex-Anti-Xa IU', '40-4000'),
(1716, 4, 17, 'Varizil Infusion', ''),
(1717, 4, 17, 'Decephin (IV/IM)', '2gm'),
(1718, 4, 17, 'Unipim (IV/IM)', '1gm'),
(1719, 4, 17, 'Pair (IV/IM)', ''),
(1720, 4, 17, 'Ropenem', '1gm'),
(1721, 4, 17, 'Ropenem', '500mg'),
(1722, 4, 17, 'Unipim', '500mg'),
(1723, 4, 17, 'Dinakin', '10'),
(1724, 4, 17, 'Trialon', ''),
(1725, 4, 17, 'Levoflox (IV)', '100ml'),
(1726, 4, 17, 'Calcirol', ''),
(1727, 4, 17, 'Dinakin MM', ''),
(1728, 4, 17, 'Cosec', '40mg'),
(1729, 4, 17, 'D-Dopamin', ''),
(1730, 4, 17, 'Pansec', '40'),
(1731, 4, 17, 'Furex', '1.5gm'),
(1732, 4, 17, 'Depomed', '40mg'),
(1733, 4, 17, 'Depomed', '80mg'),
(1734, 4, 17, 'Nidocard', ''),
(1735, 4, 17, 'Dalacin', '600'),
(1736, 4, 17, 'Psudonil', '100'),
(1737, 4, 17, 'Pronex IV', '40'),
(1738, 4, 17, 'Dalacin', '300'),
(1739, 1, 3, 'Actidex', ''),
(1740, 2, 3, 'Alneed', ''),
(1741, 2, 3, 'Alneed Plus', ''),
(1742, 2, 3, 'Alneed Gold', ''),
(1743, 4, 3, 'Amikin', '100'),
(1744, 4, 3, 'Amikin', '500'),
(1745, 4, 3, 'Cefotime', '250'),
(1746, 4, 3, 'Cefotime', '500'),
(1747, 4, 3, 'Cefotime', '1 gm'),
(1748, 4, 3, 'Cispenam', ''),
(1749, 2, 3, 'Clindacin', '150'),
(1750, 2, 3, 'Clindacin', '300'),
(1751, 4, 3, 'Clindacin', '300'),
(1752, 4, 3, 'Clindacin', '600'),
(1753, 33, 3, 'Clindacin', ''),
(1754, 8, 3, 'Clindacin', ''),
(1755, 16, 3, 'Clindacin Plus', ''),
(1756, 19, 3, 'Clindacin', ''),
(1757, 1, 3, 'Edopain', '600 ER'),
(1758, 2, 3, 'Edopain', '300'),
(1759, 1, 3, 'Evagren', ''),
(1760, 4, 3, 'Exephin', '1 gm'),
(1761, 4, 3, 'Exephin', '1 gm'),
(1762, 4, 3, 'Exephin', '500 mg'),
(1763, 4, 3, 'Exephin', '500 mg'),
(1764, 4, 3, 'Exephin', '250 mg'),
(1765, 4, 3, 'Exephin', '250 mg'),
(1766, 4, 3, 'Exephin', '2 gm'),
(1767, 1, 3, 'Flexor', '5'),
(1768, 1, 3, 'Flexor', '10'),
(1769, 1, 3, 'Flexifen', '5'),
(1770, 1, 3, 'Flexifen', '10'),
(1771, 1, 3, 'Flexifen', '25'),
(1772, 1, 3, 'Folneed', ''),
(1773, 3, 3, 'Hunycof', ''),
(1774, 2, 3, 'Inclox', '250'),
(1775, 2, 3, 'Inclox', '500'),
(1776, 4, 3, 'Intafenac', ''),
(1777, 1, 3, 'Intafenac K', ''),
(1778, 4, 3, 'Intafenac Plus', ''),
(1779, 1, 3, 'Intafenac', '50'),
(1780, 2, 3, 'Intrax', ''),
(1781, 4, 3, 'Intrax', ''),
(1782, 4, 3, 'I-Penam', '1 g'),
(1783, 4, 3, 'I-Penam', '500 mg'),
(1784, 1, 3, 'Ketomar', ''),
(1785, 3, 3, 'Ketomar', ''),
(1786, 1, 3, 'kilbac', '125'),
(1787, 1, 3, 'kilbac', '250'),
(1788, 1, 3, 'kilbac', '500'),
(1789, 3, 3, 'kilbac', ''),
(1790, 3, 3, 'Kilbac DS', ''),
(1791, 4, 3, 'kilbac', '750 mg'),
(1792, 4, 3, 'Kilbac', '250 mg'),
(1793, 4, 3, 'Kilbac', '1.5 gm'),
(1794, 1, 3, 'Klarix', '250'),
(1795, 1, 3, 'Klarix', '500'),
(1796, 1, 3, 'Levoxin', '250'),
(1797, 1, 3, 'Levoxin', '500'),
(1798, 1, 3, 'Levoxin', '750'),
(1799, 19, 3, 'Levoxin', ''),
(1800, 11, 3, 'Levoxin', ''),
(1801, 1, 3, 'linzolid', ''),
(1802, 3, 3, 'linzolid', ''),
(1803, 11, 3, 'linzolid', '600'),
(1804, 1, 3, 'Moxquin', ''),
(1805, 1, 3, 'Mucolyt', ''),
(1806, 3, 3, 'Mucolyt', ''),
(1807, 4, 3, 'Nalbun', '1 ml'),
(1808, 4, 3, 'Nalbun', '2 ml'),
(1809, 1, 3, 'Neocilor', ''),
(1810, 29, 3, 'Nebazin ', ''),
(1811, 1, 3, 'Nintoin', ''),
(1812, 2, 3, 'Nintoin SR', ''),
(1813, 3, 3, 'Omenix', '20'),
(1814, 3, 3, 'Omenix', '40'),
(1815, 2, 3, 'Omenix', '20'),
(1816, 2, 3, 'Omenix', '40'),
(1817, 4, 3, 'Omenix', '40'),
(1818, 1, 3, 'Onaseron', ''),
(1819, 4, 3, 'Onaseron', '4 ml'),
(1820, 19, 3, 'Onaseron', ''),
(1821, 1, 3, 'Oricox', '60'),
(1822, 1, 3, 'Oricox', '90'),
(1823, 1, 3, 'Oricox', '120'),
(1824, 4, 3, 'Paloxiron', '1.5'),
(1825, 4, 3, 'Paloxiron', '5'),
(1826, 1, 3, 'Paloxiron', '0.5'),
(1827, 2, 3, 'Procef', '250'),
(1828, 2, 3, 'Procef', '500'),
(1829, 3, 3, 'Procef', ''),
(1830, 7, 3, 'Procef', ''),
(1831, 3, 3, 'Procef Fort', ''),
(1832, 4, 3, 'Procef', '1 g'),
(1833, 4, 3, 'Procef', '500 mg'),
(1834, 4, 3, 'Procef', '250 mg'),
(1835, 1, 3, 'Purisal', '1'),
(1836, 1, 3, 'Purisal', '2'),
(1837, 3, 3, 'Purisal', ''),
(1838, 25, 3, 'Purisal', '0.63'),
(1839, 25, 3, 'Purisal', '1.25'),
(1840, 25, 3, 'Purisal', '0.31'),
(1841, 1, 3, 'Revert', ''),
(1842, 1, 3, 'Rifamax', '200'),
(1843, 1, 3, 'Rifamax', '550'),
(1844, 1, 3, 'Rupex', ''),
(1845, 1, 3, 'Secnizol DS', ''),
(1846, 3, 3, 'Sudocof', ''),
(1847, 1, 3, 'Tenafet', '250'),
(1848, 1, 3, 'Tenafet', '500'),
(1849, 3, 3, 'Tenafet', ''),
(1850, 1, 3, 'tenaxit', ''),
(1851, 4, 3, 'Tergocin', '200'),
(1852, 1, 3, 'Timozin', ''),
(1853, 4, 3, 'Timozin', ''),
(1854, 4, 3, 'Tigacil', ''),
(1855, 3, 3, 'Tomephen', ''),
(1856, 1, 3, 'Tridosil', '250'),
(1857, 1, 3, 'Tridosil', '500'),
(1858, 11, 3, 'Tridosil', ''),
(1859, 3, 3, 'Tridosil', ''),
(1860, 19, 3, 'Urikal', ''),
(1861, 4, 3, 'Vanmycin', '500 mg'),
(1862, 4, 3, 'Vanmycin', '1 gm'),
(1863, 3, 3, 'Vitagrow', ''),
(1864, 1, 3, 'Windel', '2'),
(1865, 1, 3, 'Windel', '4'),
(1866, 3, 3, 'Windel', ''),
(1867, 25, 3, 'Windel', ''),
(1868, 25, 3, 'Windel Plus', ''),
(1869, 2, 3, 'Winpain', '50'),
(1870, 2, 3, 'Winpain ER', '100'),
(1871, 4, 3, 'Winpain', '1 ml'),
(1872, 4, 3, 'Winpain', '2 ml'),
(1873, 55, 3, 'Hepa-B', '1 ml'),
(1874, 55, 3, 'Hepa-B', '0.5 ml'),
(1875, 55, 3, 'Rabix-VC', ''),
(1876, 55, 3, 'Vaxphoid', ''),
(1877, 55, 3, 'Vaxitet', ''),
(1878, 3, 3, 'Alervil', ''),
(1879, 1, 3, 'Alurol', '100'),
(1880, 3, 3, 'Algicid', ''),
(1881, 3, 3, 'Aquaphen', ''),
(1882, 1, 3, 'Beuflox', '250'),
(1883, 1, 3, 'Beuflox', '500'),
(1884, 1, 3, 'Beuflox', '750'),
(1885, 11, 3, '', ''),
(1886, 1, 3, 'Calcicar', '500'),
(1887, 2, 3, 'Celenta', '100'),
(1888, 1, 3, 'Cortan', '5'),
(1889, 1, 3, 'Cortan', '10'),
(1890, 1, 3, 'Cortan', '20'),
(1891, 19, 3, 'Cortan', ''),
(1892, 1, 3, 'Cyclopan', ''),
(1893, 3, 3, 'Cyclopan', ''),
(1894, 4, 3, 'Cyclopan', ''),
(1895, 1, 3, 'Disopan', '0.5'),
(1896, 1, 3, 'Disopan', '2'),
(1897, 1, 3, 'Diorin', ''),
(1898, 1, 3, 'Doresa', ''),
(1899, 1, 3, 'Drotapan', ''),
(1900, 8, 3, 'Elimate', ''),
(1901, 33, 3, 'Elimate Plus', ''),
(1902, 1, 3, 'Encilor', ''),
(1903, 1, 3, 'Fenofex', '60'),
(1904, 1, 3, 'Fenofex', '120'),
(1905, 1, 3, 'Fenofex', '180'),
(1906, 3, 3, 'Fenofex', '50 ml'),
(1907, 1, 3, 'Febustat', '40'),
(1908, 1, 3, 'Febustat', '80'),
(1909, 3, 3, 'Firmac', ''),
(1910, 11, 3, 'Flamyd', ''),
(1911, 1, 3, 'Flamyd', '250'),
(1912, 1, 3, 'Flamyd', '500'),
(1913, 16, 3, 'Flamyd', ''),
(1914, 3, 3, 'Flamyd', ''),
(1915, 1, 3, 'Iriban', ''),
(1916, 1, 3, 'Iriban SR', '200'),
(1917, 19, 3, 'Inolac', ''),
(1918, 4, 3, 'Intasone', ''),
(1919, 2, 3, 'Inovit E', '200'),
(1920, 2, 3, 'Inovit E', '400'),
(1921, 4, 3, 'Intamycin', '80'),
(1922, 8, 3, 'Kerasol', '0.06'),
(1923, 8, 3, 'Kerasol', '0.12'),
(1924, 1, 3, 'Kolchin', '0.6'),
(1925, 1, 3, 'Kolchin', '0.5'),
(1926, 7, 3, 'Lefoam', ''),
(1927, 53, 3, 'Magfin', ''),
(1928, 1, 3, 'Marlox', ''),
(1929, 1, 3, 'Marlox Plus', ''),
(1930, 3, 3, 'Marlox Plus', ''),
(1931, 3, 3, 'Nitazox', ''),
(1932, 1, 3, 'Nitazox', ''),
(1933, 1, 3, 'Omidon', ''),
(1934, 1, 3, 'Omidon D', ''),
(1935, 7, 3, 'Omidon', ''),
(1936, 3, 3, 'Omidon', ''),
(1937, 1, 3, 'Pantonix', '20'),
(1938, 1, 3, 'Pantonix', '40'),
(1939, 4, 3, 'Pantonix', '40'),
(1940, 1, 3, 'Rasonix', '20'),
(1941, 1, 3, 'Reservix', ''),
(1942, 1, 3, 'Roxair', ''),
(1943, 8, 3, 'Salinix', '15'),
(1944, 8, 3, 'Salinix', '30'),
(1945, 4, 3, 'Sidobac', '250'),
(1946, 4, 3, 'Sidobac', '500'),
(1947, 4, 3, 'Sidobac', '1 gm'),
(1948, 1, 3, 'Ticoflex', '250'),
(1949, 1, 3, 'Ticoflex', '500'),
(1950, 3, 3, 'Ticoflex', ''),
(1951, 16, 3, 'Ticoflex', ''),
(1952, 1, 3, 'Ticoflex SR', ''),
(1953, 4, 3, 'Tinobac', '2 mg'),
(1954, 1, 3, 'Trimotil', ''),
(1955, 1, 3, 'Vitabion', ''),
(1956, 4, 3, 'Vitabion', ''),
(1957, 1, 3, 'Ximeprox', '100'),
(1958, 1, 3, 'Ximeprox', '200'),
(1959, 3, 3, 'Ximeprox', ''),
(1960, 3, 3, 'Ximeprox', ''),
(1961, 2, 3, 'Adora', '500'),
(1962, 3, 3, 'Adora', ''),
(1963, 7, 3, 'Adora', ''),
(1964, 4, 3, 'Adrinor', ''),
(1965, 3, 3, 'Ambolyt', ''),
(1966, 7, 3, 'Ambolyt', ''),
(1967, 4, 3, 'Anestho', '500 mg'),
(1968, 4, 3, 'Anestho', '1 gm'),
(1969, 3, 3, 'Aritone Z', ''),
(1970, 1, 3, 'Artemet', ''),
(1971, 1, 3, 'Barbit', '30'),
(1972, 1, 3, 'Barbit', '60'),
(1973, 0, 3, 'Barbit Elixir', ''),
(1974, 4, 3, 'Barbit', ''),
(1975, 0, 3, 'Bonemass D', ''),
(1976, 1, 3, 'Calvimax', ''),
(1977, 1, 3, 'Calvimax Plus', ''),
(1978, 1, 3, 'Cavic-c', ''),
(1979, 1, 3, 'Cavic-c Plus', ''),
(1980, 3, 3, 'Compiron', ''),
(1981, 7, 3, 'Compiron', ''),
(1982, 2, 3, 'Colitrol', '0.25'),
(1983, 4, 3, 'Colitrol', ''),
(1984, 2, 3, 'Codcap', ''),
(1985, 4, 3, 'Dobutin', ''),
(1986, 4, 3, 'Drometa', ''),
(1987, 2, 3, 'Efdinir', ''),
(1988, 3, 3, 'Efdinir', ''),
(1989, 2, 3, 'Emixef', '200'),
(1990, 2, 3, 'Emixef', '400'),
(1991, 3, 3, 'Emixef', ''),
(1992, 3, 3, 'Emixef DS', ''),
(1993, 1, 3, 'Esonix', '20'),
(1994, 1, 3, 'Esonix', '40'),
(1995, 4, 3, 'Esonix', '40'),
(1996, 1, 3, 'Etorac', ''),
(1997, 4, 3, 'Etorac', '30'),
(1998, 4, 3, 'Etorac', '60'),
(1999, 11, 3, 'Ferimax ', ''),
(2000, 1, 3, 'Gatiflox', ''),
(2001, 1, 3, 'Hypnofast', '7.5'),
(2002, 1, 3, 'Hypnofast', '15'),
(2003, 4, 3, 'Hypnofast', ''),
(2004, 4, 3, 'Hypnofast', '5 mg'),
(2005, 4, 3, 'Hyronate', ''),
(2006, 4, 3, 'K MM', ''),
(2007, 4, 3, 'K MM Pediatric', ''),
(2008, 1, 3, 'Joinix Plus', ''),
(2009, 4, 3, 'Ketaride', ''),
(2010, 1, 3, 'Mecolagin', ''),
(2011, 4, 3, 'Mecolagin', ''),
(2012, 1, 3, 'Myolax', '50'),
(2013, 1, 3, 'Myolax', '100'),
(2014, 4, 3, 'Myolax Plus', ''),
(2015, 4, 3, 'Myomine', ''),
(2016, 4, 3, 'Nordrine', ''),
(2017, 4, 3, 'Nor Q', ''),
(2018, 1, 3, 'Ocarnix', ''),
(2019, 19, 3, 'Ocarnix', ''),
(2020, 4, 3, 'Opifen', '100 mg'),
(2021, 1, 3, 'Opifen', '100'),
(2022, 1, 3, 'Opifen', '200'),
(2023, 4, 3, 'Osteo-d', ''),
(2024, 19, 3, 'Osteo-d', ''),
(2025, 2, 3, 'Oticlor', '500'),
(2026, 3, 3, 'Oticlor', ''),
(2027, 7, 3, 'Oticlor', ''),
(2028, 1, 3, 'Pedilid', '150'),
(2029, 1, 3, 'Pedilid', '300'),
(2030, 3, 3, 'Pedilid', ''),
(2031, 1, 3, 'Proviten A-Z', ''),
(2032, 1, 3, 'Proviten Silver', ''),
(2033, 3, 3, 'Proviten JR', ''),
(2034, 11, 3, 'Prosol IV', ''),
(2035, 1, 3, 'Progesic', '375'),
(2036, 1, 3, 'Progesic', '500'),
(2037, 1, 3, 'Purifen', '200'),
(2038, 1, 3, 'Purifen', '300'),
(2039, 1, 3, 'Purifen', '400'),
(2040, 3, 3, 'Purifen', ''),
(2041, 1, 3, 'Reset', ''),
(2042, 3, 3, 'Reset', ''),
(2043, 7, 3, 'Reset', ''),
(2044, 1, 3, 'Reset Plus', ''),
(2045, 11, 3, 'Reset', '1 g'),
(2046, 1, 3, 'Resadol', ''),
(2047, 1, 3, 'Seasonix', ''),
(2048, 19, 3, 'Seasonix', ''),
(2049, 1, 3, 'Siesta', ''),
(2050, 1, 3, 'Silagra', '50'),
(2051, 1, 3, 'Silagra', '100'),
(2052, 4, 3, 'Spino', ''),
(2053, 1, 3, 'Tadalis', '10'),
(2054, 4, 3, 'Ultrapime', '500 mg'),
(2055, 4, 3, 'Ultrapime', '1 mg'),
(2056, 3, 3, 'Ziflu', ''),
(2057, 1, 3, 'Zolium', '0.25'),
(2058, 1, 3, 'Zolium', '0.5'),
(2059, 1, 3, 'Zopilone', '2'),
(2060, 11, 3, 'Zolenic', ''),
(2061, 1, 3, 'Acuren', '25'),
(2062, 1, 3, 'Acuren', '50'),
(2063, 2, 3, 'Adiponil', ''),
(2064, 8, 3, 'Apalene', '0.001'),
(2065, 1, 3, 'Aloxif', ''),
(2066, 1, 3, 'Alfasin XR', ''),
(2067, 1, 3, 'Ameloss', '5'),
(2068, 4, 3, 'Amidol', '300'),
(2069, 4, 3, 'Amidol', '370'),
(2070, 1, 3, 'Amlotab', '5'),
(2071, 1, 3, 'Amlosartan', '29342'),
(2072, 1, 3, 'Amlosartan', '5/160'),
(2073, 1, 3, 'Amlosartan', '10/160'),
(2074, 1, 3, 'Angiflx', '20'),
(2075, 1, 3, 'Aripra', '10'),
(2076, 1, 3, 'Aripra', '15'),
(2077, 1, 3, 'Arpolax', ''),
(2078, 14, 3, 'Azelast', ''),
(2079, 1, 3, 'Barcavir', '0.5'),
(2080, 1, 3, 'Barcavir', '1'),
(2081, 2, 3, 'Benadip', '10/2.5'),
(2082, 2, 3, 'Benadip', '41552'),
(2083, 2, 3, 'Benadip', '20/5'),
(2084, 2, 3, 'Benadip', '21/10'),
(2085, 29, 3, 'Betaderm', ''),
(2086, 29, 3, 'Betaderm N', ''),
(2087, 33, 3, 'Betamesal', ''),
(2088, 14, 3, 'Budicort', ''),
(2089, 25, 3, 'Budicort', '0.5'),
(2090, 1, 3, 'Bumecard', '1'),
(2091, 1, 3, 'Bumecard', '5'),
(2092, 4, 3, 'Bumecard', '2'),
(2093, 1, 3, 'Bisopro', '2.5'),
(2094, 1, 3, 'Bisopro', '5'),
(2095, 1, 3, 'Carvista', '6.25'),
(2096, 1, 3, 'Carvista', '12.5'),
(2097, 1, 3, 'Carvista', '25'),
(2098, 1, 3, 'Carmapine', '200'),
(2099, 3, 3, 'Carmapine', ''),
(2100, 14, 3, 'Cenolon', ''),
(2101, 4, 3, 'Cenolon', ''),
(2102, 2, 3, 'Celbarin', '200'),
(2103, 19, 3, 'Clarizol', ''),
(2104, 1, 3, 'Consucon', ''),
(2105, 1, 3, 'Consucon MR', ''),
(2106, 1, 3, 'Compimet', '500'),
(2107, 1, 3, 'Compimet', '850'),
(2108, 6, 3, 'Convipen', ''),
(2109, 1, 3, 'Cytomis', ''),
(2110, 1, 3, 'Cytomis', '100'),
(2111, 1, 3, 'Cyclid', '5'),
(2112, 4, 3, 'Cyclid', '2 ml'),
(2113, 54, 3, 'Dancel', ''),
(2114, 54, 3, 'Dancel', ''),
(2115, 1, 3, 'Defogen', ''),
(2116, 1, 3, 'Dilast', '20'),
(2117, 8, 3, 'Doxiderm', ''),
(2118, 1, 3, 'Duloxen', '20'),
(2119, 1, 3, 'Duloxen', '30'),
(2120, 8, 3, 'Econate', ''),
(2121, 8, 3, 'Econate -G', ''),
(2122, 8, 3, 'Econate plus ', ''),
(2123, 1, 3, 'Econate VT', ''),
(2124, 1, 3, 'Edeloss Plus', ''),
(2125, 1, 3, 'Emenil', ''),
(2126, 1, 3, 'Emenil Plus', ''),
(2127, 1, 3, 'Epleron', '25'),
(2128, 1, 3, 'Eslpram', '10'),
(2129, 1, 3, 'Eslpram', '5'),
(2130, 1, 3, 'Ezetim', '10'),
(2131, 8, 3, 'Eudrate', ''),
(2132, 1, 3, 'Euthycin', ''),
(2133, 1, 3, 'Feelnor', ''),
(2134, 1, 3, 'Feelnor MR', ''),
(2135, 4, 3, 'Fenazin', '25'),
(2136, 1, 3, 'Fixocard', '25'),
(2137, 1, 3, 'Fixocard', '50'),
(2138, 4, 3, 'Filastin', '30'),
(2139, 1, 3, 'Flurazine', '1'),
(2140, 1, 3, 'Flurazine', '5'),
(2141, 8, 3, 'Fortison', ''),
(2142, 1, 3, 'Frenia', '1'),
(2143, 1, 3, 'Frenia', '2'),
(2144, 1, 3, 'Frenia', '4'),
(2145, 1, 3, 'Gabapen', '100'),
(2146, 1, 3, 'Gabapen', '300'),
(2147, 19, 3, 'Gabapen', ''),
(2148, 1, 3, 'Gestop', '28'),
(2149, 1, 3, 'Halopid', '5'),
(2150, 4, 3, 'Halopid', ''),
(2151, 1, 3, 'Indapril', '2'),
(2152, 1, 3, 'Indapril', '4'),
(2153, 1, 3, 'Inospiron', '25'),
(2154, 1, 3, 'Infovir', ''),
(2155, 25, 3, 'Ipratop', ''),
(2156, 1, 3, 'Ivaperx', '5'),
(2157, 1, 3, 'Ivaperx', '7.5'),
(2158, 8, 3, 'Lafrost', ''),
(2159, 1, 3, 'Lamivir', ''),
(2160, 1, 3, 'Larcadip', ''),
(2161, 1, 3, 'Lacidip', '2'),
(2162, 1, 3, 'Lacidip', '4'),
(2163, 1, 3, 'Lithin SR', ''),
(2164, 1, 3, 'Lopirel', ''),
(2165, 1, 3, 'Lopirel Plus', ''),
(2166, 14, 3, 'Lopadine', ''),
(2167, 1, 3, 'Losucon', '1'),
(2168, 1, 3, 'Losucon', '2'),
(2169, 1, 3, 'Losucon', '3'),
(2170, 1, 3, 'Losucon', '4'),
(2171, 2, 3, 'Lozana', '100'),
(2172, 2, 3, 'Lozana', '200'),
(2173, 1, 3, 'Lozicum', ''),
(2174, 14, 3, 'Lutisone', ''),
(2175, 29, 3, 'Lutisone', ''),
(2176, 1, 3, 'Lyta', '28'),
(2177, 4, 3, 'Maxsulin N', '40'),
(2178, 4, 3, 'Maxsulin n', '100'),
(2179, 4, 3, 'Maxsulin R', '40'),
(2180, 4, 3, 'Maxsulin R', '100'),
(2181, 4, 3, 'Maxsulin 30/70', '40'),
(2182, 4, 3, 'Maxsulin 30/70', '100'),
(2183, 4, 3, 'Maxsulin 50/50', '100'),
(2184, 1, 3, 'Menaril', ''),
(2185, 1, 3, 'Mebastin', ''),
(2186, 14, 3, 'Momeson', ''),
(2187, 8, 3, 'Momeson', ''),
(2188, 1, 3, 'Montair', '4'),
(2189, 1, 3, 'Montair', '5'),
(2190, 1, 3, 'Montair', '10'),
(2191, 1, 3, 'Mitaprex', '15'),
(2192, 1, 3, 'Mitaprex', '30'),
(2193, 1, 3, 'Neforex', ''),
(2194, 14, 3, 'Neotison', ''),
(2195, 29, 3, 'Napguard', ''),
(2196, 1, 3, 'Nicosit', '500'),
(2197, 1, 3, 'Nicosit', '750'),
(2198, 2, 3, 'Nispore', '50'),
(2199, 2, 3, 'Nispore', '150'),
(2200, 2, 3, 'Nispore', '200'),
(2201, 3, 3, 'Nispore', ''),
(2202, 1, 3, 'Nobesit', '500'),
(2203, 1, 3, 'Nobesit', '850'),
(2204, 1, 3, 'Nobesit ER', ''),
(2205, 2, 3, 'Noficate', ''),
(2206, 1, 3, 'Nomopil', '0.5'),
(2207, 1, 3, 'Nomopil', '1'),
(2208, 1, 3, 'Nomopil', '2'),
(2209, 2, 3, 'Norbit', ''),
(2210, 1, 3, 'Nodia', '10'),
(2211, 1, 3, 'Nodia', '100'),
(2212, 1, 3, 'Noteron', ''),
(2213, 8, 3, 'Nyclobate', ''),
(2214, 29, 3, 'Nyclobate', ''),
(2215, 8, 3, 'Nyclobate NN', ''),
(2216, 1, 3, 'Osartil', '25'),
(2217, 1, 3, 'Osartil', '50'),
(2218, 1, 3, 'Osartil', '100'),
(2219, 1, 3, 'Osartil', '50 Plus'),
(2220, 1, 3, 'Osartil', '100 Plus'),
(2221, 1, 3, 'Olanap', '5'),
(2222, 1, 3, 'Olanap', '10'),
(2223, 1, 3, 'Ovuclon', ''),
(2224, 1, 3, 'Ovuclon', '100'),
(2225, 4, 3, 'Parinox', '20'),
(2226, 4, 3, 'Parinox', '40'),
(2227, 4, 3, 'Parinox', '60'),
(2228, 4, 3, 'Parinox', '80'),
(2229, 1, 3, 'Pramin', ''),
(2230, 1, 3, 'Planex', ''),
(2231, 1, 3, 'Pioder', '15'),
(2232, 1, 3, 'Pioder', '30'),
(2233, 1, 3, 'POP-D', ''),
(2234, 1, 3, 'Prasurel', '10'),
(2235, 1, 3, 'Prasurel', '5'),
(2236, 1, 3, 'Precare', ''),
(2237, 2, 3, 'Preneed CL', ''),
(2238, 1, 3, 'Presonil', ''),
(2239, 2, 3, 'Prostacin', ''),
(2240, 2, 3, 'Pregaben', '75'),
(2241, 2, 3, 'Pregaben', '150'),
(2242, 2, 3, 'Pregaben', '50'),
(2243, 1, 3, 'Quiet', '25'),
(2244, 1, 3, 'Quiet', '100'),
(2245, 1, 3, 'Ramoril', '1.25'),
(2246, 1, 3, 'Ramoril', '2.5'),
(2247, 1, 3, 'Ramoril', '5'),
(2248, 1, 3, 'Ramoril', '10'),
(2249, 1, 3, 'Ramoril', '2.5 Plus'),
(2250, 1, 3, 'Ramoril', '5 Plus'),
(2251, 1, 3, 'Reconil', ''),
(2252, 1, 3, 'Repose', '25'),
(2253, 1, 3, 'Repose', '50'),
(2254, 1, 3, 'Repose', '100'),
(2255, 1, 3, 'Renophos', '400'),
(2256, 1, 3, 'Ridel ER', '500'),
(2257, 1, 3, 'Ropinol', '0.25'),
(2258, 1, 3, 'Ropinol', '1'),
(2259, 1, 3, 'Ropinol', '2'),
(2260, 1, 3, 'Rocovas', '5'),
(2261, 1, 3, 'Rocovas', '10'),
(2262, 1, 3, 'Rosen', '28'),
(2263, 14, 3, 'Rynex', ''),
(2264, 7, 3, 'Rynex', ''),
(2265, 7, 3, 'Rynex', '0.0005'),
(2266, 1, 3, 'Sardopa', ''),
(2267, 8, 3, 'Simplovir', ''),
(2268, 1, 3, 'Sitagil', '25'),
(2269, 1, 3, 'Sitagil', '50'),
(2270, 1, 3, 'Sitagil', '100'),
(2271, 8, 3, 'Spotcien', ''),
(2272, 8, 3, 'Spotcine Plus', ''),
(2273, 19, 3, 'Sporium', ''),
(2274, 1, 3, 'Sudorin', ''),
(2275, 29, 3, 'Tacrolim', '0.0003'),
(2276, 29, 3, 'Tacrolim', '0.001'),
(2277, 8, 3, 'Tazoskin', ''),
(2278, 1, 3, 'Terazon', '2'),
(2279, 1, 3, 'Terazon', '5'),
(2280, 1, 3, 'Tiginor', '10'),
(2281, 1, 3, 'Tiginor', '20'),
(2282, 1, 3, 'Tiginor', '40'),
(2283, 1, 3, 'Topirva', '25'),
(2284, 1, 3, 'Topirva', '50'),
(2285, 1, 3, 'Toltrex', '2'),
(2286, 8, 3, 'Topicazole', ''),
(2287, 8, 3, 'Topicazole Plus', ''),
(2288, 29, 3, 'Trego', ''),
(2289, 2, 3, 'Trocer', '2.6 SR'),
(2290, 1, 3, 'Ubilon', ''),
(2291, 1, 3, 'Urilax', '100'),
(2292, 1, 3, 'Urilax', '200'),
(2293, 1, 3, 'Valex', ''),
(2294, 3, 3, 'Valex', ''),
(2295, 1, 3, 'Valex CR', '200'),
(2296, 1, 3, 'Valex CR', '300'),
(2297, 1, 3, 'Valex CR', '500'),
(2298, 1, 3, 'Valsartil', '40'),
(2299, 1, 3, 'Valsartil', '80'),
(2300, 1, 3, 'Valsartil', '80 Plus'),
(2301, 1, 3, 'Valsartil', '160'),
(2302, 1, 3, 'Valsartil', '160 Plus'),
(2303, 1, 3, 'Vastocor', ''),
(2304, 1, 3, 'Valovir', '1 mg'),
(2305, 1, 3, 'Valovir', '500 mg'),
(2306, 1, 3, 'Veracal', '40'),
(2307, 1, 3, 'Veracal', '80'),
(2308, 1, 3, 'Veracal SR', '180'),
(2309, 1, 3, 'Veracal SR', ''),
(2310, 4, 3, 'Veracal', '2 ml'),
(2311, 1, 3, 'Vinsetine', ''),
(2312, 4, 3, 'Vibrenta', ''),
(2313, 1, 3, 'Warin', ''),
(2314, 14, 3, 'Xylo Plus', ''),
(2315, 1, 3, 'Xynovir', ''),
(2316, 19, 3, 'Xenogrow', '0.05'),
(2317, 19, 3, 'Xenogrow', '0.02'),
(2318, 1, 3, 'Xyotil', '40'),
(2319, 1, 3, 'Xyotil', '20 Plus'),
(2320, 1, 3, 'Xyotil', '20'),
(2321, 1, 3, 'Zapenia', '100'),
(2322, 1, 3, 'Zapenia', '25'),
(2323, 1, 3, 'Zomitan', '2.5'),
(2324, 2, 3, 'Azecol', ''),
(2325, 7, 3, 'Beuflox', ''),
(2326, 7, 3, 'Beuflox-D', ''),
(2327, 7, 3, 'Betastin', ''),
(2328, 7, 3, 'Brimodin', ''),
(2329, 7, 3, 'Brimodin Plus', ''),
(2330, 7, 3, 'Catrix', ''),
(2331, 7, 3, 'Cortan', ''),
(2332, 7, 3, 'Cliomet', ''),
(2333, 7, 3, 'Clarizol', ''),
(2334, 7, 3, 'Dexaguard', ''),
(2335, 7, 3, 'Dextrobac', ''),
(2336, 7, 3, 'Dilate', '0.01'),
(2337, 7, 3, 'Dilate Plus', ''),
(2338, 7, 3, 'Eyebet', ''),
(2339, 7, 3, 'Etorac', ''),
(2340, 7, 3, 'Filtear', ''),
(2341, 7, 3, 'Gatiflox', ''),
(2342, 7, 3, 'I-guard', ''),
(2343, 7, 3, 'Intafenac', ''),
(2344, 7, 3, 'Intobac', ''),
(2345, 7, 3, 'Levoxin', ''),
(2346, 7, 3, 'Levoxin TS', ''),
(2347, 7, 3, 'Lomequin ', ''),
(2348, 7, 3, 'Lotepro', ''),
(2349, 7, 3, 'Lotepro Plus', ''),
(2350, 7, 3, 'Lopadine', ''),
(2351, 7, 3, 'Lopadine Plus', ''),
(2352, 7, 3, 'Lubric', ''),
(2353, 7, 3, 'Mastguard', ''),
(2354, 7, 3, 'Mastguard', '0.04'),
(2355, 7, 3, 'Metalone', ''),
(2356, 7, 3, 'Metalone Plus', ''),
(2357, 1, 4, 'Aggra', '50'),
(2358, 1, 4, 'Aggra', '100'),
(2359, 1, 4, 'Alben', ''),
(2360, 1, 4, 'Alben', ''),
(2361, 3, 4, 'Alben', '200 mg'),
(2362, 1, 4, 'Aldorin', '50 mg'),
(2363, 7, 4, 'Albotin', ''),
(2364, 3, 4, 'Amboten', ''),
(2365, 1, 4, 'Amlip', ''),
(2366, 1, 4, 'Anapril', '5 mg'),
(2367, 1, 4, 'Anapril', '10 MG'),
(2368, 2, 4, 'Aroce', '500 mg'),
(2369, 15, 4, 'Arocef', ''),
(2370, 1, 4, 'Bonflex', ''),
(2371, 1, 4, 'Brizy', '1 mg'),
(2372, 1, 4, 'Brizy', '2mg'),
(2373, 3, 4, 'Brizy', ''),
(2374, 1, 4, 'Carbazin', ''),
(2375, 1, 4, 'Carbazin CR', ''),
(2376, 3, 4, 'Carbolin', ''),
(2377, 3, 4, 'Carbolin DS', ''),
(2378, 1, 4, 'Cardon', '25mg'),
(2379, 1, 4, 'Cardon', '50mgh'),
(2380, 1, 4, 'Cardoplus', '50mg'),
(2381, 1, 4, 'Calx', ''),
(2382, 50, 4, 'Calx', ''),
(2383, 7, 4, 'Ceflon', ''),
(2384, 1, 4, 'Celipress', '200mg'),
(2385, 1, 4, 'Cloron', '0.5mg'),
(2386, 1, 4, 'Cloron', '2 mg'),
(2387, 7, 4, 'Cloron', '10mg'),
(2388, 8, 4, 'Cortider', ''),
(2389, 1, 4, 'Cosat DS', ''),
(2390, 3, 4, 'Cosat', ''),
(2391, 2, 4, 'Danamet', '100mg'),
(2392, 2, 4, 'Danamet', '200mg'),
(2393, 1, 4, 'Dayprox', '600mg'),
(2394, 1, 4, 'Desodin', ''),
(2395, 3, 4, 'Dexpoten', ''),
(2396, 1, 4, 'Dezide', ''),
(2397, 1, 4, 'Dextor', '0.5mg'),
(2398, 1, 4, 'Dialon', '1mg'),
(2399, 1, 4, 'Dialon', '02mg'),
(2400, 1, 4, 'Dialon', '04mg'),
(2401, 2, 4, 'Dietil', ''),
(2402, 19, 4, 'Dilator', ''),
(2403, 1, 4, 'Dilator', '10MG'),
(2404, 1, 4, 'Dilator', '20mg'),
(2405, 1, 4, 'Dinafex', '60mg'),
(2406, 1, 4, 'Dinafex', '120mg'),
(2407, 1, 4, 'Dinafex', '180MG'),
(2408, 3, 4, 'Dinafex', '50ml'),
(2409, 1, 4, 'Dorenta', ''),
(2410, 3, 4, 'Dorenta', ''),
(2411, 3, 4, 'Dorenta', '100mg'),
(2412, 1, 4, 'Edenil', '20mg'),
(2413, 1, 4, 'Edenil', '40mg'),
(2414, 1, 4, 'Emezin', ''),
(2415, 1, 4, 'Emezin', ''),
(2416, 1, 4, 'Esoral', '20mg'),
(2417, 1, 4, 'Esoral', '40mg'),
(2418, 2, 4, 'Esoral', '20MG'),
(2419, 2, 4, 'Esoral', '40MG'),
(2420, 1, 4, 'Esoral', '20mg'),
(2421, 1, 4, 'Etorix', '20mg'),
(2422, 1, 4, 'Etorix', '120mg'),
(2423, 1, 4, 'Etorix', '60mg'),
(2424, 1, 4, 'Etorix', '90mg'),
(2425, 1, 4, 'Ethinor', '5mg'),
(2426, 3, 4, 'Expoten', ''),
(2427, 8, 4, 'Facid', ''),
(2428, 8, 4, 'Facid', ''),
(2429, 8, 4, 'Facid', ''),
(2430, 29, 4, 'Facid', ''),
(2431, 1, 4, 'Feozin', ''),
(2432, 2, 4, 'Feofol cl', ''),
(2433, 2, 4, 'Feofol TR', ''),
(2434, 1, 4, 'Fenobac', '10mg'),
(2435, 1, 4, 'Fenobac', '5mg'),
(2436, 2, 4, 'Fibrino', '500mg'),
(2437, 2, 4, 'Flucloxin', '250mg'),
(2438, 2, 4, 'Flucloxin', '500mg'),
(2439, 5, 4, 'Flucloxin', ''),
(2440, 2, 4, 'Flucoder', '50mg'),
(2441, 2, 4, 'Flucoder', '150mg'),
(2442, 2, 4, 'Folvit', ''),
(2443, 2, 4, 'Folvit CL', ''),
(2444, 1, 4, 'Gatinox', '400mg'),
(2445, 7, 4, 'Gasnil', ''),
(2446, 1, 4, 'Geminox', '320mg'),
(2447, 1, 4, 'Glunor', '500mg'),
(2448, 1, 4, 'Glunor', '850mg'),
(2449, 1, 4, 'Glunor XR', ''),
(2450, 1, 4, 'GTN', '2.6mg'),
(2451, 19, 4, 'Hunny', ''),
(2452, 19, 4, 'Handirub', ''),
(2453, 3, 4, 'Hi-c', ''),
(2454, 1, 4, 'Irbes', ''),
(2455, 1, 4, 'Irbes', ''),
(2456, 1, 4, 'ketonic', '10mg'),
(2457, 1, 4, 'Kilmax', '125mg'),
(2458, 1, 4, 'Kilmax', '250mg'),
(2459, 1, 4, 'Kilmax', '500mg'),
(2460, 3, 4, 'Kilmax', ''),
(2461, 1, 4, 'Kynol', '25mg'),
(2462, 2, 4, 'Kynol TR', '100mg'),
(2463, 2, 4, 'Kynol TR', '200MG'),
(2464, 1, 4, 'lamidin ', '100mg'),
(2465, 50, 4, 'Laxitol', ''),
(2466, 1, 4, 'Levomax', '500 mg'),
(2467, 1, 4, 'Levomax', '750 mg'),
(2468, 1, 4, 'Lipicon', '10 mg'),
(2469, 1, 4, 'Lipicon', '20 mg'),
(2470, 1, 4, 'Lipicon', '40 mg'),
(2471, 2, 4, 'Lindamax', '150 mg'),
(2472, 2, 4, 'Lindamax', '300 MG'),
(2473, 2, 4, 'Losectil', '10 mg'),
(2474, 2, 4, 'Losectil', '20 mg'),
(2475, 2, 4, 'Losectil', '40 mg'),
(2476, 15, 4, 'Losectil', '20 mg'),
(2477, 15, 4, 'Losectil', '40 mg'),
(2478, 15, 4, 'Losectil', '20 mg'),
(2479, 15, 4, 'Losectil', '40 mg'),
(2480, 1, 4, 'Lumona', '5 mg'),
(2481, 1, 4, 'Lumona', '10 mg'),
(2482, 50, 4, 'Lumona', '4 mg'),
(2483, 1, 4, 'Losita', '5 mg'),
(2484, 1, 4, 'Losita', '10 mg'),
(2485, 1, 4, 'Mebidal', ''),
(2486, 1, 4, 'Mecopen', ''),
(2487, 3, 4, 'Metco', ''),
(2488, 1, 4, 'Metco', '400 mg'),
(2489, 1, 4, 'Milam', '15 mg'),
(2490, 1, 4, 'Milam', '7.5 mg'),
(2491, 3, 4, 'Mixavit', ''),
(2492, 29, 4, 'Mupiron', '10 mg'),
(2493, 8, 4, 'Mycofin', ''),
(2494, 1, 4, 'Mycofin', '250 mg'),
(2495, 1, 4, 'Naprox', '250 mg'),
(2496, 1, 4, 'Naprox', '500 mg'),
(2497, 3, 4, 'Naprox ', ''),
(2498, 16, 4, 'Naprox', ''),
(2499, 2, 4, 'Naprox', '500 mg'),
(2500, 3, 4, 'Naprox', ''),
(2501, 16, 4, 'Naprox', ''),
(2502, 2, 4, 'Neorex ', '500 mg'),
(2503, 1, 4, 'Nepsy', '300 mg'),
(2504, 1, 4, 'Nimodi', '30 mg'),
(2505, 1, 4, 'Noclog', '75 mg'),
(2506, 1, 4, 'Noclog', ''),
(2507, 2, 4, 'Noficon', ''),
(2508, 1, 4, 'Norium', '10 mg'),
(2509, 1, 4, 'Norium', '5 mg'),
(2510, 15, 4, 'NRG', ''),
(2511, 3, 4, 'Ontin', ''),
(2512, 1, 4, 'Ontin', ''),
(2513, 1, 4, 'Oradin Plus', ''),
(2514, 3, 4, 'Oradin', ''),
(2515, 1, 4, 'Oradin', ''),
(2516, 1, 4, 'Oradin FT', ''),
(2517, 16, 4, 'Orogurd', '15 mg'),
(2518, 1, 4, 'Ostocal JR', '250 mg'),
(2519, 1, 4, 'Ostocal ', '500 mg'),
(2520, 1, 4, 'Ostocal C', ''),
(2521, 1, 4, 'Ostovit', ''),
(2522, 1, 4, 'Ostovit D', ''),
(2523, 1, 4, 'Ostocal D', ''),
(2524, 1, 4, 'Ostocal M', ''),
(2525, 1, 4, 'Ostocal D', ''),
(2526, 1, 4, 'Paino', '100 mg'),
(2527, 1, 4, 'Parlox', ''),
(2528, 1, 4, 'Panoral', '20 mg'),
(2529, 1, 4, 'Panoral', '40 mg'),
(2530, 1, 4, 'Peptil-H', '150 mg'),
(2531, 3, 4, 'Peptil-H', ''),
(2532, 8, 4, 'Perosa', ''),
(2533, 1, 4, 'Provenor', '5 mg'),
(2534, 1, 4, 'Provenor', '10 mg'),
(2535, 1, 4, 'Pred', '5 mg'),
(2536, 1, 4, 'Pred', '10 mg'),
(2537, 1, 4, 'Pred', '20 mg'),
(2538, 2, 4, 'PG', '75 mg'),
(2539, 2, 4, 'PG', '150 mg'),
(2540, 1, 4, 'Quinox', '250 mg'),
(2541, 1, 4, 'Quinox', '500 mg'),
(2542, 1, 4, 'Quinox', '750 mg'),
(2543, 3, 4, 'Quinox DS', ''),
(2544, 1, 4, 'Reomen ', '50 mg'),
(2545, 1, 4, 'Restol', '3 mg'),
(2546, 1, 4, 'Rabifast ', '20 mg'),
(2547, 7, 4, 'Ridon P/D', ''),
(2548, 3, 4, 'Ridon', ''),
(2549, 1, 4, 'Ridon', '10 mg'),
(2550, 1, 4, 'Ridon', '10 mg'),
(2551, 2, 4, 'Roxim', '200 mg'),
(2552, 2, 4, 'Roxim', '400 mg'),
(2553, 1, 4, 'Roxim', '200 mg'),
(2554, 1, 4, 'Roxim', '400 mg'),
(2555, 3, 4, 'Roxim', ''),
(2556, 1, 4, 'Sensit ', ''),
(2557, 1, 4, 'Sentix', '0.5 mg'),
(2558, 1, 4, 'Sentix', '1 mg'),
(2559, 1, 4, 'Sidopin', '5 mg'),
(2560, 1, 4, 'Sidoplus', '25 mg'),
(2561, 1, 4, 'Sidoplus', '50 mg'),
(2562, 2, 4, 'SK-cef', '250 mg'),
(2563, 2, 4, 'SK-cef', '500 mg'),
(2564, 15, 4, 'SK-cef DS', ''),
(2565, 7, 4, 'SK-cef P/D', ''),
(2566, 15, 4, 'SK-cef ', ''),
(2567, 2, 4, 'SK-mox', '250 mg'),
(2568, 2, 4, 'SK-mox', '500 mg'),
(2569, 15, 4, 'SK-mox', ''),
(2570, 7, 4, 'SK-mox', ''),
(2571, 3, 4, 'SK-mox', ''),
(2572, 29, 4, 'Softi', ''),
(2573, 1, 4, 'Solvit-B', ''),
(2574, 1, 4, ' Solvit-M', ''),
(2575, 3, 4, 'Solvitone', ''),
(2576, 1, 4, 'Solbion', ''),
(2577, 2, 4, 'Starin', '100 mg'),
(2578, 2, 4, 'Starin', '200 mg'),
(2579, 15, 4, 'Starin DS', ''),
(2580, 15, 4, 'Starin', ''),
(2581, 1, 4, 'Sulidac', ''),
(2582, 22, 4, 'Sorex', '5 mg'),
(2583, 8, 4, 'Salidex', ''),
(2584, 3, 4, 'Tamen', ''),
(2585, 1, 4, 'Tamen', ''),
(2586, 1, 4, 'Tamen', '500 mg'),
(2587, 1, 4, 'Tamen-X', ''),
(2588, 3, 4, 'Tamen', ''),
(2589, 1, 4, 'Telazine ', '1 mg'),
(2590, 1, 4, 'Telazine ', '5 mg'),
(2591, 1, 4, 'Tibes', '6 mg'),
(2592, 1, 4, 'Tibonor', '2.5 mg'),
(2593, 1, 4, 'Toperin', '50 mg'),
(2594, 29, 4, 'Topibet CL', ''),
(2595, 8, 4, 'Topiclo', ''),
(2596, 29, 4, 'Topiclo', ''),
(2597, 29, 4, 'Topiclo S', ''),
(2598, 3, 4, 'Toti', ''),
(2599, 1, 4, 'toti', ''),
(2600, 1, 4, 'Tumy', '240 mg'),
(2601, 19, 4, 'Tulac', ''),
(2602, 1, 4, 'Tufnil', '200 mg'),
(2603, 1, 4, 'Toza', '500 mg'),
(2604, 3, 4, 'Toza', ''),
(2605, 1, 4, 'Topress', ''),
(2606, 1, 4, 'Timothy FC', '50 mg'),
(2607, 1, 4, 'Thynor', '50 mcg'),
(2608, 1, 4, 'Urokit', '10 mEq'),
(2609, 2, 4, 'Urosin SR', ''),
(2610, 1, 4, 'Vanila E', '200 mg'),
(2611, 1, 4, 'Veron', ''),
(2612, 1, 4, 'Vincet ', '5 mg'),
(2613, 1, 4, 'Vitrum Gold', ''),
(2614, 1, 4, 'Vitrum Silver', ''),
(2615, 2, 4, 'Volmax SR', '100 mg'),
(2616, 1, 4, 'Xinc', '20 mg'),
(2617, 3, 4, 'Xinc B', ''),
(2618, 1, 4, 'Xinc B', ''),
(2619, 3, 4, 'Xinc', ''),
(2620, 8, 4, 'Xenthol ', '30 mg'),
(2621, 1, 4, 'Zatral', '10 mg'),
(2622, 2, 4, 'Zeefol-CL', ''),
(2623, 2, 4, 'Zilvit', ''),
(2624, 1, 4, 'Zithrox', '250 mg'),
(2625, 1, 4, 'Zithrox', '500 mg'),
(2626, 1, 4, 'Zofra ODT', '4 mg'),
(2627, 1, 4, 'Zofra ODT', '8 mg'),
(2628, 19, 4, 'Zofra', ''),
(2629, 0, 0, '', ''),
(2630, 11, 4, 'Protinex', '500 ml'),
(2631, 11, 4, 'Protinex Gold', '500 ml'),
(2632, 10, 4, 'Arotide', '125'),
(2633, 10, 4, 'Arotide', '250'),
(2634, 10, 4, 'Salomax', ''),
(2635, 4, 4, 'Ketonic', '30'),
(2636, 4, 4, 'ketonic', '60'),
(2637, 4, 4, 'Kilmax', '750'),
(2638, 4, 4, 'Kilmax', '1.5'),
(2639, 4, 4, 'Losectil', '40'),
(2640, 4, 4, 'Milam', '15'),
(2641, 4, 4, 'Meroject', '500'),
(2642, 4, 4, 'Meroject', '1'),
(2643, 4, 4, 'Peptil', '50'),
(2644, 4, 4, 'Solbion', ''),
(2645, 4, 4, 'SK-cef', '500'),
(2646, 4, 4, 'Triject', '1'),
(2647, 4, 4, 'Triject', '2'),
(2648, 4, 4, 'Triject', '250'),
(2649, 4, 4, 'Triject', '250'),
(2650, 4, 4, 'Triject', '500'),
(2651, 4, 4, 'Triject', '500'),
(2652, 4, 4, 'Timothy', ''),
(2653, 4, 4, 'Esoral', '40'),
(2654, 4, 4, 'Tazimax', '1'),
(2655, 4, 4, 'Tazimax', '250'),
(2656, 4, 4, 'Zofra', '8'),
(2657, 4, 4, 'Megapime', '500'),
(2658, 4, 4, 'Megapime', '1'),
(2659, 4, 4, 'Megapime', '2'),
(2660, 4, 4, 'SK-cef', '1'),
(2661, 15, 4, 'Zithrox S', ''),
(2662, 15, 4, 'Zithrox M', ''),
(2663, 15, 4, 'Zithrox L', ''),
(2664, 2, 9, 'A-Forty Soft ', ''),
(2665, 2, 9, 'A-Vit-1 Soft Gelatin', ''),
(2666, 1, 9, 'A-Vit-2 Soft Gelatin', ''),
(2667, 1, 9, 'AL-DS', '400 mg'),
(2668, 3, 9, 'Actolin', '2mg/5ml'),
(2669, 1, 9, 'Actrim-DS', ''),
(2670, 5, 9, 'Actrim', '60ml'),
(2671, 1, 9, 'Anlet', '75 ml'),
(2672, 29, 9, 'Apodin', '50mg/1gm'),
(2673, 19, 9, 'Apodin', '100ml'),
(2674, 1, 9, 'Aros', '100mg'),
(2675, 3, 9, 'Asmafen', '100ml'),
(2676, 1, 9, 'Asmafen', ''),
(2677, 3, 9, 'Bizi', '100ml'),
(2678, 1, 9, 'Calpin Plus', '50 mg'),
(2679, 1, 9, 'Carbocal', '5mg'),
(2680, 1, 9, 'Carbocal-M', ''),
(2681, 1, 9, 'Carbocal-500', '1.25gm'),
(2682, 1, 9, 'Carbocal-D', '1.25gm'),
(2683, 1, 9, 'Cartifit', ''),
(2684, 2, 9, 'Cefix', '400 mg'),
(2685, 5, 9, 'Cefix Dry Powder', '100mg'),
(2686, 2, 9, 'Cefix', '200mg'),
(2687, 4, 9, 'Cetaxim', '1gm'),
(2688, 4, 9, 'cetaxim', '500mg'),
(2689, 8, 9, 'Clodal', '1%/1gm'),
(2690, 1, 9, 'Clon', ''),
(2691, 4, 9, 'D-Cort', '5mg/ml'),
(2692, 1, 9, 'D-Cort', '0.5mg'),
(2693, 2, 9, 'EPL Plus', ''),
(2694, 2, 9, 'Ecovit', '400'),
(2695, 2, 9, 'ecovit-S Soft', '200'),
(2696, 1, 9, 'Ema', '20mg'),
(2697, 1, 9, 'Etoxib', '60mg'),
(2698, 1, 9, 'Europan', '20mg'),
(2699, 1, 9, 'Europan', '60mg'),
(2700, 1, 9, 'Etoxib', '90mg'),
(2701, 1, 9, 'Europan', '20mg'),
(2702, 4, 9, 'Europan-40IV', '40mg'),
(2703, 1, 9, 'Europan', '40mg'),
(2704, 2, 9, 'Eusef', '500mg'),
(2705, 5, 9, 'Eusef DS', '250mg/5ml'),
(2706, 5, 9, 'Eusef Dry Powder', '125mg/5ml'),
(2707, 4, 9, 'Eusef', '1gm'),
(2708, 4, 9, 'Eusef', '500mg'),
(2709, 7, 9, 'Eusef Paediatric', '125mg/1.25ml'),
(2710, 3, 9, 'Femex 3up', '15mg/5ml'),
(2711, 5, 9, 'Fexona', '50ml'),
(2712, 1, 9, 'Fexona-120', ''),
(2713, 1, 9, 'Fexona-180', ''),
(2714, 1, 9, 'Flamic', '250mg'),
(2715, 1, 9, 'Flamic', '500mg'),
(2716, 5, 9, 'Flamic', '50mg/5ml'),
(2717, 1, 9, 'Fluzole', '150mg'),
(2718, 1, 9, 'Fluzole', '50mg'),
(2719, 1, 9, 'Frusiton', '20mg'),
(2720, 1, 9, 'Frusiton', '40mg'),
(2721, 1, 9, 'Genac', '50mg'),
(2722, 4, 9, 'Genac', '75mg/3ml'),
(2723, 4, 9, 'Genac Plus', '20mg/2ml'),
(2724, 1, 9, 'Gevit', ''),
(2725, 1, 9, 'Gloxen-250', ''),
(2726, 1, 9, 'Gloxen-500', ''),
(2727, 3, 9, 'Isoclox Dry Powder', '125mg/5ml'),
(2728, 2, 9, 'Isoclox', '250mg'),
(2729, 2, 9, 'Isoclox', '500mg'),
(2730, 1, 9, 'Kanaprim', '15mg'),
(2731, 1, 9, 'kanaquine', '300mg'),
(2732, 4, 9, 'kanaquine', '300mg/5ml'),
(2733, 3, 9, 'Kapron Dry 3up', '250mg'),
(2734, 1, 9, 'Kapron', '250mg'),
(2735, 1, 9, 'Kapron', '500mg'),
(2736, 1, 9, 'Kapron', '750mg'),
(2737, 5, 9, 'Laxolac', '3.40gm/5ml'),
(2738, 3, 9, 'Laxolac', '3.40gm/5ml'),
(2739, 1, 9, 'Liplo', '10mg'),
(2740, 1, 9, 'Liplo', '20mg'),
(2741, 1, 9, 'Locin', '500mg'),
(2742, 1, 9, 'Lok-50 Plus', ''),
(2743, 1, 9, 'Lok-50', '50mg'),
(2744, 4, 9, 'Merocar IV 4.', '1gm'),
(2745, 4, 9, 'Merocar IV 4.', '500mg'),
(2746, 8, 9, 'MIC', '2%/10gm'),
(2747, 8, 9, 'MIC-HC', '2%/10gm'),
(2748, 5, 9, 'Micogyl', '200mg/5ml'),
(2749, 1, 9, 'Micogyl', '400mg'),
(2750, 1, 9, 'Montifiast', '4mg'),
(2751, 1, 9, 'Montifiast', '10mg'),
(2752, 1, 9, 'Montifiast', '5mg'),
(2753, 1, 9, 'Nebium', ''),
(2754, 1, 9, 'Neuofen', '400mg'),
(2755, 2, 9, 'OP-20', '20mg'),
(2756, 2, 9, 'OP-40', '40mg'),
(2757, 4, 9, 'OP-40', '40mg'),
(2758, 1, 9, 'Pedial', '0.5mg'),
(2759, 7, 9, 'Pedigas', '67mg'),
(2760, 5, 9, 'Perion', '5mg/5ml'),
(2761, 1, 9, 'Perion', '10mg'),
(2762, 8, 9, 'Perls', '0.05'),
(2763, 5, 9, 'Pol', '120mg/5ml'),
(2764, 1, 9, 'Pol', '500mg'),
(2765, 1, 9, 'Pol Plus', ''),
(2766, 1, 9, 'Polan', '5mg'),
(2767, 3, 9, 'Quinolex', '80mg/5ml'),
(2768, 1, 9, 'Quinolex', '250mg'),
(2769, 1, 9, 'Radex', '10mg'),
(2770, 4, 9, 'Reladol', ''),
(2771, 1, 9, 'Roket-10', '10mg'),
(2772, 4, 9, 'Roket-30', '30mg'),
(2773, 4, 9, 'Roket-60', '60mg'),
(2774, 5, 9, 'Rolid Dry Powder', '50mg/5ml'),
(2775, 1, 9, 'Rolid-150', '150mg'),
(2776, 1, 9, 'Rolid-300', '300mg'),
(2777, 3, 9, 'Seas Plus', '100ml'),
(2778, 3, 9, 'Seas Plus', '200ml'),
(2779, 1, 9, 'Spar', '200mg'),
(2780, 1, 9, 'Spinafen', '10mg'),
(2781, 2, 9, 'Stano-M-Soft', ''),
(2782, 3, 9, 'Stanoplex', '100ml'),
(2783, 3, 9, 'Stanoplex', '200ml'),
(2784, 1, 9, 'Stanovit-M', ''),
(2785, 1, 9, 'Stanovit-B', ''),
(2786, 1, 9, 'Sucomet', '500mg'),
(2787, 1, 9, 'Sucomet', '850mg'),
(2788, 1, 9, 'Suco1', '80mg'),
(2789, 3, 9, 'Texco', '100ml'),
(2790, 5, 9, 'Throcin Dry Powder', '125mg/5ml'),
(2791, 4, 9, 'Tizime', '1mg'),
(2792, 4, 9, 'Tizime', '250mg'),
(2793, 4, 9, 'Tizime', '500mg'),
(2794, 4, 9, 'Tribac IM', '1gm'),
(2795, 4, 9, 'Tribac IV', '1gm'),
(2796, 4, 9, 'Tribac IM', '250mg'),
(2797, 4, 9, 'Tribac IV', '2gm'),
(2798, 4, 9, 'Tribac IV', '250mg'),
(2799, 4, 9, 'Tribac IV', '2gm'),
(2800, 4, 9, 'Tribac IM', '500mg'),
(2801, 4, 9, 'Tribac IV', '500mg'),
(2802, 4, 9, 'Tribion', ''),
(2803, 1, 9, 'Tribion', ''),
(2804, 3, 9, 'Trin', '60ml'),
(2805, 1, 9, 'Trin', '10mg'),
(2806, 1, 9, 'Ultradin', '150mg'),
(2807, 2, 9, 'Ultramox', '250mg'),
(2808, 2, 9, 'Ultramox', '500mg'),
(2809, 3, 9, 'Ultramox Dry Powder', '125mg/5ml'),
(2810, 2, 9, 'Unidox', '100mg'),
(2811, 4, 9, 'Vispazin', '5mg/2ml'),
(2812, 1, 9, 'Vispazin', '50mg'),
(2813, 3, 9, 'Winkol', '2mg/5ml'),
(2814, 5, 9, 'Xanide Powder', '100mg/5ml'),
(2815, 1, 9, 'Xanide', '500mg'),
(2816, 4, 9, 'Ximepime IM/IV', '1gm'),
(2817, 4, 9, 'Ximepime IM/IV', '500mg'),
(2818, 4, 9, 'Ximetil', '1.5mg'),
(2819, 1, 9, 'Ximetil', '250mg'),
(2820, 1, 9, 'Ximetil', '500mg'),
(2821, 4, 9, 'Ximetil IM/IV', '750mg'),
(2822, 1, 9, 'Xiotic', '0.5'),
(2823, 1, 9, 'Xtrum Gold', ''),
(2824, 3, 9, 'Zedoxim Dry 3up', '50ml'),
(2825, 2, 9, 'Zedoxim', '100mg'),
(2826, 2, 9, 'Zedoxim', '200mg'),
(2827, 3, 9, 'Zikid', '10mg/5ml'),
(2828, 1, 9, 'Zycin', '500mg'),
(2829, 5, 9, 'Zycin Dry Powder', '200mg/5ml'),
(2830, 5, 9, 'Zycin Powder', '200mg/5ml'),
(2831, 1, 13, 'Alantine DS', '400'),
(2832, 1, 13, 'Algin', '50'),
(2833, 4, 13, 'Algin', '2.5'),
(2834, 1, 13, 'Alphapress', '1'),
(2835, 1, 13, 'Alphapress', '2'),
(2836, 1, 13, 'Bactamox', '250'),
(2837, 1, 13, 'Bactamox', '500'),
(2838, 3, 13, 'Bactamox', ''),
(2839, 7, 13, 'Bactamox', ''),
(2840, 7, 13, 'Bactipront', '480'),
(2841, 7, 13, 'Bactipront DS', '960'),
(2842, 3, 13, 'Bactipront', ''),
(2843, 4, 13, 'Beconex', ''),
(2844, 3, 13, 'Beconex', ''),
(2845, 3, 13, 'Beconex ZI', ''),
(2846, 2, 13, 'Becosules', ''),
(2847, 2, 13, 'Becosules Gold', ''),
(2848, 1, 13, 'Bigmet FC', '500'),
(2849, 1, 13, 'Bigmet FC', '850'),
(2850, 1, 13, 'Bisoren', '2.5'),
(2851, 1, 13, 'Bisoren', '5'),
(2852, 1, 13, 'Bredicon', '75'),
(2853, 3, 13, 'Cabretol', '100'),
(2854, 1, 13, 'Cabretol', '200'),
(2855, 1, 13, 'Cabretol CR', '200'),
(2856, 4, 13, 'Calciferol', ''),
(2857, 1, 13, 'Calcin', '1.25'),
(2858, 1, 13, 'Calcin-D FC', ''),
(2859, 1, 13, 'Calcin-D', ''),
(2860, 1, 13, 'Calcin-D Film coated', ''),
(2861, 1, 13, 'Calcin-M Film Coated', ''),
(2862, 1, 13, 'Calcin-M ', ''),
(2863, 1, 13, 'Cardipin', '5'),
(2864, 1, 13, 'Cardipin Plus', '5'),
(2865, 8, 13, 'Caress', '0.025'),
(2866, 1, 13, 'Cartilage plus Fc', ''),
(2867, 1, 13, 'Ceclofen', '100'),
(2868, 4, 13, 'Cefazid', '500'),
(2869, 4, 13, 'Cefazid', '250'),
(2870, 4, 13, 'Cefazid', '1000'),
(2871, 4, 13, 'Cefotex', '1000'),
(2872, 4, 13, 'Cefotex', '250'),
(2873, 4, 13, 'Cefotex', '500'),
(2874, 4, 13, 'Ceftipime', '500'),
(2875, 4, 13, 'Ceftipime', '1000'),
(2876, 4, 13, 'Ceftipime', '2000'),
(2877, 4, 13, 'Ceftizone', '250'),
(2878, 4, 13, 'Ceftizone', '500'),
(2879, 4, 13, 'Ceftizone', '1000'),
(2880, 4, 13, 'Ceftizone', '1000'),
(2881, 4, 13, 'Ceftizone', '250'),
(2882, 4, 13, 'Ceftizone', '500'),
(2883, 4, 13, 'Ceftizone', '2000'),
(2884, 1, 13, 'Clarox FC', '250'),
(2885, 1, 13, 'Clarox FC', '500'),
(2886, 2, 13, 'Cloxicap', '500'),
(2887, 8, 13, 'Conasyd 1%', ''),
(2888, 1, 13, 'Criptine', '2.5'),
(2889, 2, 13, 'Danzol', '100'),
(2890, 2, 13, 'Danzol', '200'),
(2891, 3, 13, 'Deletin', ''),
(2892, 1, 13, 'Deltasone', '10'),
(2893, 1, 13, 'Deltasone', '20'),
(2894, 1, 13, 'Deltasone', '5'),
(2895, 1, 13, 'Deltasone', '1'),
(2896, 19, 13, 'Deltasone', ''),
(2897, 1, 13, 'Denixil', '0.5'),
(2898, 1, 13, 'Denixil', '2'),
(2899, 1, 13, 'Desolon', ''),
(2900, 4, 13, 'Dexa', ''),
(2901, 1, 13, 'Dexatab', '0.5'),
(2902, 1, 13, 'Domiren FC', '10'),
(2903, 7, 13, 'Domiren', ''),
(2904, 3, 13, 'Domiren', ''),
(2905, 2, 13, 'Doxicap', '50'),
(2906, 2, 13, 'Doxicap', '100'),
(2907, 1, 13, 'Dysmen', '250'),
(2908, 1, 13, 'Dysmen', '500'),
(2909, 2, 13, 'E-Gel', '200'),
(2910, 2, 13, 'E-Gel DS', '400'),
(2911, 1, 13, 'Emcon-1', '1.5'),
(2912, 1, 13, 'Emicet FC', '4'),
(2913, 1, 13, 'Emicet FC', '8'),
(2914, 4, 13, 'Emicet', ''),
(2915, 4, 13, 'Epidron', ''),
(2916, 1, 13, 'Erecta FC', ''),
(2917, 1, 13, 'Erecta FC', '100'),
(2918, 1, 13, 'Erythrox', '250'),
(2919, 1, 13, 'Erythrox', '500'),
(2920, 3, 13, 'Erythrox', ''),
(2921, 1, 13, 'Estracon FC', '0.625'),
(2922, 1, 13, 'Fenadin', '120'),
(2923, 1, 13, 'Fenadin FC', '180'),
(2924, 1, 13, 'Fenadin FC', '30'),
(2925, 1, 13, 'Fenadin FC', '60'),
(2926, 3, 13, 'Fenadin', ''),
(2927, 4, 13, 'Feristar', ''),
(2928, 2, 13, 'Flexicam', '10'),
(2929, 4, 13, 'Flexicam', ''),
(2930, 1, 13, 'Flotin', '250'),
(2931, 1, 13, 'Flotin', '500'),
(2932, 1, 13, 'Flotin', '750'),
(2933, 11, 13, 'Flotin', ''),
(2934, 3, 13, 'Flotin', ''),
(2935, 2, 13, 'Flustar', '250'),
(2936, 2, 13, 'Flustar', '500'),
(2937, 1, 13, 'Furocef FC', '125'),
(2938, 1, 13, 'Furocef FC', '250'),
(2939, 1, 13, 'Furocef FC', '500'),
(2940, 4, 13, 'Furocef', '1000'),
(2941, 4, 13, 'Furocef', '1500'),
(2942, 4, 13, 'Furocef', '250'),
(2943, 4, 13, 'Furocef', '750'),
(2944, 3, 13, 'Furocef', ''),
(2945, 1, 13, 'Gaba', '300'),
(2946, 1, 13, 'Gaba', '600'),
(2947, 2, 13, 'Gaba-P', '50'),
(2948, 2, 13, 'Gaba-P', '75'),
(2949, 1, 13, 'Gatlin', '200'),
(2950, 1, 13, 'Gatlin', '400'),
(2951, 1, 13, 'Gestrinol', '5'),
(2952, 1, 13, 'Giane', '35'),
(2953, 1, 13, 'Glicron', '80'),
(2954, 2, 13, 'Glicron CR', '30'),
(2955, 3, 13, 'Honycol', ''),
(2956, 3, 13, 'Honycol', ''),
(2957, 4, 13, 'Iropen', '500'),
(2958, 4, 13, 'Kain', ''),
(2959, 3, 13, 'Kiddi', ''),
(2960, 1, 13, 'Letrol', '2.5'),
(2961, 19, 13, 'Levoking', ''),
(2962, 1, 13, 'Levoking', '500'),
(2963, 1, 13, 'Levoking', '750'),
(2964, 2, 13, 'Lucan-R', '150'),
(2965, 2, 13, 'Lucan-R', '200'),
(2966, 2, 13, 'Lucan-R', '50'),
(2967, 3, 13, 'Lucan-R', ''),
(2968, 2, 13, 'Lucent', ''),
(2969, 1, 13, 'Maxolax', '10'),
(2970, 1, 13, 'Maxolax', '5'),
(2971, 2, 13, 'Maxpro', '20'),
(2972, 2, 13, 'Maxpro', '40'),
(2973, 4, 13, 'Maxpro', '40'),
(2974, 1, 13, 'maxpro EC', '20'),
(2975, 1, 13, 'maxpro EC', '40'),
(2976, 3, 13, 'Mazic', ''),
(2977, 3, 13, 'Mazic DS', ''),
(2978, 3, 13, 'Mazic JR', ''),
(2979, 1, 13, 'Mazic', '20'),
(2980, 1, 13, 'Medrogest', '10'),
(2981, 1, 13, 'Medrogest', '5'),
(2982, 1, 13, 'Medrogest', '2.5'),
(2983, 4, 13, 'Meropen', '1000'),
(2984, 4, 13, 'Meropen', '500'),
(2985, 1, 13, 'Metaloc', '100'),
(2986, 1, 13, 'Metaloc', '50'),
(2987, 1, 13, 'Metorax', '2.5'),
(2988, 4, 13, 'Mez', ''),
(2989, 2, 13, 'Microgest', '100'),
(2990, 2, 13, 'Microgest', '200'),
(2991, 4, 13, 'Morphin-R', ''),
(2992, 4, 13, 'Nandron', '25'),
(2993, 4, 13, 'Nandron', '50'),
(2994, 4, 13, 'Neos-R', ''),
(2995, 1, 13, 'Neurobest FC', ''),
(2996, 1, 13, 'Normanal FC', '500'),
(2997, 1, 13, 'Normens', '5'),
(2998, 1, 13, 'Norry', '5'),
(2999, 1, 13, 'Novelon FC', ''),
(3000, 1, 13, 'Odmon', '10'),
(3001, 1, 13, 'Odmon', '5'),
(3002, 1, 13, 'Orcef', '200'),
(3003, 1, 13, 'Orcef', '400'),
(3004, 2, 13, 'Orcef', '200'),
(3005, 3, 13, 'Orcef', ''),
(3006, 1, 13, 'Ostan', '25'),
(3007, 1, 13, 'Ostan', '50'),
(3008, 1, 13, 'Ostan Plus', '50'),
(3009, 1, 13, 'Ostan Plus', '100'),
(3010, 1, 13, 'Ovulet', '100'),
(3011, 1, 13, 'Ovulet', '50'),
(3012, 4, 13, 'Oxyton 5IU', ''),
(3013, 2, 13, 'Palsef', '300'),
(3014, 7, 13, 'Palsef', ''),
(3015, 7, 13, 'Palsef DS', ''),
(3016, 1, 13, 'Paradote', ''),
(3017, 2, 13, 'Pen-A', '250'),
(3018, 4, 13, 'Pen-A', '500'),
(3019, 1, 13, 'Pendoril', '2'),
(3020, 1, 13, 'Pendoril', '4'),
(3021, 1, 13, 'Pendoril Plus', '2'),
(3022, 1, 13, 'Pendoril Plus', '4'),
(3023, 4, 13, 'Pethidin-R', ''),
(3024, 1, 13, 'Phenocept', ''),
(3025, 1, 13, 'Plagrin FC', '75'),
(3026, 1, 13, 'Plagrin Plus FC 75+', '75'),
(3027, 2, 13, 'Polycef', '250'),
(3028, 2, 13, 'Polycef', '500'),
(3029, 3, 13, 'Polycef DS', ''),
(3030, 4, 13, 'Polycef', '1000'),
(3031, 4, 13, 'Polycef', '500'),
(3032, 4, 13, 'Polycef', '250'),
(3033, 7, 13, 'Polycef', ''),
(3034, 3, 13, 'Polycef', ''),
(3035, 2, 13, 'Prazole', '20'),
(3036, 4, 13, 'Pronapen 4LAC', ''),
(3037, 4, 13, 'Pronapen 8LAC', ''),
(3038, 1, 13, 'Proscan', '250'),
(3039, 4, 13, 'Protimin', ''),
(3040, 1, 13, 'Protonil EC', '20'),
(3041, 1, 13, 'Protonil EC', '40'),
(3042, 1, 13, 'Pushtikona', ''),
(3043, 1, 13, 'Pyra Plus FC', ''),
(3044, 1, 13, 'Pyralgin', '500'),
(3045, 3, 13, 'Pyralgin', ''),
(3046, 2, 13, 'Qcin', '150'),
(3047, 2, 13, 'Qcin', '300'),
(3048, 4, 13, 'Qcin', '300'),
(3049, 4, 13, 'Qcin', '600'),
(3050, 55, 13, 'Rabipur', ''),
(3051, 4, 13, 'Rapidol', ''),
(3052, 2, 13, 'Rapidol', '50'),
(3053, 3, 13, 'Recof', ''),
(3054, 1, 13, 'Regumen', ''),
(3055, 1, 13, 'Renxit FC', ''),
(3056, 19, 13, 'RM', '3.5'),
(3057, 19, 13, 'RM', '5'),
(3058, 2, 13, 'RM', '350'),
(3059, 19, 13, 'RM.I/M', ''),
(3060, 1, 13, 'Rolec', '10'),
(3061, 4, 13, 'Rolec', '10'),
(3062, 4, 13, 'Rolec', '30'),
(3063, 4, 13, 'Rolec', '60'),
(3064, 19, 13, 'Saline-R', ''),
(3065, 4, 13, 'Sivicaine Heavy', ''),
(3066, 1, 13, 'Sperid', '1'),
(3067, 1, 13, 'Sperid', '2'),
(3068, 1, 13, 'Taven FC', '10'),
(3069, 1, 13, 'Taven FC', '20'),
(3070, 1, 13, 'Taven', '40'),
(3071, 4, 13, 'Tazopen', '4500'),
(3072, 4, 13, 'TD-PUR', ''),
(3073, 4, 13, 'Tetanol PUR', ''),
(3074, 1, 13, 'Thyrox', '50'),
(3075, 1, 13, 'Thyrox', '100'),
(3076, 1, 13, 'Tolter FC', '1'),
(3077, 1, 13, 'Tolter FC', '2'),
(3078, 1, 13, 'Topmate', '25'),
(3079, 1, 13, 'Topmate', '50'),
(3080, 1, 13, 'Totifen', '1'),
(3081, 3, 13, 'Totifen', ''),
(3082, 1, 13, 'Tovastine-10', ''),
(3083, 1, 13, 'Trucef', '100'),
(3084, 1, 13, 'Trucef', '200'),
(3085, 3, 13, 'Trucef DS', ''),
(3086, 7, 13, 'Trucef', ''),
(3087, 3, 13, 'Trucef', ''),
(3088, 3, 13, 'Trulax', ''),
(3089, 1, 13, 'Valzide 160+', '12.5'),
(3090, 1, 13, 'Valzide 80+', '12.5'),
(3091, 55, 13, 'Vaxem Agrippal', ''),
(3092, 55, 13, 'Vaxem HIB', ''),
(3093, 2, 13, 'Xamic', '500'),
(3094, 4, 13, 'Xamic', '500'),
(3095, 3, 13, 'Xanita', ''),
(3096, 1, 13, 'Xanita FC', '500'),
(3097, 1, 13, 'Xcitin', '4'),
(3098, 1, 13, 'Xenapro', '250'),
(3099, 1, 13, 'Xenapro', '500'),
(3100, 1, 13, 'Zithrin', '250'),
(3101, 1, 13, 'Zithrin', '500'),
(3102, 2, 13, 'Zithrin', '250'),
(3103, 3, 13, 'Zithrin', ''),
(3104, 3, 13, 'Zithrin', ''),
(3105, 4, 13, 'Zithrin', ''),
(3106, 1, 13, 'Zostin', '10'),
(3107, 5, 2, 'Ace', '60'),
(3108, 5, 2, 'Ace', '125'),
(3109, 5, 2, 'Ace', '250'),
(3110, 5, 2, 'Ace', '500'),
(3111, 7, 2, 'Ace', ''),
(3112, 1, 2, 'Ace Plus', ''),
(3113, 1, 2, 'Ace', ''),
(3114, 3, 2, 'Ace', ''),
(3115, 1, 2, 'Ace XR', ''),
(3116, 1, 2, 'Acetram', ''),
(3117, 3, 2, 'Adryl', ''),
(3118, 8, 2, 'Afun', ''),
(3119, 7, 2, 'Alacot', ''),
(3120, 7, 2, 'Aladril', ''),
(3121, 3, 2, 'Aladril', ''),
(3122, 1, 2, 'Aladril', ''),
(3123, 7, 2, 'Alatrol', ''),
(3124, 3, 2, 'Alatrol', ''),
(3125, 1, 2, 'Alatrol', ''),
(3126, 1, 2, 'Almex', '400'),
(3127, 5, 2, 'Almex', ''),
(3128, 2, 2, 'Ambrox', '75SR'),
(3129, 7, 2, 'Ambrox', ''),
(3130, 3, 2, 'Ambrox', ''),
(3131, 1, 2, 'Amlosart', '5/20'),
(3132, 1, 2, 'Amodis', '400'),
(3133, 1, 2, 'Amodis', '500'),
(3134, 4, 2, 'Amodis', ''),
(3135, 5, 2, 'Amodis', ''),
(3136, 4, 2, 'Anadol', '100'),
(3137, 2, 2, 'Anadol', '100SR'),
(3138, 5, 2, 'Anadol', '100'),
(3139, 2, 2, 'Anadol', '50'),
(3140, 1, 2, 'Anclog', '75'),
(3141, 1, 2, 'Anclog Plus', ''),
(3142, 4, 2, 'Anespine', ''),
(3143, 1, 2, 'Angilock', '25'),
(3144, 1, 2, 'Angilock', '50'),
(3145, 1, 2, 'Angilock', '100'),
(3146, 1, 2, 'Angilock Plus', '100/12.5'),
(3147, 1, 2, 'Angilock Plus', '100/25'),
(3148, 1, 2, 'Angilock Plus', '50/12.5'),
(3149, 1, 2, 'Angivent MR', ''),
(3150, 1, 2, 'Anleptic', '200'),
(3151, 1, 2, 'Anleptic CR', '200'),
(3152, 5, 2, 'Anleptic', ''),
(3153, 1, 2, 'Anoxa', ''),
(3154, 1, 2, 'Anril', '0.5'),
(3155, 4, 2, 'Anril', ''),
(3156, 14, 2, 'Anril', ''),
(3157, 1, 2, 'Anril', ''),
(3158, 4, 2, 'Ansulin 30/70', '100'),
(3159, 4, 2, 'Ansulin 30/70', '40'),
(3160, 4, 2, 'Ansulin 50/50', '100'),
(3161, 4, 2, 'Ansulin R', '40'),
(3162, 4, 2, 'Ansulin N', '100'),
(3163, 4, 2, 'Ansulin N', '40'),
(3164, 7, 2, 'Antazol', '0.0005'),
(3165, 7, 2, 'Antazol', '0.001'),
(3166, 7, 2, 'Antazol Plus', ''),
(3167, 3, 2, 'Antista', ''),
(3168, 1, 2, 'Antiva', ''),
(3169, 1, 2, 'Anzitor', '10'),
(3170, 1, 2, 'Anzitor', '20'),
(3171, 1, 2, 'Anzitor', '40'),
(3172, 22, 2, 'Apsol', ''),
(3173, 2, 2, 'Aviflu', ''),
(3174, 3, 2, 'B-50 Forte', ''),
(3175, 2, 2, 'B-50 Forte', ''),
(3176, 1, 2, 'B-50 Forte', ''),
(3177, 4, 2, 'B-50 Forte', ''),
(3178, 29, 2, 'Bactrocin', ''),
(3179, 1, 2, 'Barif', '40'),
(3180, 1, 2, 'Barif', '80'),
(3181, 10, 2, 'Beclomin', '50'),
(3182, 10, 2, 'Beclomin', '250'),
(3183, 10, 2, 'Beclomin', '100'),
(3184, 14, 2, 'Beco Spray', ''),
(3185, 4, 2, 'Benzapen', ''),
(3186, 1, 2, 'Beovit', ''),
(3187, 8, 2, 'Betameson-N', ''),
(3188, 3, 2, 'Bicozin', ''),
(3189, 1, 2, 'Bicozin', ''),
(3190, 3, 2, 'Bicozin-I', ''),
(3191, 1, 2, 'Bisocor', '2.5'),
(3192, 1, 2, 'Bisocor', '5'),
(3193, 1, 2, 'Bisocor', '10'),
(3194, 1, 2, 'Bisocor Plus', '2.5/6.25'),
(3195, 1, 2, 'Bisocor Plus', '5/6.25'),
(3196, 3, 2, 'Brofex', ''),
(3197, 1, 2, 'Bromolac', ''),
(3198, 2, 2, 'Bufocort', '100'),
(3199, 2, 2, 'Bufocort', '200'),
(3200, 2, 2, 'Bufocort', '400'),
(3201, 8, 2, 'Burna', ''),
(3202, 8, 2, 'Butafin', ''),
(3203, 1, 2, 'Cadnyl', '4'),
(3204, 1, 2, 'Calbo', '500'),
(3205, 1, 2, 'Calbo JR', ''),
(3206, 1, 2, 'Calbo-C', ''),
(3207, 1, 2, 'Calbo-D', ''),
(3208, 1, 2, 'Calboplex', ''),
(3209, 1, 2, 'Camlodin', '5'),
(3210, 1, 2, 'Camlodin', '10'),
(3211, 1, 2, 'Camlodin Plus', ''),
(3212, 1, 2, 'Camlodin Plus', '25'),
(3213, 2, 2, 'Camlopril', '5/10'),
(3214, 2, 2, 'Camlopril', '5/20'),
(3215, 1, 2, 'Camlotor', '5/10'),
(3216, 1, 2, 'Camoval', '5/160'),
(3217, 1, 2, 'Camoval', '5/80'),
(3218, 5, 2, 'Candex', ''),
(3219, 8, 2, 'Capsi', ''),
(3220, 1, 2, 'Carbizol', ''),
(3221, 1, 2, 'Cardipro', '100'),
(3222, 1, 2, 'Cardipro', '50'),
(3223, 1, 2, 'Cardipro Plus', '50'),
(3224, 1, 2, 'Carva', '75'),
(3225, 1, 2, 'Cavir', '0.5'),
(3226, 1, 2, 'Cavir', '1'),
(3227, 1, 2, 'Ceevit', '250'),
(3228, 1, 2, 'Ceevit Forte', ''),
(3229, 2, 2, 'Cef-3', ''),
(3230, 1, 2, 'Cef-3 DS', ''),
(3231, 2, 2, 'Cef-3 DS', ''),
(3232, 1, 2, 'Cef-3 Forte', ''),
(3233, 1, 2, 'Cef-3', ''),
(3234, 3, 2, 'Cef-3', ''),
(3235, 4, 2, 'Cefotil', '1.5'),
(3236, 1, 2, 'Cefotil', '250'),
(3237, 1, 2, 'Cefotil', '125'),
(3238, 1, 2, 'Cefotil', '500'),
(3239, 4, 2, 'Cefotil', '750'),
(3240, 15, 2, 'Cefotil', ''),
(3241, 4, 2, 'Ceftron', '1000'),
(3242, 4, 2, 'Ceftron', '250'),
(3243, 4, 2, 'Ceftron', '500'),
(3244, 4, 2, 'Ceftron', '2000'),
(3245, 1, 2, 'Ceporin', ''),
(3246, 15, 2, 'Ceporin', ''),
(3247, 1, 2, 'Cerevas', ''),
(3248, 1, 2, 'Cholinor', ''),
(3249, 1, 2, 'Cilosta', ''),
(3250, 1, 2, 'Cinaron', ''),
(3251, 1, 2, 'Cinaron Plus', ''),
(3252, 4, 2, 'Ciprocin', '200'),
(3253, 1, 2, 'Ciprocin', '250'),
(3254, 1, 2, 'Ciprocin', '500'),
(3255, 1, 2, 'Ciprocin', '750'),
(3256, 7, 2, 'Ciprocin', ''),
(3257, 15, 2, 'Ciprocin', ''),
(3258, 1, 2, 'Ciprocin XR', '1000'),
(3259, 2, 2, 'Climycin', '150'),
(3260, 2, 2, 'Climycin', '300'),
(3261, 16, 2, 'Clinface', ''),
(3262, 1, 2, 'Clobam', ''),
(3263, 5, 2, 'Clofenac', '100'),
(3264, 2, 2, 'Clofenac', '100'),
(3265, 5, 2, 'Clofenac', '12.5'),
(3266, 5, 2, 'Clofenac', '25'),
(3267, 1, 2, 'Clofenac', '25'),
(3268, 5, 2, 'Clofenac', '50'),
(3269, 1, 2, 'Clofenac', '50'),
(3270, 1, 2, 'Clofenac', ''),
(3271, 16, 2, 'Clofenac', ''),
(3272, 4, 2, 'Clofenac', ''),
(3273, 4, 2, 'Clofenac Plus', ''),
(3274, 1, 2, 'Clofenac SR', ''),
(3275, 4, 2, 'Clotinex', '40'),
(3276, 4, 2, 'Clotinex', '60'),
(3277, 4, 2, 'Colicon', ''),
(3278, 3, 2, 'Colicon', ''),
(3279, 1, 2, 'Colicon', ''),
(3280, 1, 2, 'Comet', '500'),
(3281, 1, 2, 'Comet', '750'),
(3282, 1, 2, 'Comet', '850'),
(3283, 1, 2, 'Comet', '1000'),
(3284, 1, 2, 'Comet XR', '1000'),
(3285, 1, 2, 'Comet XR', '500'),
(3286, 1, 2, 'Comprid', ''),
(3287, 1, 2, 'Comprid XR', ''),
(3288, 1, 2, 'Contifil SR', '300'),
(3289, 1, 2, 'Contifil SR', '400'),
(3290, 1, 2, 'Contilex', ''),
(3291, 1, 2, 'Contrim DS', ''),
(3292, 1, 2, 'Contrim  ', ''),
(3293, 5, 2, 'Contrim', ''),
(3294, 4, 2, 'Defiron', ''),
(3295, 2, 2, 'Delipid', ''),
(3296, 1, 2, 'Depram', ''),
(3297, 1, 2, 'Deprex', '5'),
(3298, 1, 2, 'Deprex', '10'),
(3299, 29, 2, 'D-rash', ''),
(3300, 29, 2, 'Dermasol', ''),
(3301, 8, 2, 'Dermasol', ''),
(3302, 29, 2, 'Dermasol-N', ''),
(3303, 8, 2, 'Dermasol-N', ''),
(3304, 54, 2, 'Dermasol-S', ''),
(3305, 1, 2, 'Dexonex', ''),
(3306, 7, 2, 'Dexonex-C', ''),
(3307, 1, 2, 'Dibenol', ''),
(3308, 2, 2, 'Diliner', '30'),
(3309, 2, 2, 'Diliner', '60'),
(3310, 1, 2, 'Diltizem', '90'),
(3311, 8, 2, 'Diprobet', ''),
(3312, 29, 2, 'Diprobet', ''),
(3313, 2, 2, 'Doxacil', ''),
(3314, 2, 2, 'Durol', '10'),
(3315, 2, 2, 'Durol', '20'),
(3316, 1, 2, 'Durol', '12.5'),
(3317, 1, 2, 'Durol', '6.25'),
(3318, 8, 2, 'Divon', ''),
(3319, 29, 2, 'Divon', ''),
(3320, 29, 2, 'Divon Plus', ''),
(3321, 8, 2, 'Eczena', ''),
(3322, 29, 2, 'Eczena', ''),
(3323, 1, 2, 'Efigrel', '5'),
(3324, 1, 2, 'Efigrel', '10'),
(3325, 1, 2, 'Elzer', ''),
(3326, 1, 2, 'Emcil', ''),
(3327, 5, 2, 'Entacyd', ''),
(3328, 1, 2, 'Entacyd', ''),
(3329, 5, 2, 'Entacyd Plus', ''),
(3330, 1, 2, 'Entacyd Plus', ''),
(3331, 1, 2, 'Epinal', '30'),
(3332, 1, 2, 'Epinal', '60'),
(3333, 4, 2, 'Epinal', ''),
(3334, 1, 2, 'Epitra', '0.5'),
(3335, 1, 2, 'Epitra', '2'),
(3336, 7, 2, 'Epitra', ''),
(3337, 8, 2, 'Ecura', ''),
(3338, 8, 2, 'Erian', ''),
(3339, 29, 2, 'Erian', ''),
(3340, 1, 2, 'Ermox', '100'),
(3341, 5, 2, 'Ermox', ''),
(3342, 1, 2, 'Eromycin', '250'),
(3343, 1, 2, 'Eromycin-DS', ''),
(3344, 33, 2, 'Eromycin', ''),
(3345, 7, 2, 'Eromycin', ''),
(3346, 3, 2, 'Eromycin', ''),
(3347, 1, 2, 'Esloric', '300'),
(3348, 1, 2, 'Esloric', '100'),
(3349, 2, 2, 'Esmo LA', ''),
(3350, 1, 2, 'Esmo  ', ''),
(3351, 1, 2, 'Espa', ''),
(3352, 4, 2, 'Espa', ''),
(3353, 1, 2, 'Evit', '200'),
(3354, 2, 2, 'Eyevi', ''),
(3355, 29, 2, 'Ezex', ''),
(3356, 8, 2, 'Ezex', ''),
(3357, 1, 2, 'Facticin', ''),
(3358, 1, 2, 'Famotack', '20'),
(3359, 1, 2, 'Famotack', '40'),
(3360, 1, 2, 'Femastin', ''),
(3361, 2, 2, 'Fe-Plus', '');
INSERT INTO `drug` (`drugID`, `typeID`, `companyID`, `drugName`, `strength`) VALUES
(3362, 1, 2, 'Fexo', '60'),
(3363, 1, 2, 'Fexo', '180'),
(3364, 1, 2, 'Fexo', '120'),
(3365, 1, 2, 'Fexo Plus', ''),
(3366, 5, 2, 'Fexo', ''),
(3367, 1, 2, 'FilFresh', ''),
(3368, 1, 2, 'FilWell Gold', ''),
(3369, 3, 2, 'FilWell Kids', ''),
(3370, 1, 2, 'FilWell Silver', ''),
(3371, 7, 2, 'Flacol', ''),
(3372, 1, 2, 'Flexi', ''),
(3373, 1, 2, 'Flexilax', '5'),
(3374, 1, 2, 'Flexilax', '10'),
(3375, 14, 2, 'Flonaspray', ''),
(3376, 2, 2, 'Flugal', '50'),
(3377, 2, 2, 'Flugal', '150'),
(3378, 2, 2, 'Flugal', '200'),
(3379, 5, 2, 'Flugal', ''),
(3380, 1, 2, 'Flurizen', '5'),
(3381, 1, 2, 'Flurizen', '10'),
(3382, 8, 2, 'Fona', ''),
(3383, 16, 2, 'Fona', ''),
(3384, 8, 2, 'Fona Plus', ''),
(3385, 4, 2, 'Force', '1000'),
(3386, 2, 2, 'Frabex', '500'),
(3387, 2, 2, 'Frabex', '500'),
(3388, 1, 2, 'Fungidal', ''),
(3389, 8, 2, 'Fungidal', ''),
(3390, 8, 2, 'Fungidal-HC', ''),
(3391, 1, 2, 'Fusid', '40'),
(3392, 4, 2, 'Fusid', ''),
(3393, 1, 2, 'Fusid Plus', '40'),
(3394, 1, 2, 'Fusid Plus', ''),
(3395, 1, 2, 'Gabastar', '100'),
(3396, 1, 2, 'Gabastar', '500'),
(3397, 1, 2, 'Gabastar', '600'),
(3398, 3, 2, 'Gabastar', ''),
(3399, 16, 2, 'Gelora', ''),
(3400, 4, 2, 'Genacyn', '20'),
(3401, 4, 2, 'Genacyn', '80'),
(3402, 7, 2, 'Genacyn', ''),
(3403, 29, 2, 'Genacyn', ''),
(3404, 4, 2, 'Genisia', ''),
(3405, 37, 2, 'Germisol', ''),
(3406, 1, 2, 'Geston', ''),
(3407, 1, 2, 'Glyros', '2'),
(3408, 5, 2, 'Gynepro', ''),
(3409, 8, 2, 'Halobet', ''),
(3410, 29, 2, 'Halobet', ''),
(3411, 1, 2, 'Hemorif', ''),
(3412, 1, 2, 'Hepavir', '100'),
(3413, 2, 2, 'Emotil', ''),
(3414, 1, 2, 'Inflagic', '5'),
(3415, 1, 2, 'Inflagic', '20'),
(3416, 10, 2, 'Imprex', ''),
(3417, 19, 2, 'Imprex', ''),
(3418, 25, 2, 'Imprex', ''),
(3419, 1, 2, 'Isovent', '100'),
(3420, 1, 2, 'Isovent', '200'),
(3421, 1, 2, 'Isovent', '600'),
(3422, 2, 2, 'Itra', ''),
(3423, 1, 2, 'Ivanor', '5'),
(3424, 1, 2, 'Ivanor', '7.5'),
(3425, 7, 2, 'Iventy', ''),
(3426, 11, 2, 'Iventy', '400'),
(3427, 1, 2, 'Kalinac', '50'),
(3428, 1, 2, 'Ketoral', ''),
(3429, 1, 2, 'Kitex', ''),
(3430, 4, 2, 'K-One MM', ''),
(3431, 2, 2, 'Kop', '100'),
(3432, 2, 2, 'Kop', '200'),
(3433, 1, 2, 'Kop', '50'),
(3434, 16, 2, 'Kop', ''),
(3435, 4, 2, 'Kop', ''),
(3436, 1, 2, 'Laciten', '2'),
(3437, 1, 2, 'Laciten', '4'),
(3438, 2, 2, 'Lanso', '15'),
(3439, 2, 2, 'Lanso', '30'),
(3440, 1, 2, 'Laxyl', ''),
(3441, 4, 2, 'Lebac', '1000'),
(3442, 2, 2, 'Lebac', '250'),
(3443, 2, 2, 'Lebac', '500'),
(3444, 4, 2, 'Lebac', '500'),
(3445, 7, 2, 'Lebac ', ''),
(3446, 15, 2, 'Lebac ', ''),
(3447, 15, 2, 'Lebac Forte', ''),
(3448, 1, 2, 'Lerozol', ''),
(3449, 19, 2, 'Levocar', ''),
(3450, 1, 2, 'Levocar', ''),
(3451, 1, 2, 'Levostar', '1'),
(3452, 1, 2, 'Levostar', '2'),
(3453, 10, 2, 'Levostar', ''),
(3454, 3, 2, 'Levostar', ''),
(3455, 1, 2, 'Lipired', '160'),
(3456, 1, 2, 'Lipired', '200'),
(3457, 3, 2, 'Livwel', ''),
(3458, 7, 2, 'Locular', ''),
(3459, 2, 2, 'Lorasef', '500'),
(3460, 7, 2, 'Lorasef', ''),
(3461, 15, 2, 'Lorasef', ''),
(3462, 1, 2, 'Loratin Fast', ''),
(3463, 1, 2, 'Loratin Plus', ''),
(3464, 1, 2, 'Loratin', ''),
(3465, 5, 2, 'Loratin', ''),
(3466, 7, 2, 'Lubtear', ''),
(3467, 1, 2, 'Lumertam', ''),
(3468, 1, 2, 'Maganta Plus', ''),
(3469, 5, 2, 'Maganta Plus', ''),
(3470, 1, 2, 'Malacide', ''),
(3471, 4, 2, 'Maxcef', '1000'),
(3472, 4, 2, 'Maxcef', '500'),
(3473, 4, 2, 'Maxcef', '250'),
(3474, 4, 2, 'Maxpine', '1000'),
(3475, 4, 2, 'Maxpine', '2000'),
(3476, 4, 2, 'Maxpine', '500'),
(3477, 2, 2, 'Maxrin', ''),
(3478, 1, 2, 'Melcam', '7.5'),
(3479, 1, 2, 'Melcam', '15'),
(3480, 1, 2, 'Melixol', ''),
(3481, 1, 2, 'Menoral', ''),
(3482, 1, 2, 'Merison', ''),
(3483, 14, 2, 'Metaspray', ''),
(3484, 4, 2, 'Methicol', ''),
(3485, 1, 2, 'Methicol', ''),
(3486, 1, 2, 'Mevin', ''),
(3487, 1, 2, 'Mexlo', '400'),
(3488, 7, 2, 'Mexlo', ''),
(3489, 1, 2, 'Miclofenac', '50'),
(3490, 1, 2, 'Miclofenac', '75'),
(3491, 1, 2, 'Migranil', '0.5'),
(3492, 1, 2, 'Migranil', '1.5'),
(3493, 1, 2, 'Mirakof', ''),
(3494, 1, 2, 'Montene Chewable', '4'),
(3495, 1, 2, 'Montene Chewable', '5'),
(3496, 1, 2, 'Montene', '10'),
(3497, 1, 2, 'Monty Fast', ''),
(3498, 7, 2, 'Matigut', ''),
(3499, 5, 2, 'Matigut', ''),
(3500, 1, 2, 'Matigut', ''),
(3501, 2, 2, 'Moxacil', '250'),
(3502, 2, 2, 'Moxacil', '500'),
(3503, 1, 2, 'Moxacil', '250'),
(3504, 1, 2, 'Moxacil', '875'),
(3505, 4, 2, 'Moxacil', '500'),
(3506, 5, 2, 'Moxacil ', ''),
(3507, 15, 2, 'Moxacil ', ''),
(3508, 15, 2, 'Moxacil Forte', ''),
(3509, 4, 2, 'Moxaclav', '0.6'),
(3510, 4, 2, 'Moxaclav', '1.2'),
(3511, 1, 2, 'Moxaclav', '1000'),
(3512, 1, 2, 'Moxaclav', '375'),
(3513, 1, 2, 'Moxaclav', '625'),
(3514, 15, 2, 'Moxaclav', ''),
(3515, 15, 2, 'Moxaclav Forte', ''),
(3516, 3, 2, 'Mucospell', ''),
(3517, 1, 2, 'Mucospell', ''),
(3518, 1, 2, 'Multivit Plus', ''),
(3519, 1, 2, 'Myonil', ''),
(3520, 7, 2, 'Nacromin', ''),
(3521, 15, 2, 'Nalid', ''),
(3522, 1, 2, 'Nalid', ''),
(3523, 1, 2, 'Naurif', ''),
(3524, 4, 2, 'Naurif', ''),
(3525, 29, 2, 'Nebanol', ''),
(3526, 29, 2, 'Nebanol Plus', ''),
(3527, 1, 2, 'Neotack', '150'),
(3528, 1, 2, 'Neotack', '300'),
(3529, 4, 2, 'Neotack IV', ''),
(3530, 3, 2, 'Neotack', ''),
(3531, 8, 2, 'Nepranol', ''),
(3532, 4, 2, 'Neuro-B', ''),
(3533, 1, 2, 'Neuro-B', ''),
(3534, 1, 2, 'Neurolep', ''),
(3535, 19, 2, 'Neurolep', ''),
(3536, 3, 2, 'Neurolin', '50'),
(3537, 3, 2, 'Neurolin', '75'),
(3538, 3, 2, 'Neurolin', '150'),
(3539, 1, 2, 'Nexum', '20'),
(3540, 1, 2, 'Nexum', '40'),
(3541, 2, 2, 'Nexum', '20'),
(3542, 2, 2, 'Nexum', '40'),
(3543, 4, 2, 'Nexum', '40'),
(3544, 1, 2, 'Nidipine SP', ''),
(3545, 2, 2, 'Nidipro', ''),
(3546, 16, 2, 'Nilac', ''),
(3547, 1, 2, 'Nimocal', ''),
(3548, 1, 2, 'Nixalo', '0.5'),
(3549, 1, 2, 'Nixalo', '0.25'),
(3550, 7, 2, 'Nokon', '0.00025'),
(3551, 7, 2, 'Nokon', '0.0005'),
(3552, 1, 2, 'Nomi', '2.5'),
(3553, 1, 2, 'Norpil', ''),
(3554, 10, 2, 'Norvent', ''),
(3555, 4, 2, 'Norvis', ''),
(3556, 1, 2, 'Norvis', ''),
(3557, 7, 2, 'Ocufen', ''),
(3558, 3, 2, 'Ofkof', ''),
(3559, 1, 2, 'Ofran', '8'),
(3560, 4, 2, 'Ofran', ''),
(3561, 19, 2, 'Ofran', ''),
(3562, 1, 2, 'Olmecar', '20'),
(3563, 1, 2, 'Olmecar', '40'),
(3564, 1, 2, 'Olmecar Plus', '20/12.5'),
(3565, 8, 2, 'Oni', ''),
(3566, 16, 2, 'Orogel', ''),
(3567, 19, 2, 'Osmolax', ''),
(3568, 1, 2, 'Ostel', '10'),
(3569, 1, 2, 'Ostel', '70'),
(3570, 1, 2, 'Ostel D', '10/400'),
(3571, 1, 2, 'Ostel D', '70/2800'),
(3572, 1, 2, 'Oxapro', '5'),
(3573, 1, 2, 'Oxapro', '10'),
(3574, 1, 2, 'Oxifyl CR', ''),
(3575, 1, 2, 'Oxat', '20'),
(3576, 8, 2, 'Oxifun', ''),
(3577, 1, 2, 'Panodin SR', ''),
(3578, 8, 2, 'Penrif', '15'),
(3579, 8, 2, 'Penrif', '30'),
(3580, 1, 2, 'Pentadol', '50'),
(3581, 1, 2, 'Pentadol', '75'),
(3582, 1, 2, 'Penvik', ''),
(3583, 15, 2, 'Penvik', ''),
(3584, 1, 2, 'Penvik DS', ''),
(3585, 15, 2, 'Penvik Forte', ''),
(3586, 1, 2, 'Peridol', '5'),
(3587, 4, 2, 'Perkinil', ''),
(3588, 1, 2, 'Perkinil', ''),
(3589, 1, 2, 'Perkirol', '0.25'),
(3590, 1, 2, 'Perkirol', '2'),
(3591, 1, 2, 'Puritar', '1'),
(3592, 1, 2, 'Puritar', '3'),
(3593, 8, 2, 'Pevitin', ''),
(3594, 2, 2, 'Phylopen', ''),
(3595, 4, 2, 'Phylopen', '500'),
(3596, 15, 2, 'Phylopen', ''),
(3597, 2, 2, 'Phylopen DS', ''),
(3598, 15, 2, 'Phylopen Forte', ''),
(3599, 1, 2, 'Pyramed', '25'),
(3600, 1, 2, 'Pyramed', '200'),
(3601, 2, 2, 'Prolert', ''),
(3602, 1, 2, 'Promtil', ''),
(3603, 4, 2, 'Promtil', ''),
(3604, 1, 2, 'Pronor', ''),
(3605, 1, 2, 'Proxivir', ''),
(3606, 3, 2, 'Purotrol', ''),
(3607, 1, 2, 'Purotrol', ''),
(3608, 1, 2, 'Rebeca', '20'),
(3609, 4, 2, 'Radirif', ''),
(3610, 29, 2, 'Rectocare', ''),
(3611, 1, 2, 'Remac', ''),
(3612, 29, 2, 'Remus', '0.0003'),
(3613, 29, 2, 'Remus', '0.001'),
(3614, 1, 2, 'Renorma', ''),
(3615, 1, 2, 'Repres SR', '1.5'),
(3616, 1, 2, 'Repres Plus', '2'),
(3617, 1, 2, 'Repres Plus', '4'),
(3618, 1, 2, 'Revira', '1000'),
(3619, 1, 2, 'Revira', '500'),
(3620, 1, 2, 'Rex', ''),
(3621, 1, 2, 'Rezulin', '15/500'),
(3622, 1, 2, 'Rezulin', '15/850'),
(3623, 51, 2, 'Rice ORS', '250'),
(3624, 51, 2, 'Rice ORS', '500'),
(3625, 1, 2, 'Ripril', '1.25'),
(3626, 1, 2, 'Ripril', '2.5'),
(3627, 1, 2, 'Ripril', '5'),
(3628, 1, 2, 'Ripril Plus', '2.5/12.5'),
(3629, 1, 2, 'Ripril Plus', '5.0/25.0'),
(3630, 1, 2, 'Risedon', '150'),
(3631, 1, 2, 'Robic', ''),
(3632, 1, 2, 'Rosuva', '5'),
(3633, 1, 2, 'Rosuva', '10'),
(3634, 1, 2, 'Rosuva', '20'),
(3635, 1, 2, 'Rutix', '200'),
(3636, 1, 2, 'Rutix', '400'),
(3637, 1, 2, 'Saga', '200'),
(3638, 10, 2, 'Salmate', ''),
(3639, 1, 2, 'Sanit', ''),
(3640, 8, 2, 'Scabex', '0.05'),
(3641, 2, 2, 'Seclo', '20'),
(3642, 2, 2, 'Seclo', '40'),
(3643, 4, 2, 'Seclo', '40'),
(3644, 1, 2, 'Seclo DR', '20'),
(3645, 1, 2, 'Secnid DS', ''),
(3646, 1, 2, 'Secrin', '1'),
(3647, 1, 2, 'Secrin', '2'),
(3648, 1, 2, 'Secrin', '3'),
(3649, 1, 2, 'Secrin', '4'),
(3650, 1, 2, 'Sedil', ''),
(3651, 4, 2, 'Sedil', ''),
(3652, 1, 2, 'Sedno', '5'),
(3653, 3, 2, 'Sedno', ''),
(3654, 1, 2, 'Sensimet', '1'),
(3655, 1, 2, 'Sensimet', '2'),
(3656, 1, 2, 'Sensimet', '4'),
(3657, 2, 2, 'Servin', ''),
(3658, 1, 2, 'Siglimet', '50/1000'),
(3659, 1, 2, 'Siglimet', '50/500'),
(3660, 1, 2, 'Siglita', '50'),
(3661, 1, 2, 'Siglita', '100'),
(3662, 1, 2, 'Simacor', '10'),
(3663, 14, 2, 'Snizex', ''),
(3664, 7, 2, 'Solo', ''),
(3665, 1, 2, 'Sonap', '250'),
(3666, 1, 2, 'Sonap', '500'),
(3667, 5, 2, 'Sonap', '500'),
(3668, 16, 2, 'Sonap', ''),
(3669, 4, 2, 'Specbac', '1000'),
(3670, 4, 2, 'Specbac', '500'),
(3671, 7, 2, 'Sq-Mycetin', ''),
(3672, 1, 2, 'Squarezinc', ''),
(3673, 2, 2, 'Swev', '10'),
(3674, 10, 2, 'Sulprex', ''),
(3675, 25, 2, 'Sulprex', ''),
(3676, 1, 2, 'Sultolin', '4'),
(3677, 2, 2, 'Sultolin', ''),
(3678, 10, 2, 'Sultolin', ''),
(3679, 48, 2, 'Sultolin', ''),
(3680, 25, 2, 'Sultolin', ''),
(3681, 1, 2, 'Sultolin SR', ''),
(3682, 3, 2, 'Sultolin', ''),
(3683, 4, 2, 'Tazid', '1000'),
(3684, 4, 2, 'Tazid', '500'),
(3685, 4, 2, 'Tazid', '250'),
(3686, 1, 2, 'Tebust', ''),
(3688, 2, 2, 'Tetrax', '500'),
(3689, 1, 2, 'Thyrin', ''),
(3690, 2, 2, 'Ticamet', '100'),
(3691, 2, 2, 'Ticamet', '250'),
(3692, 10, 2, 'Ticamet', '125'),
(3693, 10, 2, 'Ticamet', '50'),
(3694, 10, 2, 'Ticamet', '250'),
(3695, 8, 2, 'Ticas', '0.0005'),
(3696, 29, 2, 'Ticas', '0.005%'),
(3697, 1, 2, 'Timotor', '100'),
(3698, 8, 2, 'Togent', ''),
(3699, 8, 2, 'Topicort', ''),
(3700, 1, 2, 'Torax', '10'),
(3701, 4, 2, 'Torax', '10'),
(3702, 4, 2, 'Torax', '30'),
(3703, 4, 2, 'Torax', '60'),
(3704, 1, 2, 'Tory', '60'),
(3705, 1, 2, 'Tory', '90'),
(3706, 1, 2, 'Tory', '120'),
(3707, 1, 2, 'Tos', '15'),
(3708, 1, 2, 'Tos', '30'),
(3709, 1, 2, 'Tosirin', '30/2'),
(3710, 1, 2, 'Tosirin', '30/4'),
(3711, 1, 2, 'Trevox', '500'),
(3712, 1, 2, 'Trevox', '750'),
(3713, 4, 2, 'Trevox', '500'),
(3714, 19, 2, 'Trevox', ''),
(3715, 14, 2, 'Trispray', ''),
(3716, 1, 2, 'Trupan', '20'),
(3717, 1, 2, 'Trupan', '40'),
(3718, 4, 2, 'Trupan', '40'),
(3719, 1, 2, 'Triptin', '10'),
(3720, 1, 2, 'Triptin', '25'),
(3721, 3, 2, 'Tusca', ''),
(3722, 1, 2, 'Ucol', '2'),
(3723, 1, 2, 'Uriten', ''),
(3724, 1, 2, 'Valoate CR', '200'),
(3725, 1, 2, 'Valoate CR', '300'),
(3726, 1, 2, 'Valoate CR', '500'),
(3727, 3, 2, 'Valoate', ''),
(3728, 2, 2, 'Vanprox', '100'),
(3729, 2, 2, 'Vanprox', '200'),
(3730, 7, 2, 'Vanprox', ''),
(3731, 15, 2, 'Vanprox', ''),
(3732, 15, 2, 'Vanprox Forte', ''),
(3733, 1, 2, 'Vasopril', '5'),
(3734, 1, 2, 'Vasopril', '10'),
(3735, 4, 2, 'Versia', ''),
(3736, 1, 2, 'Vertina', ''),
(3737, 19, 2, 'Viodin', ''),
(3738, 29, 2, 'Viodin', ''),
(3739, 41, 2, 'Viodin', ''),
(3740, 1, 2, 'Virux', '200'),
(3741, 1, 2, 'Virux', '400'),
(3742, 8, 2, 'Virux', ''),
(3743, 3, 2, 'Virux', ''),
(3744, 1, 2, 'Xcid', ''),
(3745, 1, 2, 'Xenol', '375'),
(3746, 1, 2, 'Xenol', '500'),
(3747, 8, 2, 'Xfin', ''),
(3748, 1, 2, 'Xflam', '300'),
(3749, 1, 2, 'Xflam', '400'),
(3750, 1, 2, 'Xripa', ''),
(3751, 1, 2, 'Xten', ''),
(3752, 3, 2, 'Zesup', ''),
(3753, 3, 2, 'Zesup Forte', ''),
(3754, 2, 2, 'Zif', ''),
(3755, 2, 2, 'Zif Forte', ''),
(3756, 2, 2, 'Zif-CL', ''),
(3757, 1, 2, 'Zifolet', ''),
(3758, 1, 2, 'Ziliron', ''),
(3759, 2, 2, 'Ziliron', ''),
(3760, 2, 2, 'Zimax', '250'),
(3761, 4, 2, 'Zimax', '500'),
(3762, 1, 2, 'Zimax', '500'),
(3763, 7, 2, 'Zimax', ''),
(3764, 15, 2, 'Zimax', ''),
(3765, 1, 2, 'Zox', ''),
(3766, 5, 2, 'Zox', ''),
(3767, 7, 3, 'Moxquin', ''),
(3768, 7, 3, 'Mirolast', ''),
(3769, 7, 3, 'Nispore', ''),
(3770, 7, 3, 'Timopress', '0.5'),
(3771, 7, 3, 'Travast', ''),
(3772, 7, 3, 'Travast Plus', ''),
(3773, 7, 3, 'Xibrofen', ''),
(3774, 1, 3, 'Idatix', '1.5'),
(3775, 1, 3, 'Arofil', '300'),
(3776, 1, 3, 'Arofil', '400'),
(3777, 1, 3, 'Trocer', '2.6'),
(3778, 1, 3, 'Ralozine', '500'),
(3779, 1, 3, 'Arofil', '300'),
(3780, 1, 3, 'Arofil', '400'),
(3781, 15, 3, 'Aqualax', ''),
(3782, 48, 3, 'Windel', ''),
(3783, 1, 3, 'Ralozine', '500'),
(3784, 1, 18, 'Alba', ''),
(3785, 1, 18, 'Alkafen', ''),
(3786, 1, 18, 'Anamet', '400'),
(3787, 5, 18, 'Anamet', ''),
(3788, 1, 18, 'Arolax', '1'),
(3789, 1, 18, 'Arolax', '2'),
(3790, 3, 18, 'Arolax', ''),
(3791, 1, 18, 'Arokast', '4'),
(3792, 1, 18, 'Arokast', '5'),
(3793, 1, 18, 'Arokast', '10'),
(3794, 1, 18, 'Asural', '5'),
(3795, 1, 18, 'Asural', '10'),
(3796, 1, 18, 'Azirox', '500'),
(3797, 3, 18, 'Azirox Dry', ''),
(3798, 3, 18, 'Brox', ''),
(3799, 1, 18, 'Catapres', '0.1'),
(3800, 1, 18, 'Chewce', ''),
(3801, 3, 18, 'Chewce', ''),
(3802, 1, 18, 'Ciafil', '5'),
(3803, 1, 18, 'Ciafil', '10'),
(3804, 1, 18, 'Ciafil', '20'),
(3805, 2, 18, 'Clincin', '150'),
(3806, 2, 18, 'Clincin', '300'),
(3807, 1, 18, 'CV nor', '5'),
(3808, 1, 18, 'CV nor', '10'),
(3809, 1, 18, 'CV nor', ''),
(3810, 1, 18, 'Clozam', ''),
(3811, 1, 18, 'Desatrol', ''),
(3812, 3, 18, 'Desatrol', ''),
(3813, 1, 18, 'Diatus', '15'),
(3814, 1, 18, 'Diatus', '30'),
(3815, 2, 18, 'Dinac-TR', ''),
(3816, 3, 18, 'Eryrox Dry', ''),
(3817, 1, 18, 'Enjofil', '25'),
(3818, 1, 18, 'Enjofil', '50'),
(3819, 1, 18, 'Enjofil', '100'),
(3820, 1, 18, 'Esona', '375/20'),
(3821, 1, 18, 'Esona', '500/20'),
(3822, 1, 18, 'Esotac', '20'),
(3823, 1, 18, 'Esotac', '40'),
(3824, 1, 18, 'Fea', ''),
(3825, 1, 18, 'Fea Plus', ''),
(3826, 1, 18, 'Fea Xr', ''),
(3827, 5, 18, 'Fea', ''),
(3828, 2, 18, 'Fef-TR', ''),
(3829, 1, 18, 'Floxacin', '250'),
(3830, 1, 18, 'Floxacin', '500'),
(3831, 2, 18, 'Flubiotic', '250'),
(3832, 2, 18, 'Flubiotic', '500'),
(3833, 3, 18, 'Flubiotic Dry', ''),
(3834, 1, 18, 'Gemelon', ''),
(3835, 1, 18, 'Gix', '80'),
(3836, 2, 18, 'Imigra', '5'),
(3837, 2, 18, 'Imigra', '10'),
(3838, 2, 18, 'Itracon', ''),
(3839, 1, 18, 'Ketonac', '50'),
(3840, 1, 18, 'Ketonac', '100'),
(3841, 19, 18, 'Laxol', ''),
(3842, 1, 18, 'Levoquin', '250'),
(3843, 1, 18, 'Levoquin', '500'),
(3844, 1, 18, 'Lipostat', '10'),
(3845, 1, 18, 'Lipostat', '20'),
(3846, 2, 18, 'Lucon', '50'),
(3847, 2, 18, 'Lucon', '150'),
(3848, 1, 18, 'Mec-P', ''),
(3849, 1, 18, 'Meltix', ''),
(3850, 1, 18, 'Miracal', '500'),
(3851, 1, 18, 'Miracal-D', ''),
(3852, 1, 18, 'Miracal-J', ''),
(3853, 1, 18, 'Miracal-M', ''),
(3854, 1, 18, 'Mylo', ''),
(3855, 1, 18, 'Myobac', '5'),
(3856, 1, 18, 'Myobac', '10'),
(3857, 1, 18, 'Naltrax', '50'),
(3858, 2, 18, 'Navaclox', ''),
(3859, 3, 18, 'Navaclox Dry', ''),
(3860, 2, 18, 'Navamox', '250'),
(3861, 2, 18, 'Navamox', '500'),
(3862, 3, 18, 'Navamox Dry', ''),
(3863, 1, 18, 'Navatrim DS', ''),
(3864, 5, 18, 'Navatrim', ''),
(3865, 1, 18, 'Naxo', '250'),
(3866, 1, 18, 'Naxo', '500'),
(3867, 1, 18, 'Nestor', '5'),
(3868, 1, 18, 'Nestor', '10'),
(3869, 1, 18, 'Normaten', ''),
(3870, 2, 18, 'Nortin', '10'),
(3871, 2, 18, 'Nortin', '25'),
(3872, 1, 18, 'Noxid', ''),
(3873, 1, 18, 'NV met', '500'),
(3874, 1, 18, 'NV met', '500 SR'),
(3875, 1, 18, 'NV met', '825'),
(3876, 1, 18, 'Odafen', '120'),
(3877, 1, 18, 'Odafen', '180'),
(3878, 5, 18, 'Odafen', ''),
(3879, 2, 18, 'Ometac', '20'),
(3880, 2, 18, 'Ometac', '40'),
(3881, 2, 18, 'Opidol', '50'),
(3882, 2, 18, 'Opidol', '100'),
(3883, 1, 18, 'Orazinc', '20'),
(3884, 3, 18, 'Orazinc', ''),
(3885, 3, 18, 'Orazinc-B', ''),
(3886, 1, 18, 'Orc', ''),
(3887, 1, 18, 'Paftrol', ''),
(3888, 1, 18, 'Pantac', '20'),
(3889, 1, 18, 'Pantac', '40'),
(3890, 1, 18, 'Pertilos Plus', ''),
(3891, 1, 18, 'Pertilos', '50'),
(3892, 1, 18, 'Pizofen', '0.5'),
(3893, 1, 18, 'Pizofen TS', ''),
(3894, 1, 18, 'Piobig', '15/500'),
(3895, 1, 18, 'Piobig', '15/850'),
(3896, 1, 18, 'Placent-B', ''),
(3897, 3, 18, 'Placent-B', ''),
(3898, 1, 18, 'Placent-M', ''),
(3899, 1, 18, 'Plavix', ''),
(3900, 1, 18, 'Plavix Plus', ''),
(3901, 2, 18, 'Pregan', '50'),
(3902, 2, 18, 'Pregan', '75'),
(3903, 2, 18, 'Pregnid', ''),
(3904, 1, 18, 'Promat', ''),
(3905, 1, 18, 'Rabetac', '20'),
(3906, 1, 18, 'Rebetac R', '150'),
(3907, 1, 18, 'Revam Gold', ''),
(3908, 3, 18, 'Revam Kids', ''),
(3909, 1, 18, 'Rozam', ''),
(3910, 1, 18, 'Ryth', '150'),
(3911, 1, 18, 'Ryth', '300'),
(3912, 3, 18, 'Ryth Dry', ''),
(3913, 7, 18, 'Simicon', ''),
(3914, 1, 18, 'Spalax', ''),
(3915, 3, 18, 'Spalax', ''),
(3916, 1, 18, 'Spark', ''),
(3917, 1, 18, 'S-pirin', ''),
(3918, 1, 18, 'Talopram', '5'),
(3919, 1, 18, 'Talopram', '10'),
(3920, 1, 18, 'Terodin', '2'),
(3921, 1, 18, 'Toma', ''),
(3922, 3, 18, 'Toma', ''),
(3923, 3, 18, 'Tridex', ''),
(3924, 1, 18, 'Trizin', ''),
(3925, 3, 18, 'Trizin', ''),
(3926, 1, 18, 'Urinide', ''),
(3927, 2, 18, 'Urotam', '0.4'),
(3928, 1, 18, 'Vomitop', ''),
(3929, 5, 18, 'Vomitop', ''),
(3930, 7, 18, 'Vomitop', ''),
(3931, 1, 18, 'Xanax', '0.25'),
(3932, 1, 18, 'Xanax', '0.5'),
(3933, 1, 18, 'Zerodol', ''),
(3934, 2, 18, 'Zifef-TR', ''),
(3935, 2, 18, 'Duracef', '200'),
(3936, 2, 18, 'Duracef', '400'),
(3937, 3, 18, 'Duracef Dry', ''),
(3938, 1, 18, 'Fixcef', '250'),
(3939, 1, 18, 'Fixcef', '500'),
(3940, 3, 18, 'Fixcef Dry', ''),
(3941, 2, 18, 'Navacef', '250'),
(3942, 2, 18, 'Navacef', '500'),
(3943, 7, 18, 'Navacef', ''),
(3944, 3, 18, 'Navacef Dry', ''),
(3945, 2, 18, 'Ridicef', '300'),
(3946, 3, 18, 'Ridicef Dry', ''),
(3947, 2, 18, 'Sefox', '100'),
(3948, 3, 18, 'Sefox Dry', ''),
(3949, 2, 18, 'Sefro', '250'),
(3950, 2, 18, 'Sefro', '500'),
(3951, 3, 18, 'Sefro Dry', ''),
(3952, 7, 18, 'Sefro', ''),
(3953, 3, 18, 'Sefro HS Dry', ''),
(3954, 4, 18, 'Cefzon', '250'),
(3955, 4, 18, 'Cefzon', '500'),
(3956, 4, 18, 'Cefzon', '1gm'),
(3957, 4, 18, 'Fixcef', '250'),
(3958, 4, 18, 'Fixcef', '750'),
(3959, 4, 18, 'Fixcef', '1.5gm'),
(3960, 4, 18, 'Sefro', '500'),
(3961, 4, 18, 'Sefro', '1gm'),
(3962, 4, 18, 'Topcef', '250'),
(3963, 4, 18, 'Topcef', '500'),
(3964, 4, 18, 'Topcef', '1gm'),
(3965, 4, 18, 'Topcef', '2gm'),
(3966, 4, 18, 'Dinac Plus', ''),
(3967, 4, 18, 'Orc', '30'),
(3968, 4, 18, 'Orc', '60'),
(3969, 4, 18, 'Stedex', ''),
(3970, 7, 18, 'Cloradex', ''),
(3971, 7, 18, 'Dinac', ''),
(3972, 7, 18, 'Floxacin', ''),
(3973, 7, 18, 'Iclear', ''),
(3974, 7, 18, 'Levoquin', ''),
(3975, 7, 18, 'Nacrom', ''),
(3976, 7, 18, 'Ocuram', ''),
(3977, 7, 18, 'Otholon', ''),
(3978, 5, 18, 'Loteba', ''),
(3979, 1, 0, 'A-Cal', '250'),
(3980, 1, 6, 'A-Cal', '500'),
(3981, 1, 6, 'Kidcal', ''),
(3982, 1, 6, 'A-Cal D', ''),
(3983, 1, 6, 'A- Card', '20mg'),
(3984, 1, 6, 'Amlopin', '5mg'),
(3985, 1, 6, 'Amlopin', '10mg'),
(3986, 1, 6, 'Amloten', '50'),
(3987, 1, 6, 'Amloten', '25'),
(3988, 1, 6, 'Angist', ''),
(3989, 1, 6, 'Arth-A SR', '2.6mg'),
(3990, 10, 6, 'Axinaf-F', '125'),
(3991, 10, 6, 'Axinaf-F', '250'),
(3992, 10, 6, 'Ascon', '250'),
(3993, 8, 6, 'Clotrim', '10gm'),
(3994, 8, 6, 'Clotrim', '5gm'),
(3995, 5, 6, 'Clotrim', '200mg'),
(3996, 1, 6, 'Daomin', '500'),
(3997, 1, 6, 'Daomin', '850'),
(3998, 1, 6, 'Dactus', '1mg'),
(3999, 1, 6, 'Dactus', '2mg'),
(4000, 1, 6, 'Dactus', '3mg'),
(4001, 1, 6, 'Dclot', '75mg'),
(4002, 1, 6, 'Dulox', '30'),
(4003, 1, 6, 'Dulox', '20'),
(4004, 1, 6, 'Carvipress', '12.50mg'),
(4005, 1, 6, 'Carvipress', '6.25mg'),
(4006, 1, 6, 'Cosium', ''),
(4007, 1, 6, 'Ecosprin', '300mg'),
(4008, 1, 6, 'Ecosprin', '75mg'),
(4009, 1, 6, 'Ecosprin Plus', ''),
(4010, 1, 6, 'Edemide', ''),
(4011, 1, 6, 'Edemide', '40'),
(4012, 1, 6, 'Gilclid', ''),
(4013, 1, 6, 'Leanxit', ''),
(4014, 1, 6, 'Liptor', '10mg'),
(4015, 1, 6, 'Liptor', '20mg'),
(4016, 1, 6, 'Liptor', '40mg'),
(4017, 1, 6, 'Losart', '25mg'),
(4018, 1, 6, 'Losart', '50mg'),
(4019, 1, 6, 'Losart', '100'),
(4020, 1, 6, 'Losart Plus', ''),
(4021, 1, 6, 'Losart Plus', '100/12.5'),
(4022, 1, 6, 'Losart', '100/25'),
(4023, 1, 6, 'Leptic', '0.5mg'),
(4024, 1, 6, 'Leptic', '2mg'),
(4025, 2, 6, 'Lipidof', '200mg'),
(4026, 1, 6, 'Lipril', '5mg'),
(4027, 1, 6, 'Lipril', '10mg'),
(4028, 2, 6, 'Maxima', '20mg'),
(4029, 2, 6, 'Maxima', '40mg'),
(4030, 1, 6, 'Monas', '4'),
(4031, 1, 6, 'Monas', '5'),
(4032, 1, 6, 'Monas', '10'),
(4033, 2, 6, 'Moxilin', '250mg'),
(4034, 2, 6, 'Moxilin', '500mg'),
(4035, 5, 6, 'Moxilin', ''),
(4036, 7, 6, 'Moxilin PD', ''),
(4037, 5, 6, 'Moxilin DS', ''),
(4038, 4, 6, 'Moxilin', '250mg'),
(4039, 4, 6, 'Moxilin', '500mg'),
(4040, 1, 6, 'Nifin', '10mg'),
(4041, 1, 6, 'Norflu', ''),
(4042, 3, 6, 'Ntrum Junior', ''),
(4043, 1, 6, 'Nutrum PN', ''),
(4044, 1, 6, 'Nutrum Super', ''),
(4045, 1, 6, 'Nutrum Gold', ''),
(4046, 1, 6, 'Nutrum 50', ''),
(4047, 1, 6, 'Nutrum Bone', ''),
(4048, 1, 6, 'Nutrum Gold 15', ''),
(4049, 1, 6, 'Pidus', ''),
(4050, 4, 6, 'Protocid', ''),
(4051, 1, 6, 'Protocid', '20'),
(4052, 1, 6, 'Protocid', '40'),
(4053, 4, 6, 'Ranidin', ''),
(4054, 3, 6, 'Ranidin', ''),
(4055, 1, 6, 'Ranidin', '300mg'),
(4056, 1, 6, 'Ranidin', '150mg'),
(4057, 1, 6, 'Tenil', '3mg'),
(4058, 10, 6, 'Topium', ''),
(4059, 1, 6, 'Tenoloc', '50'),
(4060, 1, 6, 'Tenoloc', '100'),
(4061, 2, 6, 'PPI', '20mg'),
(4062, 2, 6, 'PPI', '40mg'),
(4063, 4, 6, 'PPI', ''),
(4064, 10, 6, 'Salflu', '100'),
(4065, 10, 6, 'Salflu', '250'),
(4066, 10, 6, 'Salflu', '500'),
(4067, 10, 6, 'Salpium', ''),
(4068, 1, 6, 'Simvatin', '10mg'),
(4069, 1, 6, 'Sizopra', '10'),
(4070, 1, 6, 'Sizopra', '15'),
(4071, 1, 6, 'Sono 2', '2'),
(4072, 1, 6, 'Sucrol', '18mg'),
(4073, 1, 6, 'Zero', '8mg'),
(4074, 1, 6, 'Zero', ''),
(4075, 3, 6, 'A-Cof', ''),
(4076, 2, 6, 'Azin', '250mg'),
(4077, 3, 6, 'Azin Dry', ''),
(4078, 1, 6, 'Azin', '500mg'),
(4079, 4, 6, 'A-Fenac', '3ml'),
(4080, 4, 6, 'A-Fenac Plus', ''),
(4081, 29, 6, 'A-Fenac 16', ''),
(4082, 1, 6, 'A-Fenac', '50mg'),
(4083, 1, 6, 'A-Fenac', '25mg'),
(4084, 1, 6, 'A-Fenac SR', ''),
(4085, 1, 6, 'A-Fenac K', '50mg'),
(4086, 5, 6, 'A-Fenac', '12.5mg'),
(4087, 5, 6, 'A-Fenac', '50mg'),
(4088, 7, 6, 'A-Phenicol', ''),
(4089, 29, 6, 'A-Phenicol', ''),
(4090, 8, 6, 'Azelec', '5mg'),
(4091, 8, 6, 'Azelec', '10mg'),
(4092, 1, 6, 'Acemox', ''),
(4093, 2, 6, 'A-Clox', '500mg'),
(4094, 5, 6, 'A-Clox', ''),
(4095, 4, 6, 'A-Clox', '250mg'),
(4096, 4, 6, 'A-Clox', '500mg'),
(4097, 2, 6, 'Acmecilin', '250mg'),
(4098, 4, 6, 'Acmecilin', '250mg'),
(4099, 4, 6, 'Acmecilin', '500mg'),
(4100, 1, 6, 'Antox (Bottle)', ''),
(4101, 1, 6, 'Antox (Strip)', ''),
(4102, 1, 6, 'Baby Zinc', ''),
(4103, 1, 6, 'Cecon', '250mg'),
(4104, 1, 6, 'Cetizin', '10mg'),
(4105, 3, 6, 'CP Dry', ''),
(4106, 3, 6, 'CP Paediatric', ''),
(4107, 1, 6, 'CP', '200mg'),
(4108, 4, 6, 'Dot', ''),
(4109, 1, 6, 'Dot', ''),
(4110, 4, 6, 'Famicef IV/IM', '750mg'),
(4111, 4, 6, 'Famicet', '1.5g'),
(4112, 1, 6, 'Famicef', '250mg'),
(4113, 1, 6, 'Famicef', '500mg'),
(4114, 5, 6, 'Famicef', ''),
(4115, 4, 6, 'Mb12', ''),
(4116, 1, 6, 'Mb12', ''),
(4117, 1, 6, 'Napro-A', '250mg'),
(4118, 1, 6, 'Napro-A', '500mg'),
(4119, 3, 6, 'Phenadryl', ''),
(4120, 1, 6, 'Pilestop', ''),
(4121, 1, 6, 'Rizat', '5mg'),
(4122, 4, 6, 'Tracid', ''),
(4123, 1, 6, 'Tracid', '500mg'),
(4124, 4, 6, 'Tinium', ''),
(4125, 1, 6, 'Tinium', ''),
(4126, 4, 6, 'TPC', ''),
(4127, 1, 6, 'TPC', ''),
(4128, 8, 6, 'Tycon', '10mg'),
(4129, 5, 6, 'Tycon', '300mg'),
(4130, 3, 6, 'Tulos', ''),
(4131, 2, 6, 'Twicef', '500mg'),
(4132, 5, 6, 'Twicef', ''),
(4133, 7, 6, 'Winop', ''),
(4134, 4, 6, 'Winop', '30'),
(4135, 4, 6, 'Winop', '60'),
(4136, 1, 6, 'Winop', '10mg'),
(4137, 2, 6, 'A-Flox', '250mg'),
(4138, 2, 6, 'A-Flox', '500mg'),
(4139, 5, 6, 'A-Flox', ''),
(4140, 4, 6, 'A-Flox', '250mg'),
(4141, 4, 6, 'A-Flox', '500mg'),
(4142, 1, 6, 'A-Zyme', '325mg'),
(4143, 1, 6, 'A-Spasm', '5mg'),
(4144, 5, 6, 'Ben-A', ''),
(4145, 1, 6, 'Ben-A', '400mg'),
(4146, 1, 6, 'Cinazin', '15mg'),
(4147, 1, 6, 'Claricin', '250mg'),
(4148, 1, 6, 'Claricin', '500mg'),
(4149, 4, 6, 'Combipen', '4 Lacs'),
(4150, 3, 6, 'Cofrid', ''),
(4151, 11, 6, 'Dirozyl IV', ''),
(4152, 3, 6, 'Dirozyl 5', ''),
(4153, 1, 6, 'Dirozyl', '200mg'),
(4154, 1, 6, 'Dirozyl', '400mg'),
(4155, 5, 6, 'Dirozyl', ''),
(4156, 2, 6, 'Dolonil', '50mg'),
(4157, 4, 6, 'Dolonil', '100mg'),
(4158, 1, 6, 'Dolonil SR', ''),
(4159, 2, 6, 'Doxy-A', '100mg'),
(4160, 1, 6, 'Fast Plus', ''),
(4161, 2, 6, 'Fix-A', '200mg'),
(4162, 2, 6, 'Fix-A DS', '400mg'),
(4163, 3, 6, 'Fix-A Dry', ''),
(4164, 2, 6, 'Ferocit TR', ''),
(4165, 1, 6, 'Firocit', ''),
(4166, 3, 6, 'Fluconal', ''),
(4167, 1, 6, 'Fluconal', '50mg'),
(4168, 1, 6, 'Fluconal', '150mg'),
(4169, 1, 6, 'Famodin', '20mg'),
(4170, 1, 6, 'Famodin', '40mg'),
(4171, 2, 6, 'Lansodin', '15mg'),
(4172, 2, 6, 'Lansodin', '30mg'),
(4173, 1, 6, 'Leo', '250mg'),
(4174, 1, 6, 'Leo', '500mg'),
(4175, 1, 6, 'Leo', '750mg'),
(4176, 5, 6, 'Indo-A', '100mg'),
(4177, 4, 6, 'Keto-A', ''),
(4178, 1, 6, 'Keto-A', '50mg'),
(4179, 1, 6, 'Keto-A', '100mg'),
(4180, 5, 6, 'Keto-A', '100mg'),
(4181, 2, 6, 'Lopamid', '2mg'),
(4182, 7, 6, 'Leo', ''),
(4183, 3, 6, 'Naligram', ''),
(4184, 1, 6, 'Naligram', '500mg'),
(4185, 8, 6, 'Neobet', '10gm'),
(4186, 8, 6, 'Neobet', '5gm'),
(4187, 29, 6, 'Neotracin', ''),
(4188, 15, 6, 'Neotracin', ''),
(4189, 1, 6, 'Mizolam', ''),
(4190, 1, 6, 'Mebolin', '50mg'),
(4191, 29, 6, 'Neobet-E', '5'),
(4192, 29, 6, 'Neobet-E', '2.5'),
(4193, 4, 6, 'Nalphin', '10'),
(4194, 4, 6, 'Nalphin', '20'),
(4195, 8, 6, 'Permin', '15gm'),
(4196, 8, 6, 'Permin', '30gm'),
(4197, 1, 6, 'Pizo-A', '0.5mg'),
(4198, 1, 6, 'Pizo-A', '1.5mg'),
(4199, 3, 6, 'Politrim', ''),
(4200, 1, 6, 'Politrim', '480mg'),
(4201, 5, 6, 'Profen', ''),
(4202, 1, 6, 'Profen', '400mg'),
(4203, 1, 6, 'Pronil-DS', '1g'),
(4204, 7, 6, 'Rhinozol', '0.0005'),
(4205, 7, 6, 'Rhinozol', '0.001'),
(4206, 2, 6, 'Sefril', '250mg'),
(4207, 2, 6, 'Sefril', '500mg'),
(4208, 5, 6, 'Sefril', ''),
(4209, 7, 6, 'Sefril PD', ''),
(4210, 5, 6, 'Sefril DS', ''),
(4211, 4, 6, 'Sefril', '500mg'),
(4212, 4, 6, 'Sefril', '1g'),
(4213, 1, 6, 'Steron', '0.5mg'),
(4214, 7, 6, 'Steron', ''),
(4215, 4, 6, 'Trizon', '250mg'),
(4216, 4, 6, 'Trizon', '500mg'),
(4217, 4, 6, 'Trizon', '1g'),
(4218, 4, 6, 'Trizon', '250mg'),
(4219, 4, 6, 'Trizon', '500mg'),
(4220, 4, 6, 'Trizon', '1g'),
(4221, 4, 6, 'Trizon', '2gm'),
(4222, 1, 6, 'Ulive', '150'),
(4223, 1, 6, 'Ulive', '300'),
(4224, 3, 6, 'X-cold', ''),
(4225, 7, 6, 'X-cold', ''),
(4226, 3, 6, 'Zis Ds', ''),
(4227, 3, 6, 'Z-Plex', ''),
(4228, 3, 6, 'Z-Plex', ''),
(4229, 11, 6, 'Leo', '500mg'),
(4230, 1, 6, 'AB 1', ''),
(4231, 1, 6, 'A-Calm', '50mg'),
(4232, 3, 6, 'A-cold', ''),
(4233, 2, 6, 'Acelex', '250mg'),
(4234, 2, 6, 'Acelex', '500mg'),
(4235, 5, 6, 'Acelex', ''),
(4236, 2, 6, 'Adinir', '300mg'),
(4237, 3, 6, 'Adinir', ''),
(4238, 2, 6, 'A-Tetra', '500mg'),
(4239, 1, 6, 'A-Tetra', '500mg'),
(4240, 29, 6, 'A-Tetra', ''),
(4241, 1, 6, 'Aplitac', '100mg'),
(4242, 3, 6, 'Cipro-A', ''),
(4243, 7, 6, 'Cipro-A', ''),
(4244, 11, 6, 'Cipro-A', ''),
(4245, 1, 6, 'Cipro-A', '250mg'),
(4246, 1, 6, 'Cipro-A', '500mg'),
(4247, 1, 6, 'Cipro-A', '750mg'),
(4248, 5, 6, 'Cinoplus', ''),
(4249, 5, 6, 'Don-A', ''),
(4250, 5, 6, 'Don-A', '15'),
(4251, 5, 6, 'Don-A', '30'),
(4252, 7, 6, 'Don-A PD', ''),
(4253, 1, 6, 'Don-A', '10mg'),
(4254, 3, 6, 'Ketifen', ''),
(4255, 1, 6, 'Ketifen', '1.0mg'),
(4256, 1, 6, 'Floxipar', '200mg'),
(4257, 3, 6, 'Feziplex', ''),
(4258, 3, 6, 'Feziplex', ''),
(4259, 7, 6, 'Eyemox', ''),
(4260, 5, 6, 'Fast ', ''),
(4261, 7, 6, 'Fast PD', ''),
(4262, 1, 6, 'Fast ', '500mg'),
(4263, 5, 6, 'Fast', '125mg'),
(4264, 5, 6, 'Fast', '500mg'),
(4265, 5, 6, 'Fast ', '250mg'),
(4266, 3, 6, 'Histalex', ''),
(4267, 1, 6, 'Histalex', '4mg'),
(4268, 3, 6, 'Electro-K', ''),
(4269, 1, 6, 'Electro-K', '600mg'),
(4270, 3, 6, 'Erocin', ''),
(4271, 1, 6, 'Erocin', '250mg'),
(4272, 1, 6, 'Erocin', '500mg'),
(4273, 1, 6, 'E-Tab', ''),
(4274, 2, 6, 'Ferocit-Z', ''),
(4275, 3, 6, 'Ferroglobin', ''),
(4276, 1, 6, 'Gatox', ''),
(4277, 3, 6, 'Nystat 7s', ''),
(4278, 1, 6, 'Nystat O.T', ''),
(4279, 1, 6, 'Orin', '10mg'),
(4280, 5, 6, 'Oxecone-S', ''),
(4281, 1, 6, 'Oxecone-S', ''),
(4282, 2, 6, 'Oxecylin', '250mg'),
(4283, 3, 6, 'Salmolin-L', ''),
(4284, 1, 6, 'Salmolin-L', '1'),
(4285, 1, 6, 'Salmolin-L', '2'),
(4286, 3, 6, 'Thenglate', ''),
(4287, 1, 6, 'Thenglate SR', '250mg'),
(4288, 1, 6, 'Thenglate SR', '400mg'),
(4289, 2, 6, 'V-Plex', ''),
(4290, 4, 6, 'V-Plex', ''),
(4291, 7, 6, 'V-Plex', ''),
(4292, 3, 6, 'V-Plex', ''),
(4293, 1, 6, 'V-Plex', ''),
(4294, 1, 6, 'V-Plex Plus', ''),
(4295, 3, 6, 'Neotrax', ''),
(4296, 1, 6, 'Neotrax', '40mg'),
(4297, 5, 6, 'Oxecone-M', ''),
(4298, 5, 6, 'Oxecone', ''),
(4299, 1, 6, 'Oxecone', '650mg'),
(4300, 1, 6, 'Oxecone-M', '400mg'),
(4301, 10, 6, 'Rotahaler Device', ''),
(4302, 19, 6, 'Salmolin', ''),
(4303, 3, 6, 'Salmolin', ''),
(4304, 1, 6, 'Salmolin', '4mg'),
(4305, 10, 6, 'Salmolin', ''),
(4306, 10, 6, 'Salmolin', ''),
(4307, 29, 6, 'Tacrol', '5mg'),
(4308, 29, 6, 'Tacrol', '10mg'),
(4309, 4, 6, 'Taxim', '1g'),
(4310, 4, 6, 'Taxim', '500mg'),
(4311, 4, 6, 'Taxim', '250mg'),
(4312, 4, 6, 'Trizidim', '250mg'),
(4313, 4, 6, 'Trizidim', '500mg'),
(4314, 4, 6, 'Trizidim', '1g'),
(4315, 3, 6, 'Amlacid', ''),
(4316, 3, 6, 'Acmina', ''),
(4317, 7, 6, 'Alercon', ''),
(4318, 14, 6, 'Alercon Nasal', ''),
(4319, 14, 6, 'Fluticon', ''),
(4320, 1, 6, 'Angirid MR ', ''),
(4321, 3, 6, 'Asmarid', ''),
(4322, 7, 6, 'Catnil', ''),
(4323, 3, 6, 'Digac', ''),
(4324, 1, 6, 'Defaz', ''),
(4325, 2, 6, 'Defaz CI', ''),
(4326, 1, 6, 'Cinazin Plus', ''),
(4327, 2, 6, 'Echina', ''),
(4328, 4, 6, 'Fulspec', '1g'),
(4329, 4, 6, 'Fulspec', '500mg'),
(4330, 1, 6, 'Gingo', '40mg'),
(4331, 2, 6, 'Gintonic', ''),
(4332, 3, 6, 'Hemorist', ''),
(4333, 1, 6, 'Hajmo-A', ''),
(4334, 2, 6, 'Hepamilk', '87.5mg'),
(4335, 3, 6, 'Hepatolin', ''),
(4336, 2, 6, 'Lopid', '300mg'),
(4337, 1, 6, 'Lacitab', '2'),
(4338, 1, 6, 'Lacitab', '4'),
(4339, 1, 6, 'Misofenac', '50mg'),
(4340, 2, 6, 'Momneed', ''),
(4341, 2, 6, 'Menocare', '40mg'),
(4342, 3, 6, 'Menotox', ''),
(4343, 1, 6, 'NVP', ''),
(4344, 3, 6, 'Nidozox', ''),
(4345, 1, 6, 'Nidozox', '500mg'),
(4346, 2, 6, 'Perkup', '300mg'),
(4347, 2, 6, 'Prostacare', '500mg'),
(4348, 3, 6, 'Safkin', ''),
(4349, 3, 6, 'Santonic', ''),
(4350, 3, 6, 'Oxecone-MS', ''),
(4351, 2, 6, 'Vigo-Fort', ''),
(4352, 16, 6, 'A-Mi16', ''),
(4353, 1, 6, 'Keto-D', '25mg'),
(4354, 1, 6, 'Orinex', ''),
(4355, 1, 6, 'Setrib', '60'),
(4356, 1, 6, 'Setrib', '90'),
(4357, 1, 6, 'Setrib', '120'),
(4358, 2, 6, 'Uropass', ''),
(4359, 1, 6, 'Azepam', ''),
(4360, 1, 6, 'Darifen ER', ''),
(4361, 2, 6, 'Nim-A', ''),
(4362, 1, 6, 'Vigorex', ''),
(4363, 1, 6, 'Enocam', ''),
(4364, 8, 6, 'Bet-CL', '10g'),
(4365, 29, 6, 'Bet-CL', '10g'),
(4366, 7, 6, 'A-Phenicol D', ''),
(4367, 8, 6, 'Aclobet', '10gm'),
(4368, 29, 6, 'Aclobet', '10gm'),
(4369, 8, 6, 'Aclobet N', '15gm'),
(4370, 29, 6, 'Aclobet N', '15gm'),
(4371, 1, 6, 'Levopa', '110mg'),
(4372, 1, 6, 'Levopa', '275mg'),
(4373, 1, 6, 'Misoclear', ''),
(4374, 4, 6, 'Maxima', ''),
(4375, 7, 6, 'Azolin Paed nasal', '0.025%mg'),
(4376, 7, 6, 'Azolin', '0.05%mg'),
(4377, 1, 6, 'Unipiril', '2.5mg'),
(4378, 1, 6, 'Unipiril', '5mg'),
(4379, 29, 6, 'A-Mi16', '15gm'),
(4380, 1, 6, 'Clotrim VT', '20mg'),
(4381, 3, 6, 'Santonic', ''),
(4382, 3, 6, 'Balarist-A', ''),
(4383, 3, 6, 'Arjunacard', ''),
(4384, 1, 6, 'Thyrolar', '50mg'),
(4385, 1, 6, 'Sevel', '400mg'),
(4386, 8, 6, 'Bet-A', '15gm'),
(4387, 29, 6, 'Bet-A', '15gm'),
(4388, 1, 6, 'Bet-A', '0.50mg'),
(4389, 4, 6, 'Superpime', '500mg'),
(4390, 4, 6, 'Superpime', '1g'),
(4391, 4, 6, 'Superpime', '2g'),
(4392, 1, 6, 'Rabizol', ''),
(4393, 7, 6, 'Cipro D', ''),
(4394, 1, 6, 'Periset', '8mg'),
(4395, 4, 6, 'Periset', ''),
(4396, 1, 6, 'Vir', '0.5mg'),
(4397, 1, 6, 'Rostab', '10mg'),
(4398, 1, 6, 'Rostab', '20mg'),
(4399, 4, 6, 'Becky', ''),
(4400, 1, 6, 'Fluzin', '5mg'),
(4401, 1, 6, 'Fluzin', '10mg'),
(4402, 1, 6, 'Pavigard', '2mg'),
(4403, 1, 6, 'Janvia', '50mg'),
(4404, 1, 6, 'Janvia', '100mg'),
(4405, 1, 6, 'Janmet', '500mg'),
(4406, 1, 6, 'Janmet', '1000mg'),
(4407, 3, 6, 'Safkin', ''),
(4408, 3, 6, 'CPDS Dry', ''),
(4409, 1, 6, 'Skelofen', ''),
(4410, 10, 6, 'Salmolin', ''),
(4411, 4, 6, 'Steron', ''),
(4412, 10, 6, 'Salflu', '125'),
(4413, 10, 6, 'Salflu', '250'),
(4414, 10, 6, 'Ascon', '250'),
(4415, 10, 6, 'Salpium', ''),
(4416, 1, 8, 'Encoren', ''),
(4417, 1, 0, 'Viseralgin', ''),
(4418, 1, 0, 'Fexten ', ''),
(4419, 4, 0, 'Genac', ''),
(4420, 4, 0, 'Genac', ''),
(4421, 4, 0, 'Genac', ''),
(4422, 4, 0, 'Genac', ''),
(4423, 4, 0, 'Genac', ''),
(4424, 4, 0, 'Genac', ''),
(4426, 4, 0, 'Genac Test', ''),
(4427, 0, 0, '', ''),
(4428, 0, 0, '', ''),
(4429, 0, 0, 'Sezol -DS', ''),
(4430, 1, 0, '', '');

-- --------------------------------------------------------

--
-- Table structure for table `drugadvicetype`
--

CREATE TABLE IF NOT EXISTS `drugadvicetype` (
  `id` int(11) NOT NULL AUTO_INCREMENT,
  `doctorType` int(11) NOT NULL,
  `bangla` text CHARACTER SET utf8 NOT NULL,
  `english` text NOT NULL,
  `pdf` text NOT NULL,
  PRIMARY KEY (`id`)
) ENGINE=InnoDB  DEFAULT CHARSET=latin1 AUTO_INCREMENT=22 ;

--
-- Dumping data for table `drugadvicetype`
--

INSERT INTO `drugadvicetype` (`id`, `doctorType`, `bangla`, `english`, `pdf`) VALUES
(0, 0, '', '', ''),
(1, 8, 'স্বামী স্ত্রী দুজন ই খাবেন ', '', '¯^vgx ¯¿x `yRb B Lv‡eb '),
(2, 8, 'মাসিকের ৩য়  দিন থেকে', '', 'gvwm‡Ki 3q  w`b †_‡K'),
(4, 8, 'মাসিকের  ২য় , ৪থ ,৬ষঠ,৮ম,১০ম  দিন খাবেন', '', 'gvwm‡Ki  2q , 4_ ,6lV,8g,10g  w`b Lv‡eb'),
(5, 0, '১ দিন পর পর', '', '1 w`b ci ci'),
(6, 0, 'মাংস পেশীতে', 'IM', 'gvsm †ckx‡Z'),
(7, 0, 'শিরাতে', 'IV', 'wkiv‡Z'),
(8, 0, 'যোনিপথে ব্যবহার করবেন', 'Pervaginal', '†hvwbc‡_ e¨envi Ki‡eb'),
(9, 0, 'পায়ুপথে ব্যবহার করবেন', 'Perrectum', 'cvqyc‡_ e¨envi Ki‡eb'),
(10, 2, 'অপারেশনের পাচ দিন আগে থেকে', '', 'Acv‡ik‡bi cvP w`b Av‡M †_‡K'),
(11, 2, 'অপারেশনের পাচ দিন পর থেকে', '', 'Acv‡ik‡bi cvP w`b ci †_‡K'),
(12, 2, 'অপারেশনের সাত দিন আগে থেকে', '', 'Acv‡ik‡bi mvZ w`b Av‡M †_‡K'),
(13, 2, 'অপারেশনের পাচ দিন পর থেকে', '', 'Acv‡ik‡bi cvP w`b ci †_‡K'),
(14, 0, 'সকালে', '', 'mKv‡j'),
(15, 0, 'রাতে', '', 'iv‡Z'),
(16, 0, 'দুপুরে', '', '`ycy‡i'),
(17, 0, 'সেলাইতে ব্যবহার করবেন', '', '†mjvB‡Z e¨envi Ki‡eb'),
(18, 8, 'স্তনে ব্যবহার করবেন', '', '¯—‡b e¨envi Ki‡eb'),
(19, 8, 'মাসিকের 16তম থেকে 25তম দিন', '', 'gvwm‡Ki 16Zg †_‡K 25Zg w`b'),
(20, 5, '৪ চামুচ করে হাফ গ্লাস পানিতে দিনে দশ বার কুলি করবেন', '', '4 PvgyP K‡i nvd M­vm cvwb‡Z w`‡b `k evi Kzwj Ki‡eb'),
(21, 0, '১৫ দিন পর পর', '', '15 w`b ci ci');

-- --------------------------------------------------------

--
-- Table structure for table `drugcompany`
--

CREATE TABLE IF NOT EXISTS `drugcompany` (
  `id` int(11) NOT NULL AUTO_INCREMENT,
  `name` varchar(25) NOT NULL,
  `folder` varchar(55) NOT NULL,
  PRIMARY KEY (`id`)
) ENGINE=InnoDB  DEFAULT CHARSET=latin1 ROW_FORMAT=COMPACT AUTO_INCREMENT=19 ;

--
-- Dumping data for table `drugcompany`
--

INSERT INTO `drugcompany` (`id`, `name`, `folder`) VALUES
(0, 'Genric', ''),
(1, 'NIPRO JMI', 'jmi'),
(2, 'SQUARE', 'square'),
(3, 'Incepta', 'incepta'),
(4, 'Skf', 'skf'),
(5, 'Beximco', 'beximco'),
(6, 'Acme', 'acme'),
(7, 'Opsorin', 'opsotin'),
(8, 'ACI', 'aci'),
(9, 'Globe', 'globe'),
(10, 'Aristo Pharma', 'aristo'),
(11, 'General Pharma', 'general'),
(12, 'healthcare', 'healthcare'),
(13, 'Renata', 'Renata'),
(14, 'Unimed', 'Unimed'),
(15, 'Radiant', 'rad'),
(16, 'Novartis', 'nov'),
(17, 'Drug Int', 'drug int'),
(18, 'Navana', 'navana');

-- --------------------------------------------------------

--
-- Table structure for table `drugdaytype`
--

CREATE TABLE IF NOT EXISTS `drugdaytype` (
  `id` int(11) NOT NULL AUTO_INCREMENT,
  `bangla` varchar(255) CHARACTER SET utf8 NOT NULL,
  `pdf` varchar(255) CHARACTER SET utf8 NOT NULL,
  `english` varchar(255) NOT NULL,
  PRIMARY KEY (`id`)
) ENGINE=InnoDB  DEFAULT CHARSET=latin1 AUTO_INCREMENT=7 ;

--
-- Dumping data for table `drugdaytype`
--

INSERT INTO `drugdaytype` (`id`, `bangla`, `pdf`, `english`) VALUES
(1, 'দিন ', 'w`b', 'Days'),
(2, 'সপ্তাহ', 'mc—vn', 'Weeks'),
(3, 'মাস', 'gvm', 'Months'),
(4, 'বছর', 'eQi', 'Years'),
(5, 'চলবে', 'Pj‡e', 'Continue'),
(6, '', '', '');

-- --------------------------------------------------------

--
-- Table structure for table `drugtype`
--

CREATE TABLE IF NOT EXISTS `drugtype` (
  `id` int(11) NOT NULL AUTO_INCREMENT,
  `name` varchar(255) NOT NULL,
  `initial` varchar(10) NOT NULL,
  `unit` varchar(25) CHARACTER SET utf8 NOT NULL,
  `unitInitial` varchar(45) NOT NULL,
  `optionalUnitInitial` varchar(45) NOT NULL,
  PRIMARY KEY (`id`),
  UNIQUE KEY `name` (`name`)
) ENGINE=InnoDB  DEFAULT CHARSET=latin1 AUTO_INCREMENT=56 ;

--
-- Dumping data for table `drugtype`
--

INSERT INTO `drugtype` (`id`, `name`, `initial`, `unit`, `unitInitial`, `optionalUnitInitial`) VALUES
(1, 'Tablet', 'Tab', '1', '', ''),
(2, 'Capsule', 'Cap', '1', '', ''),
(3, 'Syrup', 'Syp', '1', 's', ''),
(4, 'Injection', 'Inj', '1', 'vial', 'ampl'),
(5, 'Suppository ', 'Supp', '1', '', ''),
(6, 'Insulin ', 'Ins', '12', 'u', ''),
(7, 'Drop', 'Drop', '1', 'd', ''),
(8, 'Cream', 'Cream', '1', '', ''),
(10, 'Inhaler ', 'Inh', '1', 'puff', ''),
(11, 'IV-Infusion', 'IV', '1\r\n', 'drp/min', ''),
(14, 'Spray', 'Spray', '1', 'puff', ''),
(15, 'Powder for Suspension', 'PFS', '1', 's', ''),
(16, 'GEL', 'Gel', '1', '', ''),
(19, 'Solution', 'SL.', '1', '', ''),
(21, 'Pellets', 'PLT', '1', '', ''),
(22, 'Oral Paste', 'OPT', '1', '', ''),
(29, 'Ointment', 'OINT', '1', '', ''),
(30, 'Aerosol Inhalation', 'ARI', '1', '', ''),
(33, 'Lotion', 'Lotion', '1', '', ''),
(36, 'Raw Materials', 'RM', '1', '', ''),
(37, 'Hand Rub', 'HR', '1', '', ''),
(41, 'Mouth Wash', 'MW', '1', 's', ''),
(45, 'Oral Saline', 'ORS', '1', '', ''),
(46, 'Elixir', 'ELX', '1', '', ''),
(49, 'Bolus ', 'Bolus ', '1', '', ''),
(50, 'Sachet', 'Sachet', '1', '', ''),
(51, 'Sached Powder ', 'SP', '1', '', ''),
(53, 'Emulsion', 'Emulsion', '1', '', ''),
(54, 'Shampoo', 'Shampoo', '1', '', ''),
(55, 'Vaccine', 'Vac', '1', '', '');

-- --------------------------------------------------------

--
-- Table structure for table `drugwhentype`
--

CREATE TABLE IF NOT EXISTS `drugwhentype` (
  `id` int(11) NOT NULL AUTO_INCREMENT,
  `bangla` varchar(255) CHARACTER SET utf8 NOT NULL,
  `english` varchar(255) NOT NULL,
  `pdf` varchar(255) CHARACTER SET utf8 NOT NULL,
  PRIMARY KEY (`id`)
) ENGINE=InnoDB  DEFAULT CHARSET=latin1 AUTO_INCREMENT=11 ;

--
-- Dumping data for table `drugwhentype`
--

INSERT INTO `drugwhentype` (`id`, `bangla`, `english`, `pdf`) VALUES
(0, '', '', ''),
(1, 'খাবার পর', 'Before Meal', 'Lvevi ci'),
(2, 'খাবার আধা ঘণ্টা পূর্বে', '30 Minutes Before Meal', 'Lvevi Avav NÈv c~‡e©'),
(3, 'খাবার আগে', 'After Meal', 'Lvevi Av‡M'),
(4, 'ঘুমানোর পুর্বে', 'Before Sleep', 'Nygv‡bvi cy‡e©'),
(5, 'ঘুম থেকে উঠে', 'After Wake-up', 'Nyg †_‡K D‡V'),
(6, 'প্রয়োজন মত', 'SOS', 'cÖ‡qvRb g‡Zv'),
(7, 'মাংস পেশীতে', 'IM', 'gvsm †ckx‡Z'),
(8, 'শিরাতে', 'IV', 'wkiv‡Z'),
(9, 'যোনিপথে', 'Pervaginal', '†hvwb c‡_'),
(10, 'পায়ুপথে', 'Perrectum', 'cvqy c‡_');

-- --------------------------------------------------------

--
-- Table structure for table `drug_prescription`
--

CREATE TABLE IF NOT EXISTS `drug_prescription` (
  `id` int(11) NOT NULL AUTO_INCREMENT,
  `appointMentID` int(11) NOT NULL,
  `drugTypeID` int(11) NOT NULL,
  `drugID` int(11) NOT NULL,
  `drugTimeID` int(11) NOT NULL,
  `drugDose` varchar(255) NOT NULL,
  `drugDoseUnit` varchar(45) NOT NULL,
  `drugNoOfDay` int(11) NOT NULL,
  `drugDayTypeID` int(11) NOT NULL,
  `drugWhenID` int(11) NOT NULL,
  `drugAdviceID` int(11) NOT NULL,
  PRIMARY KEY (`id`)
) ENGINE=InnoDB  DEFAULT CHARSET=latin1 AUTO_INCREMENT=56 ;

--
-- Dumping data for table `drug_prescription`
--

INSERT INTO `drug_prescription` (`id`, `appointMentID`, `drugTypeID`, `drugID`, `drugTimeID`, `drugDose`, `drugDoseUnit`, `drugNoOfDay`, `drugDayTypeID`, `drugWhenID`, `drugAdviceID`) VALUES
(1, 8, 1, 1, 1, '2', '', 0, 5, 2, 14),
(3, 9, 1, 682, 2, '1.5 - 1.5', '', 1, 3, 1, 5),
(4, 10, 1, 525, 2, '1 - 1', '', 7, 3, 1, 0),
(5, 11, 1, 29, 2, '1.5 - 1.5', '', 7, 2, 1, 0),
(6, 12, 1, 15, 3, '1.5 - 1.5 - 1.5', '', 7, 3, 1, 0),
(7, 15, 1, 15, 3, '1.5 - 1.5 - 1.5', '', 7, 3, 1, 0),
(8, 15, 1, 27, 3, '1 - 1 - 1', '', 7, 1, 0, 1),
(9, 17, 1, 15, 3, '1.5 - 1.5 - 1.5', '', 7, 3, 1, 0),
(10, 17, 1, 0, 3, '1 - 1 - 1', '', 7, 1, 1, 1),
(11, 17, 4, 4426, 1, '1', 'vial', 0, 5, 0, 0),
(12, 17, 4, 0, 3, '1 - 1 - 1', 'vial', 7, 1, 0, 0),
(13, 17, 4, 2773, 3, '1 - 1 - 1', 'ampl', 7, 1, 0, 0),
(14, 17, 4, 0, 3, '1 - 1 - 1', 'vial', 7, 1, 0, 0),
(15, 17, 2, 1448, 3, '1 - 1 - 1', '', 7, 1, 1, 0),
(16, 17, 1, 0, 3, '1 - 1 - 1', '', 7, 1, 0, 0),
(17, 18, 4, 2773, 3, '1 - 1 - 1', 'ampl', 7, 1, 0, 0),
(18, 18, 2, 1448, 3, '1 - 1 - 1', '', 7, 1, 1, 0),
(19, 18, 1, 15, 3, '1.5 - 1.5 - 1.5', '', 7, 3, 1, 0),
(20, 18, 4, 4426, 1, '1', 'vial', 0, 5, 0, 0),
(21, 20, 1, 15, 3, '1.5 - 1.5 - 1.5', '', 7, 1, 1, 0),
(22, 21, 1, 7, 3, '1.5 - 1.5 - 1.5', '', 10, 1, 0, 0),
(23, 21, 4, 2310, 2, '2 - 2', 'vial', 7, 1, 0, 0),
(24, 22, 1, 15, 3, '1.5 - 1.5 - 1.5', '', 7, 1, 1, 0),
(25, 23, 1, 15, 3, '1.5 - 1.5 - 1.5', '', 7, 1, 0, 0),
(26, 24, 1, 7, 3, '1.5 - 1.5 - 1.5', '', 10, 1, 0, 0),
(27, 24, 4, 2310, 2, '2 - 2', 'vial', 7, 1, 0, 0),
(28, 25, 8, 312, 3, '1 - 1 - 1', '', 7, 1, 0, 0),
(29, 25, 8, 312, 3, '1 - 1 - 1', '', 7, 1, 0, 0),
(30, 25, 8, 312, 3, '1 - 1 - 1', '', 7, 1, 0, 0),
(31, 26, 1, 15, 3, '2 - 2 - 2', '', 7, 2, 2, 0),
(32, 26, 1, 4, 3, '1.5 - 1.5 - 1.5', '', 7, 1, 0, 5),
(33, 26, 1, 69, 3, '1 - 1 - 1', '', 7, 1, 3, 6),
(34, 27, 1, 15, 3, '1.5 - 1.5 - 1.5', '', 7, 1, 0, 0),
(35, 27, 1, 4, 3, '1.5 - 1.5 - 1.5', '', 7, 1, 0, 5),
(36, 27, 1, 69, 3, '1 - 1 - 1', '', 7, 1, 0, 6),
(37, 28, 4, 360, 2, '1 - 1', 'vial', 10, 1, 1, 6),
(38, 28, 1, 15, 3, '1 - 1 - 1', '', 7, 1, 2, 5),
(39, 29, 1, 4, 3, '1.5 - 1.5 - 1.5', '', 7, 1, 0, 5),
(40, 29, 1, 69, 3, '1 - 1 - 1', '', 7, 1, 3, 6),
(41, 29, 1, 15, 3, '2 - 2 - 2', '', 7, 2, 2, 0),
(42, 30, 1, 4, 3, '1.5 - 1.5 - 1.5', '', 7, 1, 0, 5),
(43, 30, 1, 69, 3, '1 - 1 - 1', '', 7, 1, 3, 6),
(44, 30, 1, 15, 3, '2 - 2 - 2', '', 7, 2, 2, 0),
(45, 43, 1, 41, 3, '1 - 1 - 1', '', 7, 1, 1, 0),
(46, 44, 4, 360, 2, '1.5 - 1.5', 'vial', 10, 1, 1, 6),
(47, 44, 1, 4, 3, '1.5 - 1.5 - 1.5', '', 7, 1, 0, 5),
(48, 44, 1, 69, 3, '1 - 1 - 1', '', 7, 1, 3, 6),
(49, 45, 1, 10, 3, '1 - 1 - 1', '', 7, 1, 0, 0),
(51, 49, 1, 15, 3, '1.5 - 1.5 - 1.5', '', 10, 1, 1, 5),
(52, 49, 8, 312, 3, '1 - 1 - 1', '', 7, 1, 1, 0),
(53, 50, 1, 15, 3, '1.5 - 1.5 - 1.5', '', 10, 1, 1, 5),
(54, 51, 4, 360, 2, '1 - 1', 'vial', 10, 1, 1, 6),
(55, 53, 1, 15, 3, '1 - 1 - 1', '', 7, 1, 0, 5);

-- --------------------------------------------------------

--
-- Table structure for table `history`
--

CREATE TABLE IF NOT EXISTS `history` (
  `id` int(11) NOT NULL AUTO_INCREMENT,
  `typeCode` varchar(45) NOT NULL,
  `name` varchar(255) NOT NULL,
  `shortName` varchar(45) NOT NULL,
  PRIMARY KEY (`id`)
) ENGINE=InnoDB  DEFAULT CHARSET=latin1 AUTO_INCREMENT=20 ;

--
-- Dumping data for table `history`
--

INSERT INTO `history` (`id`, `typeCode`, `name`, `shortName`) VALUES
(1, 'MH', 'Blood Group', 'B.G'),
(2, 'MH', 'Marital Status', 'Marital Status'),
(3, 'MH', 'MP', 'MP'),
(4, 'MH', 'MC', 'MC'),
(5, 'MH', 'Cervical Smear', 'Cervical Smear'),
(6, 'MH', 'LMP', 'LMP'),
(7, 'MH', 'EDD', 'EDD'),
(8, 'MH', 'EDD By USG', 'EDD By USG'),
(9, 'MH', 'test', 'test'),
(10, 'MH', 'test2', 'test2'),
(11, 'OBS', 'Para', 'undefined'),
(12, 'OBS', 'Gravida', 'Gravida'),
(13, 'OBS', 'Test', 'Test'),
(14, 'OBS', 'Lucs', 'Lucs'),
(15, 'OBS', 'ttttttt', 'ttttttt'),
(16, 'OBS', 'hghfg', 'hghfg'),
(17, 'OBS', 'undefined', 'undefined'),
(18, 'MH', 'Frog', 'Frog'),
(19, 'Heart', 'level', 'level');

-- --------------------------------------------------------

--
-- Table structure for table `history_option`
--

CREATE TABLE IF NOT EXISTS `history_option` (
  `id` int(11) NOT NULL AUTO_INCREMENT,
  `historyID` int(11) NOT NULL,
  `optionName` varchar(255) NOT NULL,
  PRIMARY KEY (`id`)
) ENGINE=InnoDB  DEFAULT CHARSET=latin1 AUTO_INCREMENT=25 ;

--
-- Dumping data for table `history_option`
--

INSERT INTO `history_option` (`id`, `historyID`, `optionName`) VALUES
(1, 1, 'O+v'),
(2, 1, 'O-v'),
(13, 2, 'Married'),
(14, 2, ' Divorced'),
(15, 2, ' Single'),
(16, 11, '1'),
(17, 11, '2'),
(18, 11, '3'),
(19, 12, '1'),
(20, 12, '2'),
(21, 12, '3'),
(22, 18, 'A'),
(23, 18, 'B'),
(24, 18, 'C');

-- --------------------------------------------------------

--
-- Table structure for table `history_prescription`
--

CREATE TABLE IF NOT EXISTS `history_prescription` (
  `id` int(11) NOT NULL AUTO_INCREMENT,
  `appointMentID` int(11) NOT NULL,
  `patientHistoryID` int(11) NOT NULL,
  PRIMARY KEY (`id`)
) ENGINE=InnoDB  DEFAULT CHARSET=latin1 AUTO_INCREMENT=45 ;

--
-- Dumping data for table `history_prescription`
--

INSERT INTO `history_prescription` (`id`, `appointMentID`, `patientHistoryID`) VALUES
(8, 5, 2),
(11, 5, 4),
(12, 5, 5),
(13, 8, 6),
(14, 8, 7),
(15, 8, 8),
(16, 12, 8),
(17, 12, 6),
(18, 15, 8),
(19, 15, 6),
(20, 18, 6),
(21, 18, 7),
(22, 18, 9),
(23, 19, 9),
(24, 19, 6),
(25, 19, 7),
(26, 23, 2),
(27, 23, 4),
(28, 23, 5),
(29, 29, 10),
(30, 29, 11),
(31, 29, 12),
(32, 29, 13),
(33, 30, 10),
(34, 30, 11),
(35, 30, 12),
(36, 30, 13),
(37, 43, 9),
(38, 43, 14),
(39, 44, 11),
(40, 44, 15),
(41, 44, 10),
(42, 44, 11),
(43, 44, 12),
(44, 44, 13);

-- --------------------------------------------------------

--
-- Table structure for table `inv`
--

CREATE TABLE IF NOT EXISTS `inv` (
  `id` int(11) NOT NULL AUTO_INCREMENT,
  `name` text NOT NULL,
  PRIMARY KEY (`id`)
) ENGINE=InnoDB  DEFAULT CHARSET=latin1 AUTO_INCREMENT=787 ;

--
-- Dumping data for table `inv`
--

INSERT INTO `inv` (`id`, `name`) VALUES
(11, 'Arterial-(pCO2)'),
(12, 'Venous-(pCO2)'),
(14, 'Partial pressure of oxygen (pO2)'),
(15, 'PH Arterial'),
(16, 'pH Venous'),
(18, 'Glycosylated Hemoglobin (HbA1c)'),
(19, 'Oral Glucose Tolerance Test (GTT)'),
(20, 'Post Prandial Blood Sugar (PP - 2 hours)'),
(21, 'Random Blood Sugar (RBS)'),
(29, 'Prostate Specific Antigen (PSA)'),
(30, 'Prothrombin Time'),
(31, 'Reticulocyte Count'),
(32, 'Rheumatoid factor'),
(33, 'Serum Amylase'),
(34, 'Serum anti_La(SS_B)'),
(35, 'serum anti_Ro(SS_A)'),
(36, 'serum Antinuclear Antibodies (ANA)'),
(37, 'Serum Lactate'),
(38, 'Serum Lipase'),
(39, 'RBC Count'),
(107, 'Bleeding Time'),
(108, 'Blood Culture'),
(109, 'H2CO3'),
(110, 'HCO3:H2CO3'),
(113, 'partial pressure of oxygen (pO2)'),
(116, 'Fasting Blood Sugar (FBS)'),
(117, 'Glycosylated Hemoglobin (HbA1c)'),
(118, 'Oral Glucose Tolerance Test (GTT)'),
(119, 'Post Prandial Blood Sugar (PP - 2 hours)'),
(120, 'Random Blood Sugar (RBS)'),
(121, 'Blood WIDAL'),
(122, 'C - Reactive Protein (CRP)'),
(123, 'Clotting Time'),
(124, 'Differential White Blood Cell Count'),
(125, 'Erythrocyte Sedimentation Rate'),
(126, 'Haemoglobin'),
(127, 'Platelet Count'),
(128, 'RBC Count'),
(129, 'Total White Blood Cell Count'),
(130, 'double stranded (ds) DNA'),
(131, 'GGTP'),
(132, 'Serum Cholesterol'),
(133, 'serum HDL'),
(134, 'serum LDL'),
(135, 'serum Phospholipids'),
(136, 'serum Triglycerides'),
(137, 'serum VLDL'),
(138, 'Total Lipids'),
(139, 'serum Alkaline Phosphatase'),
(140, 'serum bilirubin - DIRECT'),
(141, 'serum bilirubin - INDIRECT'),
(142, 'SGOT'),
(143, 'SGPT'),
(144, 'Thymol Turbidity'),
(145, 'total serum Bilirubin'),
(146, 'serum Albumin'),
(147, 'serum Fibrinogen'),
(148, 'serum Globulin'),
(149, 'Total serum Proteins'),
(150, 'Prostate Specific Antigen (PSA)'),
(151, 'Prothrombin Time'),
(152, 'Blood Urea'),
(153, 'Creatinine Clearance Ratio'),
(154, 'serum creatinine'),
(155, 'serum Uric Acid'),
(156, 'Reticulocyte Count'),
(157, 'Rheumatoid factor'),
(158, 'Serum Amylase'),
(159, 'serum anti_La(SS_B)'),
(160, 'serum anti_Ro(SS_A)'),
(161, 'serum Antinuclear Antibodies (ANA)'),
(162, 'serum Bicarbonate (HCO3)'),
(163, 'serum Calcium'),
(164, 'serum Chloride'),
(165, 'serum magnesium'),
(166, 'serum Phosphate'),
(167, 'serum Potassium'),
(168, 'serum Sodium'),
(169, 'Serum Lactate'),
(170, 'Serum Lipase'),
(171, 'Daily Requirement of Iodine'),
(172, 'Duration Of Action'),
(173, 'free serum T3'),
(174, 'free serum Thyroxine Index'),
(175, 'S.PBI'),
(176, 'serum Parathormone'),
(177, 'serum Thyroid stimulating hormone (TSH)'),
(178, 'Time reqd. by antithyroid drug for effect in thyrotoxicosis'),
(179, 'Time reqd. by Radio Iodine'),
(180, 'Total Serum T3'),
(181, 'Total Serum T4'),
(182, 'Electrocardiogram (ECG)'),
(183, 'Treadmill Test (TMT)'),
(184, '24 hour pH monitoring - esophageal'),
(185, 'Arthroscopy'),
(186, 'Colposcopy'),
(187, 'Cystoscopy'),
(188, 'Hysteroscopy'),
(189, 'Laparoscopy'),
(190, 'Rectoscopy'),
(191, 'Upper GI endoscopy'),
(192, 'Upper GI endoscopy'),
(193, 'Arthrocentesis'),
(194, 'Cerebro-spinal fluid (CSF) analysis'),
(195, 'BAO/MAO Ratio'),
(196, 'Gastric - BAO'),
(197, 'Gastric - Fasting Residual Volume'),
(198, 'Gastric - MAO T4'),
(199, 'Gastric - pH'),
(200, 'Gastric - Post Stimulus value'),
(201, 'H.Pylori - Serology'),
(202, 'H.Pylori - Urea Breath Test'),
(203, 'Sperm Count'),
(204, 'sperm motility count'),
(205, 'Fine Needle Aspiration Cytology (FNAC)'),
(206, 'Urodynamic study'),
(207, 'Pap Smear'),
(208, 'Peripheral Blood Smear'),
(209, 'Peripheral Smear for Malarial Parasite (MP)'),
(210, 'QBC for Malarial Parasite'),
(211, 'sputum culture and sensitivity'),
(212, 'Sputum for AFB (acid-fast bacilli)'),
(213, 'Vaginal Smear Examination'),
(214, 'Biopsy'),
(216, 'CK MB'),
(218, 'dobutamine stress test'),
(219, 'IVP'),
(220, 'IVP'),
(221, 'Mantoux'),
(222, 'SAP'),
(223, 'Schirmer tear test'),
(224, 'Schirmer tear test'),
(225, 'troponin I'),
(226, 'troponin T'),
(227, 'stool - bulk'),
(228, 'stool - nitrogen'),
(229, 'stool - total fat'),
(230, 'stool - total fat'),
(231, 'stool - urobilinogen'),
(232, 'stool - water'),
(233, 'Stool culture and sensitivity'),
(234, 'stool for ova and cyst'),
(235, 'Stool hanging drop examination'),
(236, 'Doppler Sonography'),
(237, 'Echocardiogram'),
(238, 'Ultrasound Scan - Abdomen'),
(239, 'Ultrasound Scan - KUB'),
(240, 'Ultrasound Scan - Pelvis'),
(242, '24 hour Urine Volume'),
(243, 'Daily Bile salt Excretion'),
(244, 'Daily Stercobilinogen excretion'),
(245, 'Phosporous'),
(246, 'Potassium'),
(247, 'Red Blood Count'),
(248, 'red cell distribution width (RDW)'),
(249, 'Sodium'),
(250, 'Urea'),
(251, 'Urin Culture and Sensitivity'),
(252, 'Urinary 17 Ketosteroid'),
(253, 'Urinary 17 Oxygenic steroid'),
(254, 'Urinary Amylase'),
(255, 'urinary catecholamines'),
(256, 'Urinary Diastase'),
(257, 'urine - ammonia/nitrogen'),
(258, 'urine - calcium excretion'),
(259, 'urine - chloride'),
(260, 'urine - citrate excretion'),
(261, 'urine - ketones'),
(262, 'urine - albumin'),
(263, 'urine - bile pigments'),
(264, 'urine - bile salts'),
(265, 'urine - microscopy'),
(266, 'urine - pH'),
(267, 'urine - RBC'),
(268, 'urine - specific gravity'),
(269, 'urine glucose - 24-hour specimen'),
(270, 'urine glucose - Random Specimen'),
(271, 'Urine-Creatinine'),
(272, 'Urobilinogen'),
(273, 'Barium enema'),
(274, 'Barium meal series'),
(275, 'Barium meal study'),
(276, 'Coronary Angiography'),
(277, 'CT scan abdomen'),
(278, 'CT scan Brain'),
(279, 'CT scan lumbar spine'),
(280, 'CT scan Lumbo-sacral spine'),
(281, 'Intravenous pyelogram'),
(282, 'Micturating Cystourethrogram'),
(283, 'MRI knee'),
(284, 'MRI lumbar spine'),
(285, 'MRI Lumbo-sacral spine'),
(286, 'MRI Scan Brain'),
(287, 'MRI Spine'),
(288, 'Renal Angiography'),
(289, 'Cervical spine'),
(290, 'X ray left hand'),
(291, 'X ray left knee'),
(292, 'X-Ray'),
(293, 'X ray right knee'),
(294, 'X-Ray - KUB'),
(295, 'X-Ray abdomen'),
(296, 'X-Ray ankle'),
(297, 'X-Ray chest'),
(298, 'X-Ray elbow joint'),
(299, 'X-Ray foot'),
(300, 'X-Ray lumbo sacral'),
(301, 'X-Ray lumbo sacral spine-AP view'),
(302, 'X-Ray lumbo sacral spine-Lat view'),
(303, 'X-Ray pelvis'),
(304, 'X-Ray shoulder'),
(305, 'X-Ray Sinuses'),
(306, 'X-Ray skull'),
(307, 'X-Ray Wrist'),
(308, 'Blood Group'),
(309, 'Random Blood Test'),
(315, 'FBS'),
(317, 'RBS'),
(318, 'GTT'),
(319, 'HbA1C'),
(320, 'Urine for R/E & C/S'),
(321, 'Blood Grouping & Rh Typing'),
(322, 'USG of ut for pregnancy profile'),
(323, 'Hb%'),
(324, '4D USG of ut & Pregnancy profile and anamali scan'),
(325, 'TC,DC,HB%,ESR - Haematological Exam'),
(326, 'CE Count - Haematological Exam'),
(327, 'Haematological Exam - Bone Marrow Study'),
(328, 'Haematological Exam - Absolute Values'),
(329, 'Haematological Exam - Blood Film'),
(330, 'Haematological Exam - MP'),
(331, 'Haematological Exam - LE Cells'),
(332, 'Haematological Exam - BT, CT'),
(333, 'Haematological Exam - APTT'),
(334, 'Haematological Exam - HCT/PCV'),
(335, 'Haematological Exam - MCV, MCHC'),
(336, 'Haematological Exam - Sugar Fasting'),
(337, 'Biochemical Exam - 2 hrs. ABF/Lunch/Post Prandial(PPS)'),
(338, 'Biochemical Exam - 2 hrs. after 75 gm. Glucose'),
(339, 'Biochemical Exam - S. Bilirubin(Total/Direct/Indirect)'),
(340, 'Biochemical Exam - ALK .Phosphatase'),
(341, 'Biochemical Exam - s. Uric Acid'),
(342, 'Biochemical Exam - Prostatic Acid Phosphatase'),
(343, 'Biochemical Exam - HDL Cholesterol'),
(344, 'Biochemical Exam - LDL Cholesterol'),
(345, 'Biochemical Exam - Acid Phosphatase'),
(346, 'Biochemical Exam - S. Total Cholesterol'),
(347, 'Biochemical Exam - Lipid Profile'),
(348, 'Biochemical Exam - Triglyceride '),
(349, 'Biochemical Exam - Urea/BUN '),
(350, 'Biochemical Exam - S. Creatinine '),
(351, 'Biochemical Exam - S. Electrolytes '),
(352, 'Biochemical Exam - S. Total Protein '),
(353, 'Biochemical Exam - Albumin  '),
(354, 'Biochemical Exam - Globulin '),
(355, 'Biochemical Exam - AG Ratio '),
(356, 'Biochemical Exam - LDH '),
(357, 'Biochemical Exam - S. Iron '),
(358, 'Biochemical Exam - Feritin '),
(359, 'Biochemical Exam - Folic Acid '),
(360, 'Biochemical Exam - Folate '),
(361, 'Biochemical Exam - Aldolase'),
(362, 'Biochemical Exam - Urinary Magnesium'),
(363, 'Biochemical Exam - Urinary Electrolytes '),
(364, 'Biochemical Exam - Spot Urine Protein '),
(365, 'Biochemical Exam - Spot Urine Calcium Creatinine Ratio '),
(366, 'Biochemical Exam - Urin for Micro Albumin'),
(367, 'Biochemical Exam - Aldehyde Test'),
(368, 'Biochemical Exam - 24 hrs urinary uricacid '),
(369, 'Biochemical Exam - CPK-MB'),
(370, 'Biochemical Exam - CPK-NAC '),
(371, 'Biochemical Exam - Myoglobin '),
(372, 'Biochemical Exam - s. amylase '),
(373, 'Biochemical Exam - S. Calcium '),
(374, 'Biochemical Exam - Magnesium'),
(375, 'Biochemical Exam - CRP '),
(376, 'Lactate - Biochemical Exam'),
(377, 'Biochemical Exam - Lithium '),
(378, 'Biochemical Exam - Lipase  '),
(379, 'Biochemical Exam - S. Phosphate'),
(380, 'Biochemical Exam - FDP '),
(381, 'Biochemical Exam - TIBC '),
(382, 'Biochemical Exam - Vitamin B-12 '),
(383, 'Biochemical Exam - Ammonia '),
(384, 'Biochemical Exam - Fibrinogen '),
(385, 'Biochemical Exam - GFR '),
(386, 'Biochemical Exam - Inorganic Phosphate '),
(387, 'Biochemical Exam - Homocysteine  '),
(388, 'Torch Panel - Gamma GT '),
(389, 'Torch Panel - CMV IgG'),
(390, 'Torch Panel - CMV IgM '),
(391, 'Torch Panel - Rubella IgG '),
(392, 'Torch Panel - Rubella IgM '),
(396, 'Torch Panel - HSV 1 and 2 IgM '),
(398, 'Torch Panel - HSV 1 and 2 IgG'),
(399, 'Torch Panel - Toxo IgG'),
(400, 'Torch Panel - Toxo IgM'),
(401, 'Immunology/Serology - Widal Test'),
(402, 'Immunology/Serology - Febrila Antigen '),
(403, 'Immunology/Serology - Rose Waaler Test '),
(404, 'Immunology/Serology - IgM '),
(405, 'Immunology/Serology - IgG '),
(406, 'Immunology/Serology - IgE '),
(407, 'Immunology/Serology - ANA '),
(408, 'Immunology/Serology - ANF '),
(409, 'Immunology/Serology - Anti DNA '),
(410, 'Immunology/Serology - Coomb''s Test(Direct/Indirect)'),
(411, 'Immunology/Serology - ICT Tuberculosis '),
(412, 'Immunology/Serology - ICT Malaria '),
(413, 'Immunology/Serology - Elisa of TB IgA/IgG/IgM'),
(414, 'Immunology/Serology - Dengue ICT '),
(415, 'Immunology/Serology - Clamydial Antibody '),
(416, 'Immunology/Serology - Anti Chlamydia IgG '),
(417, 'Immunology/Serology - Anti Measles IgG '),
(418, 'Immunology/Serology - Anti H. Pylori IgG '),
(419, 'Immunology/Serology - ASO Titre '),
(420, 'Immunology/Serology - R. A Test '),
(421, 'Immunology/Serology - TPHA '),
(422, 'Immunology/Serology - C3 '),
(423, 'Immunology/Serology - C4 '),
(424, 'Immunology/Serology - IgA '),
(425, 'Immunology/Serology - Anti Ds DNA '),
(426, 'Immunology/Serology - Alpha-Fetoprotien '),
(427, 'Immunology/Serology - ICTFilaria '),
(428, 'Immunology/Serology - ICT Kala-Azar '),
(429, 'Immunology/Serology - Antisperm Antibody '),
(430, 'Immunology/Serology - Dengue Alisa'),
(431, 'Hepatitis Profile - Anti HBs'),
(432, 'Hepatitis Profile - HBe Ag '),
(433, 'Hepatitis Profile - Anti HCV '),
(434, 'Hepatitis Profile - Anti HAV-IgM '),
(435, 'Hepatitis Profile - HBV DNA '),
(436, 'Hepatitis Profile - Anti HBe '),
(437, 'Hepatitis Profile - Anti HBc IgG '),
(438, 'Hepatitis Profile - Anti HBc IgM '),
(439, 'Hepatitis Profile - Anti HEV-IgM  '),
(440, 'Hepatitis Profile - Anti HBc '),
(441, 'Hormone Test - T3'),
(442, 'Hormone Test - FT3'),
(443, 'Hormone Test - T4'),
(444, 'Hormone Test - FT4'),
(445, 'Hormone Test - Prolactin'),
(446, 'Hormone Test - Estradiol'),
(447, 'Hormone Test - Progesterone '),
(448, 'Hormone Test - Testosterone '),
(449, 'Hormone Test - LH  '),
(450, 'Hormone Test - FSH '),
(451, 'Hormone Test - Cortisol'),
(452, 'Hormone Test - Growth Hormone '),
(453, 'Hormone Test - Anti-Thyroid Ab '),
(454, 'Hormone Test - ACTH '),
(455, 'Hormone Test - PTH '),
(456, 'Hormone Test - Anti-TPO Ab '),
(457, 'Hormone Test - DHEA So4'),
(458, 'Hormone Test - Anti-TG Ab '),
(459, 'Hormone Test - SHBG '),
(460, 'Cancer Marker - CA-15.3'),
(461, 'Cancer Marker - CA-19.9 '),
(462, 'Cancer Marker - CA-125 '),
(463, 'Cancer Marker - Ca-242'),
(464, 'Cancer Marker - PSA(Total) '),
(465, 'Cancer Marker - Free PSA '),
(466, 'Cancer Marker - Total HCG '),
(467, 'Cancer Marker - Alpha FP '),
(468, 'Cancer Marker - CEA'),
(469, 'Cancer Marker - Betta HCG '),
(470, 'Cancer Marker - Ferritin Level '),
(471, 'Cancer Marker - Zinc'),
(472, 'Drug Monitoring - Carbamazepine'),
(473, 'Drug Monitoring - Valproic Acid '),
(474, 'Drug Monitoring - Cyclosporine '),
(475, 'Drug Monitoring - Digoxin '),
(476, 'Drug Monitoring - Phenytoin '),
(477, 'Drug Monitoring - Gentamicin '),
(478, 'Blood Bank - Grouping and RH'),
(479, 'Blood Bank - Cross Matching '),
(480, 'Blood Bank - Screening '),
(481, 'Blood Bank - RH Anty body '),
(482, 'Blood Bank - Donar and Recipient Screening'),
(483, 'Blood Bank - Patarnity Test '),
(484, 'Blood Bank - Blood Component '),
(485, 'Microbiology - Blood for C/S '),
(486, 'Microbiology - R/E'),
(487, 'Microbiology - C/S '),
(488, 'Microbiology - KLB'),
(489, 'Microbiology - Gram Stain '),
(490, 'Microbiology - AFB '),
(491, 'Microbiology - GC '),
(492, 'Microbiology - Fungus'),
(493, 'Microbiology - AFB for C/S '),
(494, 'Urine - Pregnancy Test'),
(495, 'Microbiology - Wound Swab for C/S '),
(496, 'Microbiology - Umbilical Swab for C/S '),
(497, 'Microbiology - Conjunctival Swab for C/S '),
(498, 'Microbiology - Aural Swab for C/S '),
(499, 'Microbiology - Anal Swab for C/S '),
(500, 'Microbiology - Pleura Swab for C/S '),
(501, 'Urine - Bile Pigment'),
(502, 'OBT'),
(503, 'Urine - 24 HRS total protein/calcium/phosphate'),
(504, 'Urine - urinary vMA. '),
(505, 'Urine - Bene-jones protein '),
(506, 'Urine - Specific Grevity '),
(507, 'Urine - Ketone bodies '),
(508, 'Urine - Osmolality '),
(509, 'Urine - Bile salt '),
(510, 'Urine - Uroflometry '),
(511, 'Stool - Ova count'),
(512, 'Stool - Reducing substance'),
(513, 'Histo & Cytopathology - Histopathology of'),
(514, 'Histo & Cytopathology - FNAC-Freehand-External'),
(515, 'Histo & Cytopathology - FNAC ultrasono/ct Guided'),
(516, 'Histo & Cytopathology - Pap`s smear for   - Histo & Cytopathology'),
(517, 'Histo & Cytopathology - Sputum for malignant call '),
(518, 'Histo & Cytopathology - Urine for malignant call '),
(519, 'Histo & Cytopathology - Discharge/fluid for malignant call '),
(520, 'Vaccination - Polio'),
(521, 'Vaccination - BCG '),
(522, 'Vaccination - DPT '),
(523, 'Vaccination - Ham/Measles '),
(524, 'Vaccination - Rubeola '),
(525, 'Vaccination - Mumps'),
(526, 'Others - Tuberculin test/mt'),
(527, 'Others - Semen Analysis - Others'),
(528, 'Others - Hb electrophoresis '),
(529, 'Others - Protein electrophoresis '),
(530, 'Others - Hb alc '),
(531, 'Others - HlV (1 2) '),
(532, 'Others - Medical check up'),
(533, 'Others - Executive check up'),
(534, 'Others - Counseling '),
(535, 'Others - Telemedicine'),
(536, 'Drug of Abuse/Toxicity - Benzodiazepine'),
(537, 'Drug of Abuse/Toxicity - Opiates '),
(538, 'Drug of Abuse/Toxicity - Cannabinoids'),
(539, 'CT Angiogram - Coronary Artery Angiogram(CAA)'),
(540, 'CT Angiogram - Coronary Artery Bypass Grafting Evalution(Cabg) '),
(541, 'CT Angiogram - Coronary Artry Stent Evaluation(cas)'),
(542, 'CT Angiogram - Ca Scoring'),
(543, 'CT Angiogram - Carotid Angiogrm'),
(544, 'CT Angiogram - Portal Venous Angiogram '),
(545, 'CT Angiogram - Carotid Angiogram'),
(546, 'CT Angiogram - Renal Artery Angiogram'),
(547, 'CT Angiogram - Abdominal Aorta & Ilac Artey Angiogram'),
(548, 'CT Angiogram - Peripheral Angiogram'),
(549, 'CT Scan - Brain/Head/Skull'),
(550, 'CT Scan - Brain & Orbits'),
(551, 'CT Scan - Orbits'),
(552, 'CT Scan - Pituittary Gland /Sellaturcica'),
(553, 'CT Scan - PNS'),
(554, 'CT Scan - Nesopharynx '),
(555, 'CT Scan - Base of the Skull'),
(556, 'CT Scan - Mastoid Rt/Lt'),
(557, 'CT Scan - Whole Abdomen'),
(558, 'CT Scan - Upper Abdomen/HBS '),
(559, 'CT Scan - Lower Abdomen/Pelvis '),
(560, 'CT Scan - Kub Regions '),
(561, 'CT Scan - Liver/Pancreas/kidneys '),
(562, 'CT Scan - Supra-Renal Glands '),
(563, 'CT Scan - Carvical Spine'),
(564, 'CT Scan - Thoracic/Dorsal Spine '),
(565, 'CT Scan - Lumbo-Sacral Spine'),
(566, 'CT Scan - Joint '),
(567, 'CT Scan - Bones'),
(568, 'CT Scan - Myelo-Ct of Cervical Spine Dorsal Spine  - CT Scan'),
(569, 'Ultrasound - lower abdomen/uterus'),
(570, 'Ultrasound - pregnancy profile'),
(571, 'Ultrasound - Kub with prostate '),
(572, 'Ultrasound - Thyroid'),
(573, 'Ultrasound - breasts'),
(574, 'Ultrasound - scrotum/testes'),
(575, 'Ultrasound - soft tissue'),
(576, 'Ultrasound - uscd'),
(577, 'Ultrasound - tvs'),
(578, 'Ultrasound - transrectal usg'),
(579, 'Ultrasound - bio-physical profile'),
(582, 'Cardiac Imaging - echocardiogram-2D'),
(584, 'Cardiac Imaging - vascular doppler study'),
(585, 'Cardiac Imaging - E.E.G.'),
(586, 'Cardiac Imaging - E.M.G./N.C.v.'),
(587, 'Cardiac Imaging - carotid doppler'),
(588, 'Cardiac Imaging - duplex study of limb  vessels'),
(589, 'Cardiac Imaging - upper limb/lower limb'),
(590, 'Cardiac Imaging - 24 hrs.ambulatory e.c.g (holter monitoring)'),
(591, 'Cardiac Imaging - 24 hrs. ambulatory'),
(593, 'MRI - neck'),
(594, 'MRI - chest/ lungs'),
(595, 'Hrct of lungs'),
(596, 'Oesophagus'),
(597, 'MRl angiogram of brain '),
(598, 'MRI angiogram of carotid'),
(599, 'MRl angiogram of portal venous'),
(600, 'MRl angiogram of renal artery'),
(601, 'MRl angiogram of abdominal aorta '),
(602, 'MRl angiogram of peripheral'),
(603, 'MRl angiogram of whole body'),
(604, 'MRI of brain'),
(605, 'MRI - pituitary gland'),
(606, 'MRI - Nasopharynx'),
(608, 'MRI - mRa of neck vessels'),
(609, 'MRI - MRCP'),
(610, 'MRI - MRA of  abdominal aorta'),
(611, 'MRI - MRA of terminal aorta and both lower limb-arteries'),
(612, 'MRI - shoulder joint rt/ lt'),
(613, 'MRI - elbow joint rt/lt'),
(614, 'MRI - wrist joint rt/lt.'),
(615, 'MRI - fore arm rt/lt'),
(616, 'MRI - hip joint rt/lt/both/ap/lat'),
(617, 'MRI - thigh rt/lt'),
(618, 'MRI - knee joint rt/lt'),
(619, 'MRI - ankle joint rt/lt'),
(620, 'MRI - leg rt/lt'),
(621, 'MRI - foot rt/lt'),
(622, 'MRI - any singla organ/part'),
(623, 'MRI - MR angiogram of upper limb '),
(624, 'VEP - Video endoscopy(ugit)'),
(625, 'VEP - video endoscopy(uglt) with sedation'),
(626, 'VEP - video endoscopy(uglt)'),
(627, 'VEP - CLO test (directs the ureas enzyme of helicobacter pylori in stomach mucosal biopsies)'),
(628, 'VEP - sclerotherapy of oesophageal varics-es(EST)'),
(629, 'VEP - Band ligation (EVL)'),
(630, 'VEP - oesophageal stenting'),
(631, 'VEP - Oesophageal balloon dilatation '),
(632, 'VEP - Oesophageal savary gilliard dilatation'),
(633, 'VEP - Foreign body extraction'),
(634, 'V Colonoscopy - short colonoscopy'),
(635, 'V Colonoscopy - Sigmoidoscopy'),
(636, 'V Colonoscopy - Colonoscopy with polypectomy single '),
(637, 'V Colonoscopy - Colonoscopy with polypectomy multiple'),
(638, 'X-Ray - Chest P.A/ A.P./Rt  lat/lt lat/ rt oblique/lt oblique/decubitas view'),
(639, 'X-Ray - Skull P.a./a.p./lat view'),
(640, 'X-Ray - PNS om view'),
(641, 'X-Ray - Nasopharynx lat view '),
(642, 'X-Ray - Mastoid towen`s view'),
(643, 'X-Ray - Styloid process rt/lt/bil'),
(644, 'X-Ray - Mandible rt/lt'),
(645, 'X-Ray - T.m joint rt/lt'),
(646, 'X-Ray - Orbit rt/lt'),
(647, 'X-Ray - Cervical spine a.p./lat/oblique view'),
(648, 'X-Ray - Neck b.v.'),
(649, 'X-Ray - soft tissue neck lat.view'),
(650, 'X-Ray - Thoracic spine a.p./lat'),
(651, 'X-Ray - Lumber spine a.p./lat/oblique/Rt/lt/both view'),
(652, 'X-Ray - Coccyx a.p./lat'),
(653, 'X-Ray - Plain abdomen/lower abdomen for c.p.d.'),
(654, 'X-Ray - Plain abdomen in erect posture'),
(655, 'X-Ray - Plain kub'),
(656, 'X-Ray - pelvis a.p./lat vow'),
(657, 'X-Ray - shoulder joint a.p./lat/axial rt/lt'),
(658, 'X-Ray - Elbow jt.b.v.rt/lt'),
(659, 'X-Ray - wrist jt.b.v.rt/lt'),
(660, 'X-Ray - Hand b.v. rt/lt'),
(661, 'X-Ray - Finger b.v.rt/lt'),
(662, 'X-Ray - Humerus b.v.rt/lt'),
(663, 'X-Ray - Fore-arm b.v rt/lt'),
(664, 'X-Ray - Hip joint b.v.rt/lt'),
(665, 'X-Ray - Thigh b.v.rt/lt'),
(666, 'X-Ray - knee joint A.p./lat/axial/rt/lt'),
(667, 'X-Ray - Ankle joint b.v. rt/lt'),
(668, 'X-Ray - Leg b.v. rt/lt'),
(669, 'X-Ray - Foot b.v. rt/lt'),
(670, 'X-Ray - Heel lat/axial view'),
(672, 'X-Ray - Ba-Meal  of stomach and duodenum'),
(673, 'X-Ray - Ba-swallow of oesophagus'),
(674, 'X-Ray - Be-enema double contrast'),
(675, 'X-Ray - Ba- Meal follow through '),
(676, 'X-Ray - Ba-enema double contrast'),
(677, 'X-Ray - Oral cholecystography(ocg)'),
(678, 'X-Ray - Ivu with post mict.Film'),
(679, 'X-Ray - Retrograde cystourethrogram'),
(680, 'X-Ray - Sialogram'),
(681, 'X-Ray - Fistulogram'),
(682, 'X-Ray - Sinogram'),
(683, 'X-Ray - Myelogram'),
(684, 'X-Ray - Hystero-salpingogram'),
(685, 'X-Ray - Venogram(phlebogram) both/rt/lt/upper limb both rt/lt/lower limb'),
(686, 'X-Ray - Opg/dental x-Ray'),
(687, 'VB - ERCP'),
(688, 'VB - Diagnostic'),
(689, 'VB - Stenting extraction of ascaris from billiary tree '),
(690, 'VB - With papillotomy'),
(691, 'VB - Stone Extraction '),
(692, 'Mammogram - Both breast'),
(693, 'Mammogram - Right breast '),
(694, 'Mammogram - Left breast'),
(695, 'CBC'),
(696, 'Blood Film  '),
(697, 'MP  '),
(698, 'Sugar Fasting  '),
(699, '2 hrs. ABF '),
(700, 'After 75 gm. Glucose'),
(701, 'Random  '),
(702, 'Lipid Profile  '),
(703, 'Urea/BUN  '),
(704, 'S. creatinine  '),
(705, 'S. Elctrolytes'),
(706, 'S. Uric Acid  '),
(707, 'S. Total Protein  '),
(708, 'Albumin  '),
(709, 'S. Iron Profile'),
(710, 'LFT'),
(711, 'Widal Test  '),
(712, 'VDRL (Qlty/Qnty)'),
(713, 'ANA  '),
(714, 'Anti DNA  '),
(715, 'RH. Antibody Titre'),
(716, 'ICT Malaria  '),
(717, 'HBs Ag'),
(718, 'Anti HB e'),
(719, 'Anti HBs  '),
(720, 'HBe Ag  '),
(721, 'Anti HBc IgM  '),
(722, 'Anti HCV  '),
(723, 'Anti HEV-IgM  '),
(724, 'T4  '),
(725, 'TSH'),
(726, 'Urine R/E'),
(727, 'Urine C/S'),
(728, 'Tuberculin Test/MT'),
(729, 'Seman Analysis'),
(730, 'Chest P/A View'),
(731, 'KUB'),
(732, 'Plain X-Ray Abdomen/C.P.D.'),
(733, 'Skull B/V'),
(734, 'P.N.S (O.M View)'),
(735, 'Lumbo-Sacral Spine B/V'),
(736, 'E.C.G.'),
(737, 'E.T.T-Stress E.C.G.'),
(738, 'COLOUR DOPPLER ECHO'),
(739, 'CXR(P-A view)'),
(740, 'ESR'),
(741, 'TCEC'),
(742, 'S.TSH. T4'),
(743, 'BL. SUGAR(R)'),
(744, 'S.FSH'),
(745, 'S.LH'),
(746, 'S.PROLACTINE'),
(747, 'S.CREATININE'),
(748, 'BL. Grouping @ Rh Typing'),
(749, 'X-Ray Chest PA/V'),
(750, 'Bl. Sugar Fasting '),
(751, 'Bl. Sugar 2 hrs after 75gm Glucose'),
(752, '2 hrs after 75 gm glucose'),
(753, 'S. TSH'),
(754, 'BLOOD C/S'),
(755, 'Anti CCP'),
(756, 'Echo Doppler'),
(757, 'Urine RME'),
(758, 'USG W/A'),
(759, 'Febrile Antigen'),
(760, 'S.Bili'),
(762, 'CT Scan - Chest'),
(763, 'MRI - Brain'),
(764, 'MRI - Lumbosacral Region'),
(765, 'MRI -Clinical Spine'),
(766, 'Holter Monitoring'),
(767, 'X-Ray - Chest P.A view'),
(768, 'TSH, FT3, FT4'),
(769, 'TSH,FT4'),
(770, 'X-Ray - Cervical spine B/V'),
(771, 'Duplex Study of _______'),
(772, 'Uric Acid'),
(773, 'Duplex Study of Neck Vessels'),
(774, 'Carotid Duplex'),
(775, 'Duplex Study of Lower Limbs'),
(776, 'SGPT,Bilirubin,Alk.Phos.'),
(777, 'ETT'),
(778, 'TC,DC,HB%,ESR'),
(779, 'CT Scan'),
(780, 'Endoscopy'),
(781, 'Test'),
(782, 'undefined'),
(783, 'Test test'),
(784, 'trrr'),
(785, 'Serum Lipase test'),
(786, 'httttt');

-- --------------------------------------------------------

--
-- Table structure for table `inv_prescription`
--

CREATE TABLE IF NOT EXISTS `inv_prescription` (
  `id` int(11) NOT NULL AUTO_INCREMENT,
  `appointMentID` int(11) NOT NULL,
  `invID` int(11) NOT NULL,
  `note` text NOT NULL,
  `checked` int(11) NOT NULL,
  PRIMARY KEY (`id`)
) ENGINE=InnoDB  DEFAULT CHARSET=latin1 AUTO_INCREMENT=61 ;

--
-- Dumping data for table `inv_prescription`
--

INSERT INTO `inv_prescription` (`id`, `appointMentID`, `invID`, `note`, `checked`) VALUES
(2, 9, 196, '', 0),
(3, 9, 131, 'why', 0),
(4, 9, 0, 'undefined', 0),
(5, 9, 0, 'aa', 0),
(6, 9, 785, 'Safe', 0),
(7, 9, 19, '', 0),
(9, 9, 0, 'Safe', 0),
(10, 9, 0, 'Safe', 0),
(11, 9, 0, 'Safe', 0),
(12, 9, 708, 'test', 0),
(14, 11, 781, '', 0),
(15, 11, 38, '', 0),
(16, 12, 713, '', 0),
(17, 12, 34, '', 0),
(18, 15, 713, '', 0),
(19, 15, 34, '', 0),
(20, 17, 781, '', 0),
(21, 17, 713, '', 0),
(22, 17, 34, '', 0),
(23, 18, 34, '', 0),
(24, 18, 713, '', 0),
(25, 18, 781, '', 0),
(26, 21, 713, '', 0),
(27, 21, 34, '', 0),
(28, 24, 713, '', 0),
(29, 24, 713, '', 0),
(30, 24, 34, '', 0),
(31, 25, 130, '', 0),
(32, 25, 130, '', 0),
(33, 25, 130, '', 0),
(34, 26, 34, '', 0),
(35, 26, 185, '', 0),
(36, 27, 34, '', 0),
(37, 27, 185, '', 0),
(38, 28, 123, '', 0),
(39, 29, 34, 'Teat', 0),
(40, 29, 185, '', 0),
(41, 30, 34, 'Teat', 0),
(42, 30, 185, '', 0),
(43, 30, 713, '', 0),
(44, 40, 34, '', 0),
(45, 40, 713, '', 0),
(46, 40, 781, '', 0),
(47, 30, 713, '', 0),
(48, 30, 713, '', 0),
(49, 33, 713, '', 0),
(50, 22, 71, '', 0),
(51, 22, 713, '', 0),
(52, 41, 713, '', 0),
(53, 20, 713, '', 0),
(54, 43, 131, '', 0),
(55, 44, 123, '', 0),
(56, 49, 130, '', 0),
(57, 50, 131, '', 0),
(58, 50, 713, '', 0),
(59, 51, 123, '', 0),
(60, 56, 131, '', 0);

-- --------------------------------------------------------

--
-- Table structure for table `inv_report`
--

CREATE TABLE IF NOT EXISTS `inv_report` (
  `id` int(11) NOT NULL AUTO_INCREMENT,
  `invPrescribeID` int(11) NOT NULL,
  `result` text NOT NULL,
  `status` tinyint(1) NOT NULL,
  PRIMARY KEY (`id`)
) ENGINE=InnoDB  DEFAULT CHARSET=latin1 AUTO_INCREMENT=11 ;

--
-- Dumping data for table `inv_report`
--

INSERT INTO `inv_report` (`id`, `invPrescribeID`, `result`, `status`) VALUES
(1, 45, 'test2', 1),
(2, 46, 'aaa', 0),
(3, 44, '123', 1),
(4, 24, 'yo yo', 0),
(6, 49, 'asd', 1),
(7, 51, 'qqq', 1),
(8, 52, 'zxcxczx', 1),
(9, 53, 'vvv', 1),
(10, 56, 'solo', 1);

-- --------------------------------------------------------

--
-- Table structure for table `menu`
--

CREATE TABLE IF NOT EXISTS `menu` (
  `id` int(11) NOT NULL AUTO_INCREMENT,
  `menuID` int(11) NOT NULL,
  `menuURL` varchar(45) NOT NULL,
  PRIMARY KEY (`id`)
) ENGINE=InnoDB  DEFAULT CHARSET=latin1 AUTO_INCREMENT=21 ;

--
-- Dumping data for table `menu`
--

INSERT INTO `menu` (`id`, `menuID`, `menuURL`) VALUES
(1, 1, '#/drugs'),
(2, 2, '#/inv'),
(3, 3, '#/complain'),
(4, 4, '#/vital'),
(5, 5, '#/advice'),
(6, 6, '#/surgery'),
(7, 7, '#/genInfo'),
(8, 8, '#/diagnosis'),
(9, 9, '#/pastHistory'),
(10, 10, '#/parents'),
(11, 11, '#/oldPrescription'),
(12, 12, '#/testReports'),
(13, 13, '#/riskFactors'),
(14, 14, '#/history'),
(15, 15, '#/obsHistory'),
(16, 16, '#/settings'),
(17, 17, '#/pastHistory'),
(18, 18, '#/familyHisory'),
(19, 19, '#/invReport'),
(20, 20, '#/followUpChart');

-- --------------------------------------------------------

--
-- Table structure for table `menusettings`
--

CREATE TABLE IF NOT EXISTS `menusettings` (
  `id` int(11) NOT NULL AUTO_INCREMENT,
  `doctorID` int(11) NOT NULL,
  `menuID` int(11) NOT NULL,
  `menuHeader` varchar(45) NOT NULL,
  `order` int(11) NOT NULL,
  PRIMARY KEY (`id`)
) ENGINE=InnoDB  DEFAULT CHARSET=latin1 AUTO_INCREMENT=15 ;

--
-- Dumping data for table `menusettings`
--

INSERT INTO `menusettings` (`id`, `doctorID`, `menuID`, `menuHeader`, `order`) VALUES
(1, 1, 7, 'General Information', 1),
(2, 1, 3, 'C.C', 2),
(3, 1, 1, 'Rx', 3),
(4, 1, 2, 'Inv', 4),
(5, 1, 4, 'O.E', 5),
(6, 1, 14, 'M/H', 6),
(7, 1, 15, 'Obs History', 7),
(8, 1, 5, 'Advice', 8),
(9, 1, 11, 'Old Prescrption', 9),
(10, 1, 8, 'Diagnosis', 10),
(11, 1, 17, 'Past Disease', 11),
(12, 1, 18, 'Family History', 12),
(13, 1, 19, 'Inv Reports', 13),
(14, 1, 20, 'Follow up chart', 14);

-- --------------------------------------------------------

--
-- Table structure for table `next_visit`
--

CREATE TABLE IF NOT EXISTS `next_visit` (
  `appointmentID` int(11) NOT NULL,
  `date` date NOT NULL
) ENGINE=InnoDB DEFAULT CHARSET=latin1;

--
-- Dumping data for table `next_visit`
--

INSERT INTO `next_visit` (`appointmentID`, `date`) VALUES
(15, '2015-05-22'),
(17, '2015-05-20'),
(18, '2015-05-20'),
(21, '2015-05-20'),
(24, '2015-05-20'),
(30, '2015-05-20'),
(43, '2015-05-30');

-- --------------------------------------------------------

--
-- Table structure for table `patient`
--

CREATE TABLE IF NOT EXISTS `patient` (
  `patientID` int(11) NOT NULL AUTO_INCREMENT,
  `patientCode` varchar(15) NOT NULL,
  `name` varchar(45) NOT NULL,
  `age` decimal(10,0) NOT NULL,
  `sex` varchar(15) NOT NULL,
  `address` text NOT NULL,
  `phone` varchar(15) NOT NULL,
  PRIMARY KEY (`patientID`)
) ENGINE=InnoDB  DEFAULT CHARSET=latin1 AUTO_INCREMENT=11 ;

--
-- Dumping data for table `patient`
--

INSERT INTO `patient` (`patientID`, `patientCode`, `name`, `age`, `sex`, `address`, `phone`) VALUES
(1, '100000000', 'Shabnam Faria', '28', 'FEMALE', 'Kakrail', '01717228339'),
(2, '100000001', 'Shakkhar Saha', '12', 'MALE', 'Kakrail', '0155244940'),
(3, '100000003', 'Faisal Khan', '33', 'MALE', 'Mirpur', '124'),
(5, '100000004', 'Ripan Kibria', '66', 'MALE', 'Nikunja', '12'),
(9, '100000016', 'Newton Sarker', '44', 'MALE', 'Laxmibazar', '123456'),
(10, '100000040', 'Azizul Hakim', '28', 'MALE', 'Grandarea', '1234');

-- --------------------------------------------------------

--
-- Table structure for table `patient_detail`
--

CREATE TABLE IF NOT EXISTS `patient_detail` (
  `id` int(11) NOT NULL AUTO_INCREMENT,
  `patientID` int(11) NOT NULL,
  `type` int(11) NOT NULL,
  `tri` int(11) NOT NULL,
  `triStatus` int(11) NOT NULL,
  `edb` timestamp NOT NULL DEFAULT CURRENT_TIMESTAMP ON UPDATE CURRENT_TIMESTAMP,
  PRIMARY KEY (`id`),
  UNIQUE KEY `patientID` (`patientID`)
) ENGINE=InnoDB  DEFAULT CHARSET=latin1 AUTO_INCREMENT=4 ;

--
-- Dumping data for table `patient_detail`
--

INSERT INTO `patient_detail` (`id`, `patientID`, `type`, `tri`, `triStatus`, `edb`) VALUES
(1, 5, 1, 0, 0, '2015-04-25 18:04:36'),
(2, 1, 1, 0, 0, '0000-00-00 00:00:00'),
(3, 2, 3, 0, 0, '2015-05-16 09:23:00');

-- --------------------------------------------------------

--
-- Table structure for table `patient_family_history`
--

CREATE TABLE IF NOT EXISTS `patient_family_history` (
  `id` int(11) NOT NULL AUTO_INCREMENT,
  `patientID` int(11) NOT NULL,
  `diseaseID` int(11) NOT NULL,
  `relation` int(11) NOT NULL,
  `present` varchar(45) NOT NULL,
  `type` varchar(255) NOT NULL,
  `detail` text NOT NULL,
  PRIMARY KEY (`id`)
) ENGINE=InnoDB  DEFAULT CHARSET=latin1 AUTO_INCREMENT=10 ;

--
-- Dumping data for table `patient_family_history`
--

INSERT INTO `patient_family_history` (`id`, `patientID`, `diseaseID`, `relation`, `present`, `type`, `detail`) VALUES
(7, 1, 263, 8, 'Yes', 'Other', 'test'),
(8, 1, 10, 2, 'No', 'Consanguinity', 'Raj');

-- --------------------------------------------------------

--
-- Table structure for table `patient_history`
--

CREATE TABLE IF NOT EXISTS `patient_history` (
  `id` int(11) NOT NULL AUTO_INCREMENT,
  `patientID` int(11) NOT NULL,
  `historyID` int(11) NOT NULL,
  `historyResult` varchar(255) NOT NULL,
  PRIMARY KEY (`id`)
) ENGINE=InnoDB  DEFAULT CHARSET=latin1 AUTO_INCREMENT=16 ;

--
-- Dumping data for table `patient_history`
--

INSERT INTO `patient_history` (`id`, `patientID`, `historyID`, `historyResult`) VALUES
(2, 5, 2, 'Married'),
(4, 5, 1, 'O-v'),
(5, 5, 4, '66'),
(6, 1, 11, '1'),
(7, 1, 12, '2'),
(8, 1, 5, '123'),
(9, 1, 2, ' Single'),
(10, 2, 1, 'O v'),
(11, 2, 2, ' Divorced'),
(12, 2, 11, '1'),
(13, 2, 12, '2'),
(14, 1, 18, 'B'),
(15, 2, 18, 'B');

-- --------------------------------------------------------

--
-- Table structure for table `patient_past_disease`
--

CREATE TABLE IF NOT EXISTS `patient_past_disease` (
  `id` int(11) NOT NULL AUTO_INCREMENT,
  `patientID` int(11) NOT NULL,
  `diseaseID` int(11) NOT NULL,
  `startDate` date NOT NULL,
  `endDate` varchar(45) NOT NULL,
  `detail` text NOT NULL,
  PRIMARY KEY (`id`)
) ENGINE=InnoDB  DEFAULT CHARSET=latin1 AUTO_INCREMENT=6 ;

--
-- Dumping data for table `patient_past_disease`
--

INSERT INTO `patient_past_disease` (`id`, `patientID`, `diseaseID`, `startDate`, `endDate`, `detail`) VALUES
(5, 1, 65, '2015-06-17', '2015-06-27', '');

-- --------------------------------------------------------

--
-- Table structure for table `patient_type`
--

CREATE TABLE IF NOT EXISTS `patient_type` (
  `id` int(11) NOT NULL AUTO_INCREMENT,
  `doctorType` int(11) NOT NULL,
  `typeName` varchar(255) NOT NULL,
  PRIMARY KEY (`id`)
) ENGINE=InnoDB  DEFAULT CHARSET=latin1 AUTO_INCREMENT=4 ;

--
-- Dumping data for table `patient_type`
--

INSERT INTO `patient_type` (`id`, `doctorType`, `typeName`) VALUES
(1, 8, 'OBS 	'),
(2, 8, 'GYNAE'),
(3, 8, 'INFERTILITY');

-- --------------------------------------------------------

--
-- Table structure for table `prescription_advice`
--

CREATE TABLE IF NOT EXISTS `prescription_advice` (
  `id` int(11) NOT NULL AUTO_INCREMENT,
  `appointMentID` int(11) NOT NULL,
  `adviceID` int(11) NOT NULL,
  PRIMARY KEY (`id`)
) ENGINE=InnoDB  DEFAULT CHARSET=latin1 AUTO_INCREMENT=41 ;

--
-- Dumping data for table `prescription_advice`
--

INSERT INTO `prescription_advice` (`id`, `appointMentID`, `adviceID`) VALUES
(2, 11, 97),
(3, 11, 140),
(4, 12, 140),
(5, 12, 70),
(6, 12, 87),
(7, 15, 140),
(8, 15, 70),
(9, 15, 87),
(10, 17, 140),
(11, 17, 70),
(12, 17, 87),
(13, 18, 140),
(14, 18, 70),
(15, 18, 87),
(16, 21, 97),
(17, 24, 97),
(18, 0, 97),
(19, 0, 71),
(20, 0, 71),
(21, 25, 71),
(22, 26, 71),
(23, 26, 122),
(24, 27, 71),
(25, 27, 122),
(26, 28, 122),
(27, 29, 71),
(28, 29, 122),
(29, 30, 71),
(30, 30, 122),
(31, 30, 87),
(32, 44, 122),
(33, 49, 71),
(34, 50, 71),
(35, 50, 87),
(36, 50, 70),
(37, 50, 140),
(38, 51, 122),
(39, 53, 71),
(40, 53, 87);

-- --------------------------------------------------------

--
-- Table structure for table `prescription_family_disease`
--

CREATE TABLE IF NOT EXISTS `prescription_family_disease` (
  `id` int(11) NOT NULL AUTO_INCREMENT,
  `appointMentID` int(11) NOT NULL,
  `familyDiseaseID` int(11) NOT NULL,
  PRIMARY KEY (`id`)
) ENGINE=InnoDB  DEFAULT CHARSET=latin1 AUTO_INCREMENT=15 ;

--
-- Dumping data for table `prescription_family_disease`
--

INSERT INTO `prescription_family_disease` (`id`, `appointMentID`, `familyDiseaseID`) VALUES
(10, 50, 4),
(13, 56, 8),
(14, 56, 7);

-- --------------------------------------------------------

--
-- Table structure for table `prescription_past_disease`
--

CREATE TABLE IF NOT EXISTS `prescription_past_disease` (
  `id` int(11) NOT NULL AUTO_INCREMENT,
  `appointMentID` int(11) NOT NULL,
  `pastDiseaseID` int(11) NOT NULL,
  PRIMARY KEY (`id`)
) ENGINE=InnoDB  DEFAULT CHARSET=latin1 AUTO_INCREMENT=9 ;

--
-- Dumping data for table `prescription_past_disease`
--

INSERT INTO `prescription_past_disease` (`id`, `appointMentID`, `pastDiseaseID`) VALUES
(7, 56, 1),
(8, 56, 5);

-- --------------------------------------------------------

--
-- Table structure for table `prescription_reference`
--

CREATE TABLE IF NOT EXISTS `prescription_reference` (
  `id` int(11) NOT NULL AUTO_INCREMENT,
  `appointMentID` int(11) NOT NULL,
  `refferedDoctorID` int(11) NOT NULL,
  PRIMARY KEY (`id`)
) ENGINE=InnoDB  DEFAULT CHARSET=latin1 AUTO_INCREMENT=7 ;

--
-- Dumping data for table `prescription_reference`
--

INSERT INTO `prescription_reference` (`id`, `appointMentID`, `refferedDoctorID`) VALUES
(1, 15, 2),
(2, 17, 1),
(3, 18, 1),
(4, 21, 1),
(5, 30, 1),
(6, 43, 3);

-- --------------------------------------------------------

--
-- Table structure for table `reffered_doctor`
--

CREATE TABLE IF NOT EXISTS `reffered_doctor` (
  `id` int(11) NOT NULL AUTO_INCREMENT,
  `doctorName` varchar(255) NOT NULL,
  `doctorAdress` text NOT NULL,
  PRIMARY KEY (`id`)
) ENGINE=InnoDB  DEFAULT CHARSET=latin1 AUTO_INCREMENT=4 ;

--
-- Dumping data for table `reffered_doctor`
--

INSERT INTO `reffered_doctor` (`id`, `doctorName`, `doctorAdress`) VALUES
(1, 'Shafath Ahmed', 'Uttara'),
(2, 'Golam Kibria', 'Nikunja'),
(3, 'saasdasd', 'aa');

-- --------------------------------------------------------

--
-- Table structure for table `relation`
--

CREATE TABLE IF NOT EXISTS `relation` (
  `id` int(11) NOT NULL AUTO_INCREMENT,
  `name` varchar(255) NOT NULL,
  PRIMARY KEY (`id`)
) ENGINE=InnoDB  DEFAULT CHARSET=latin1 AUTO_INCREMENT=11 ;

--
-- Dumping data for table `relation`
--

INSERT INTO `relation` (`id`, `name`) VALUES
(1, 'Father'),
(2, 'Mother'),
(3, 'Brother'),
(4, 'Sister'),
(5, 'Grand Father (F)'),
(6, 'Grand Mother (F)'),
(7, 'Grand Father (M)'),
(8, 'Grand Mother (M)'),
(9, 'Children'),
(10, 'Other');

-- --------------------------------------------------------

--
-- Table structure for table `settings_advice`
--

CREATE TABLE IF NOT EXISTS `settings_advice` (
  `id` int(11) NOT NULL AUTO_INCREMENT,
  `doctorID` int(11) NOT NULL,
  `diseaseID` int(11) NOT NULL,
  `adviceID` int(11) NOT NULL,
  PRIMARY KEY (`id`)
) ENGINE=InnoDB  DEFAULT CHARSET=latin1 AUTO_INCREMENT=7 ;

--
-- Dumping data for table `settings_advice`
--

INSERT INTO `settings_advice` (`id`, `doctorID`, `diseaseID`, `adviceID`) VALUES
(1, 1, 175, 97),
(2, 1, 268, 71),
(4, 1, 5, 122),
(5, 1, 250, 122),
(6, 1, 1, 71);

-- --------------------------------------------------------

--
-- Table structure for table `settings_drug`
--

CREATE TABLE IF NOT EXISTS `settings_drug` (
  `id` int(11) NOT NULL AUTO_INCREMENT,
  `doctorID` int(11) NOT NULL,
  `diseaseID` int(11) NOT NULL,
  `drugTypeID` int(11) NOT NULL,
  `drugID` int(11) NOT NULL,
  `drugTimeID` int(11) NOT NULL,
  `drugDose` varchar(255) NOT NULL,
  `drugDoseUnit` varchar(255) NOT NULL,
  `drugNoOfDay` int(11) NOT NULL,
  `drugDayTypeID` int(11) NOT NULL,
  `drugWhenID` int(11) NOT NULL,
  `drugAdviceID` int(11) NOT NULL,
  PRIMARY KEY (`id`)
) ENGINE=InnoDB  DEFAULT CHARSET=latin1 AUTO_INCREMENT=10 ;

--
-- Dumping data for table `settings_drug`
--

INSERT INTO `settings_drug` (`id`, `doctorID`, `diseaseID`, `drugTypeID`, `drugID`, `drugTimeID`, `drugDose`, `drugDoseUnit`, `drugNoOfDay`, `drugDayTypeID`, `drugWhenID`, `drugAdviceID`) VALUES
(2, 1, 174, 1, 15, 3, '1 - 1 - 1', '', 7, 1, 0, 0),
(3, 1, 268, 8, 312, 3, '1 - 1 - 1', '', 7, 1, 1, 0),
(6, 1, 5, 4, 360, 2, '1 - 1', 'vial', 10, 1, 1, 6),
(8, 1, 250, 1, 41, 3, '1 - 1 - 1', '', 7, 1, 1, 1),
(9, 1, 1, 1, 15, 3, '1 - 1 - 1', '', 7, 1, 1, 0);

-- --------------------------------------------------------

--
-- Table structure for table `settings_inv`
--

CREATE TABLE IF NOT EXISTS `settings_inv` (
  `id` int(11) NOT NULL AUTO_INCREMENT,
  `doctorID` int(11) NOT NULL,
  `diseaseID` int(11) NOT NULL,
  `invID` int(11) NOT NULL,
  `note` text NOT NULL,
  `checked` int(11) NOT NULL,
  PRIMARY KEY (`id`)
) ENGINE=InnoDB  DEFAULT CHARSET=latin1 AUTO_INCREMENT=14 ;

--
-- Dumping data for table `settings_inv`
--

INSERT INTO `settings_inv` (`id`, `doctorID`, `diseaseID`, `invID`, `note`, `checked`) VALUES
(1, 1, 175, 713, '', 0),
(2, 1, 175, 34, '', 0),
(3, 1, 175, 782, 'undefined', 0),
(4, 1, 175, 110, 'undefined', 0),
(5, 1, 162, 138, '', 0),
(6, 1, 255, 188, '', 0),
(7, 1, 255, 138, 'test', 0),
(8, 1, 268, 130, '', 0),
(12, 1, 5, 123, '', 0),
(13, 1, 250, 131, '', 0);

-- --------------------------------------------------------

--
-- Table structure for table `surgery`
--

CREATE TABLE IF NOT EXISTS `surgery` (
  `id` int(11) NOT NULL AUTO_INCREMENT,
  `name` varchar(255) NOT NULL,
  PRIMARY KEY (`id`)
) ENGINE=InnoDB  DEFAULT CHARSET=latin1 AUTO_INCREMENT=24 ;

--
-- Dumping data for table `surgery`
--

INSERT INTO `surgery` (`id`, `name`) VALUES
(1, 'Laparatomy'),
(2, 'D & C'),
(4, 'Menstrual Regulation'),
(5, 'Caesarean Section '),
(6, 'Hysterectomy Abdominal'),
(7, 'Hysterectomy Vaginal'),
(8, 'Hysterectomy Laparoscopic'),
(9, 'Laparoscopic___________'),
(10, 'Salpingo oophorectomy-Open'),
(11, 'Salpingo oophorectomy-Laparoscopic'),
(12, 'Caesarean'),
(15, 'Tonsillectomy'),
(16, 'Septoplasty'),
(17, 'SRM'),
(18, 'SMD'),
(19, 'Corticalmastoidectomy'),
(20, 'Modified Radical Mastoidectomy'),
(21, 'Radical Mastoidectomy'),
(22, 'Myringotomy'),
(23, 'Myringoplasty');

-- --------------------------------------------------------

--
-- Table structure for table `symptom`
--

CREATE TABLE IF NOT EXISTS `symptom` (
  `symptomID` int(11) NOT NULL AUTO_INCREMENT,
  `name` varchar(255) NOT NULL,
  PRIMARY KEY (`symptomID`)
) ENGINE=InnoDB  DEFAULT CHARSET=latin1 AUTO_INCREMENT=221 ;

--
-- Dumping data for table `symptom`
--

INSERT INTO `symptom` (`symptomID`, `name`) VALUES
(16, 'Palpitation'),
(17, 'Oedma'),
(18, 'Syncope'),
(19, 'Gliddiness'),
(20, 'Weakness'),
(21, 'Cough'),
(22, 'Chest Pain'),
(23, 'Dyspnoea'),
(24, 'Haemoptysis'),
(25, 'Horseness of Voice'),
(26, 'Abdominal Pain'),
(27, 'Stomatitis'),
(28, 'Belching'),
(29, 'Hiccups'),
(30, 'Anorexia'),
(31, 'Nausea'),
(32, 'Vomiting'),
(33, 'Haemetemesis'),
(34, 'Melaena'),
(35, 'Flatulance'),
(36, 'Jaundice'),
(37, 'Constipation'),
(38, 'Diarrhoea'),
(39, 'Dysphagia'),
(40, 'Abdominal Distension'),
(41, 'Burning Sensation in epigastric region'),
(42, 'Burning Sensation in epigastric region'),
(43, 'Indigestion'),
(44, 'Pain during defecation'),
(45, 'Bleeding during defecation'),
(46, 'Convulsions'),
(47, 'Vertigo'),
(48, 'Headache'),
(49, 'Blurred Vision'),
(50, 'Tinnitus'),
(51, 'Pain in Limbs'),
(52, 'Numbness'),
(53, 'Loss of movement or Constrained Movement'),
(54, 'Pain in Other Major Joints'),
(55, 'Pain in the Knee'),
(56, 'Pain in the Smaller Joints'),
(57, 'Pain in the Neck;Upper Back Pain'),
(58, 'Lower Back Pain'),
(59, 'Fractures'),
(60, 'Dislocations'),
(61, 'Burning Micturation'),
(62, 'Pain during Micturation'),
(63, 'Scanty Micturation'),
(64, 'Excessive Micturation'),
(65, 'Bleeding during Micturation'),
(66, 'Leucorrhoea'),
(67, 'Dysmenorrohea'),
(68, 'Dry Skin'),
(69, 'Dry Skin'),
(70, 'Itching'),
(71, 'Lesions'),
(72, 'Scaling'),
(73, 'Hypersensitivity'),
(74, 'Allergy'),
(75, 'Fever'),
(76, 'Excessive Sweating'),
(77, 'Fainting'),
(78, 'Common Cold'),
(80, 'Back pain'),
(81, 'Loose Motion'),
(82, 'Epigastric pain'),
(83, 'Arm pain'),
(84, 'Neck pain'),
(85, 'Arm pain'),
(86, 'Shortness of breath'),
(87, 'Intermittent claudication'),
(88, 'Orthopnea'),
(89, 'Paroxysmal nocturnal dyspnea'),
(90, 'Wheezing'),
(91, 'Hemoptysis '),
(92, 'Fatigue'),
(93, 'Dizziness '),
(94, 'Angina'),
(95, 'Silent angina '),
(96, 'Irregular heart rhythms'),
(97, 'Arrhythmia'),
(98, 'Heart failure'),
(99, 'High blood pressure'),
(100, 'Heart attack'),
(101, 'Myocardial infarction'),
(102, 'Congestive heart failure'),
(103, 'Cardiomyopathy '),
(104, 'Hypertrophic cardiomyopathy'),
(105, 'Dilated cardiomyopathy'),
(106, 'Restrictive cardiomyopathy'),
(107, 'Hypertension'),
(108, 'Pericarditis'),
(109, 'Aortic dissection'),
(110, 'Pulmonary embolims'),
(111, 'Pulmonary hypertension'),
(112, 'Atrial fibrillation'),
(113, 'Atrial flutter'),
(114, 'Sick sinus syndrome'),
(115, 'Bradycardia'),
(116, 'Tachycardia'),
(117, 'Supraventricular tachycardia'),
(118, 'Ventricular tachycardia'),
(119, 'Wolff-parkinson-white syndrome'),
(120, 'Artherosclerosis'),
(121, 'Marfan syndrome'),
(122, 'Turner''s syndrome'),
(123, 'Down syndrome '),
(124, 'Infectious endocarditis'),
(125, 'Hypercholesterolemia'),
(126, 'Osteogenesis imperfecta'),
(127, 'Aortic dilation (see Heart symptoms)'),
(128, 'Mitral valve prolapse'),
(129, 'Retinal artery occlusion'),
(130, 'Embolus'),
(131, 'Clot'),
(132, 'Atrial myxoma'),
(133, 'Myotonic dystrophy'),
(134, 'Atrioventricular block'),
(135, 'Cardiovascular disease'),
(136, 'Peripheral vascular disease'),
(137, 'Stroke'),
(138, 'Aneurysm'),
(139, 'Ventricular enlargement'),
(140, 'Stenosis'),
(141, 'Coronary artery calcification '),
(142, 'Pericardial effusion '),
(143, 'Obesity'),
(144, 'Lenegre''s disease'),
(145, 'Infiltrative heart disease '),
(146, 'Aortic root disease'),
(147, 'Myocarditis'),
(148, 'Lev''s disease'),
(149, 'Tumour'),
(150, 'Chagas'' disease'),
(151, 'Myxedema'),
(152, 'Amyloidosis'),
(153, 'Ischemic heart disease'),
(154, 'Mitral valve incompetence '),
(155, 'Mitral valve stenosis'),
(156, 'Aortic valve incompetence'),
(157, 'Aortic valve stenosis'),
(158, 'Tricuspid valve incompetence'),
(159, 'Tricuspid valve stenosis '),
(160, 'Pulmonary valve incompetence'),
(161, 'Pulmonary valve stenosis'),
(162, 'Heart birth defects '),
(163, 'Patent formamen ovale '),
(164, 'Patent ductus arteriosis '),
(165, 'Aortic aneurysm'),
(166, 'Trauma'),
(167, 'Pericardial cysts'),
(168, 'Constrictive pericarditis'),
(169, 'Infective pericarditis'),
(170, 'Non-infective pericarditis '),
(171, 'Hypersensitivity pericarditis'),
(172, 'Saccular aneurysm'),
(173, 'Berry aneurysm'),
(174, 'False aneurysm'),
(175, 'Syphilis'),
(176, 'Giant cell arteritis'),
(177, 'Takayasu''s arteritis'),
(178, 'Obstetric'),
(179, 'Low back ach'),
(180, 'watery discharge P/V'),
(181, 'Blood stained P/V discharge'),
(182, 'Itching P/V'),
(183, 'Foul smelling P/V discharge'),
(184, 'Nausia'),
(185, 'Vlarring of vision'),
(186, 'Dyspnea'),
(187, 'Iirregular P/V bleeding'),
(188, 'Pain lower abdomen'),
(189, 'Flatulent dyspepsia'),
(190, 'Dysuria'),
(191, 'Stress incontinence'),
(192, 'Gynaecology'),
(193, 'Wlood stained P/V discharge'),
(194, 'Wenorrhagia'),
(195, 'Polymenorrhea'),
(196, 'Polymenorrhagia'),
(197, 'Dysmenorrhea'),
(198, 'Dysperunia'),
(199, 'Urge incontinence'),
(200, 'Post coital bleeding'),
(201, 'Seeking pregnancy'),
(202, 'Loss of libido'),
(203, 'Wt gain'),
(204, 'Burning pain P/V'),
(205, 'Painful defication'),
(206, 'Blarring of vission '),
(207, 'Shivering'),
(208, 'undefined'),
(209, 'Paresthesia'),
(210, 'Rolling Head'),
(211, 'Pain joints'),
(212, 'Acidity'),
(213, 'Muscle Cramps'),
(214, 'Irregular P/V Bleeding'),
(215, 'Menorrhagia'),
(216, 'Dryness P/V'),
(217, 'C/S on 17.5.13'),
(218, 'Post C/S F/U'),
(219, ' Lower Abdominal Pain'),
(220, 'prenanancy ');

-- --------------------------------------------------------

--
-- Table structure for table `vital`
--

CREATE TABLE IF NOT EXISTS `vital` (
  `vitalId` int(11) NOT NULL AUTO_INCREMENT,
  `vitalName` varchar(255) NOT NULL,
  `shortName` varchar(255) NOT NULL,
  `vitalUnit` varchar(45) NOT NULL,
  PRIMARY KEY (`vitalId`)
) ENGINE=InnoDB  DEFAULT CHARSET=latin1 AUTO_INCREMENT=106 ;

--
-- Dumping data for table `vital`
--

INSERT INTO `vital` (`vitalId`, `vitalName`, `shortName`, `vitalUnit`) VALUES
(1, 'Pulse', '', ''),
(2, 'Blood Pressure', '', ''),
(3, 'Respiratory rate', '', ''),
(4, 'Temperature', '', ''),
(5, 'Nutritional status ', '', ''),
(6, 'Higher psychic funct', '', ''),
(7, 'Speech', '', ''),
(8, 'Cranial nerves ', '', ''),
(9, 'Pupil rt', '', ''),
(10, 'Fundus', '', ''),
(11, 'Nystagmus ', '', ''),
(12, 'Motor function', '', ''),
(13, 'Fasciculation', '', ''),
(14, 'Involuntary movement', '', ''),
(15, 'Hemiparesis rt', '', ''),
(16, 'Monoparesis rt', '', ''),
(17, 'Monoparesis lt', '', ''),
(18, 'Paraplegia', '', ''),
(19, 'Weakness of ', '', ''),
(20, 'R biceps rt', '', ''),
(21, 'R biceps lt', '', ''),
(22, 'R triceps rt', '', ''),
(23, 'R triceps lt', '', ''),
(24, 'R supinator rt', '', ''),
(25, 'R supinator lt', '', ''),
(26, 'R knee rt', '', ''),
(27, 'R knee lt', '', ''),
(28, 'R ankle rt', '', ''),
(29, 'R ankle lt', '', ''),
(30, 'R plantar rt', '', ''),
(31, 'R plantar lt', '', ''),
(32, 'Gait ', '', ''),
(33, 'Heel Waking', '', ''),
(34, 'Toe Waking', '', ''),
(35, 'Cerebellar function', '', ''),
(36, 'Ataxia present in ', '', ''),
(37, 'Sensory function', '', ''),
(38, 'Spinal segment', '', ''),
(39, 'Neck rigidity', '', ''),
(40, 'Kernig s sign ', '', ''),
(41, 'Spinal deformity', '', ''),
(42, 'Spinal tenderness', '', ''),
(43, 'Pupil lt', '', ''),
(44, 'Hemiparesis lt', '', ''),
(45, 'Blood Group', '', ''),
(46, 'Position', '', ''),
(47, 'Body Build', '', ''),
(48, 'Dispnoea', '', ''),
(49, 'Anaemia', '', ''),
(50, 'Cyanosin', '', ''),
(51, 'Jaundice', '', ''),
(52, 'Clubbing', '', ''),
(53, 'Koilonychid', '', ''),
(54, 'Oedema', '', ''),
(55, 'Dehydration', '', ''),
(56, 'JVP', '', ''),
(57, 'Lymph Adinopatly', '', ''),
(58, 'skin Color', '', ''),
(59, 'Thyroid Gland', '', ''),
(60, 'Shape of Chest', '', ''),
(61, 'Deformity', '', ''),
(62, 'Movement', '', ''),
(63, 'Position of Trachae', '', ''),
(64, 'Expension', '', ''),
(65, 'Psycurion', '', ''),
(66, 'Breath Saund', '', ''),
(67, 'Addid Sound', '', ''),
(68, 'Vocal Resonanc', '', ''),
(69, 'Heart Sound S1', '', ''),
(70, 'Heart Sound S2', '', ''),
(71, 'Heart Sound S3/S4', '', ''),
(72, 'Heart Sound Murmur', '', ''),
(73, 'HS Pericurial Rub', '', ''),
(74, 'liver', '', ''),
(75, 'Ascirtes', '', ''),
(76, 'Kidneys', '', ''),
(77, 'Nervous Sustem', '', ''),
(78, 'Locomotor System', '', ''),
(79, 'Others', '', ''),
(80, 'Animea', '', ''),
(81, 'Weight', '', ''),
(82, 'Height', '', ''),
(83, 'Heart', '', ''),
(84, 'Lungs', '', ''),
(85, 'Thyroid', '', ''),
(86, 'Breast', '', ''),
(87, 'Skin', '', ''),
(88, 'Abdomen ', '', ''),
(89, 'Umbilicus', '', ''),
(90, 'Lump size', 'Size', ''),
(91, 'Lump Shape', 'Shape', ''),
(92, 'Lump mobility', '', ''),
(93, 'Lump tender', 'Tender', ''),
(94, 'Ascitis', '', ''),
(95, 'Vulva', '', ''),
(96, 'P/S', '', ''),
(97, 'Cervix', '', ''),
(98, 'Uterus', '', ''),
(99, 'Uterus Size', 'Size', ''),
(100, 'Uterus Position', 'Position', ''),
(101, 'Uterus Mobility', 'Mobility', ''),
(102, 'Fornix', '', ''),
(103, 'S1', '', ''),
(104, 'S2', '', ''),
(105, 'Murmer', '', '');

-- --------------------------------------------------------

--
-- Table structure for table `vital_option`
--

CREATE TABLE IF NOT EXISTS `vital_option` (
  `id` int(11) NOT NULL AUTO_INCREMENT,
  `vitalId` int(11) NOT NULL,
  `name` varchar(40) NOT NULL,
  PRIMARY KEY (`id`)
) ENGINE=InnoDB  DEFAULT CHARSET=latin1 AUTO_INCREMENT=232 ;

--
-- Dumping data for table `vital_option`
--

INSERT INTO `vital_option` (`id`, `vitalId`, `name`) VALUES
(1, 5, 'Obese'),
(2, 5, 'Malnourished'),
(3, 5, 'Normal'),
(4, 6, 'Conscious'),
(5, 6, 'oriented '),
(6, 6, 'drowsy '),
(7, 6, 'disoriented '),
(8, 6, 'restless'),
(9, 6, 'unconscious'),
(10, 7, 'normal'),
(11, 7, 'dysarthric '),
(12, 7, 'slurred'),
(13, 7, 'scanning'),
(14, 8, 'Normal'),
(15, 8, '3rd Nerve palsy'),
(16, 8, '4th Nerve palsy'),
(17, 8, '5th Nerve palsy'),
(18, 8, '6th Nerve palsy'),
(19, 8, '7th Nerve palsy'),
(20, 8, '8th Nerve palsy'),
(21, 8, '9th Nerve palsy'),
(22, 8, '10th Nerve palsy'),
(23, 8, '11th Nerve palsy'),
(24, 8, '12th Nerve palsy'),
(25, 9, 'Normal'),
(26, 9, 'reacting'),
(27, 9, 'dilated'),
(28, 9, 'constricted'),
(29, 10, 'normal'),
(30, 10, 'reacting'),
(31, 10, 'dilated'),
(32, 10, 'constricted'),
(33, 11, 'Papilledema'),
(34, 11, 'Optic atrophy'),
(35, 11, 'Optic neuritis'),
(36, 12, 'Present -rt'),
(37, 12, 'Present lt'),
(38, 12, 'Absent rt'),
(39, 12, 'Absent lt'),
(40, 13, 'Normal'),
(41, 14, 'Present'),
(42, 14, 'Absent'),
(43, 17, 'Upper limb'),
(44, 18, 'Upper limb'),
(45, 17, 'lower limb'),
(46, 18, 'Lower limb'),
(47, 33, 'Normal'),
(48, 33, 'Wide Based'),
(49, 33, 'Spastic'),
(50, 33, 'Festinating'),
(51, 33, 'Haemeplegic'),
(52, 33, 'Perkinsonian'),
(53, 36, 'Normal'),
(54, 37, 'rt side of body'),
(55, 37, 'lt side of body'),
(56, 37, 'rt upper limb'),
(57, 37, 'lt upper limb'),
(58, 37, 'rt lower limb'),
(59, 37, 'rt lower limb'),
(60, 38, 'Pain'),
(61, 38, 'Temperature- normal '),
(62, 38, 'reduced up to_____'),
(63, 39, 'Touch'),
(64, 39, 'Vibration'),
(65, 39, 'joint position sense – normal '),
(66, 39, 'reduced up to_____'),
(67, 40, 'Positive'),
(68, 40, 'Negetive'),
(69, 41, 'Positive'),
(70, 41, 'Negetive'),
(71, 42, 'positive'),
(72, 42, 'Negetive'),
(73, 43, 'Positive'),
(74, 43, 'Negetive'),
(75, 44, 'hand'),
(76, 44, 'arm'),
(77, 44, 'forearm'),
(78, 44, 'Leg'),
(79, 44, 'Foot'),
(80, 5, 'Malnourished'),
(81, 5, 'Normal'),
(82, 5, 'Obese'),
(83, 6, 'Conscious'),
(84, 6, 'disoriented '),
(85, 6, 'drowsy '),
(86, 6, 'oriented '),
(87, 6, 'restless'),
(88, 6, 'unconscious'),
(89, 7, 'normal'),
(90, 7, 'slurred'),
(91, 8, '12th Nerve palsy'),
(92, 8, '3rd Nerve palsy'),
(93, 8, '4th Nerve palsy'),
(94, 8, '8th Nerve palsy'),
(95, 8, '9th Nerve palsy'),
(96, 9, 'constricted'),
(97, 9, 'Normal'),
(98, 9, 'reacting'),
(99, 10, 'normal'),
(100, 11, 'Optic atrophy'),
(101, 11, 'Optic neuritis'),
(102, 12, 'Absent lt'),
(103, 12, 'Present -rt'),
(104, 13, 'Normal'),
(105, 14, 'Present'),
(106, 17, 'lower limb'),
(107, 17, 'Upper limb'),
(108, 18, 'Upper limb'),
(109, 33, 'Haemeplegic'),
(110, 33, 'Normal'),
(111, 33, 'Perkinsonian'),
(112, 33, 'Wide Based'),
(113, 36, 'Normal'),
(114, 37, 'rt lower limb'),
(115, 37, 'rt upper limb'),
(116, 38, 'Pain'),
(117, 38, 'Temperature- normal '),
(118, 39, 'joint position sense – normal '),
(119, 39, 'Touch'),
(120, 40, 'Negetive'),
(121, 40, 'Positive'),
(122, 41, 'Positive'),
(123, 42, 'Negetive'),
(124, 42, 'positive'),
(125, 43, 'Positive'),
(126, 46, 'Lacid Position Lt'),
(127, 46, 'Lacid Position Rt'),
(128, 46, 'On Choice'),
(129, 46, 'Propped Up'),
(130, 59, 'Barrel'),
(131, 59, 'Flattened'),
(132, 59, 'Normal'),
(133, 61, 'Restricted'),
(134, 61, 'Symmetrical'),
(135, 62, 'Central'),
(136, 62, 'Deviated Lt'),
(137, 62, 'Deviated Rt'),
(138, 63, 'Normal'),
(139, 63, 'Reduced'),
(140, 64, 'Decreasaed        '),
(141, 64, 'Increased '),
(142, 64, 'Normal '),
(143, 65, 'Dull'),
(144, 65, 'Hyper Resonant'),
(145, 65, 'Impaired'),
(146, 65, 'Normal Resonant'),
(147, 65, 'Stony'),
(148, 65, 'Woody'),
(149, 66, 'Absent'),
(150, 66, 'Diminished V i PE'),
(151, 66, 'Normal'),
(152, 66, 'Silent Chest'),
(153, 66, 'Vesicular with PE'),
(154, 67, 'Crepitation'),
(155, 67, 'Plural Rub'),
(156, 67, 'Ronchi'),
(157, 68, 'Decreased'),
(158, 68, 'Increased '),
(159, 68, 'Normal'),
(160, 45, 'O+ve'),
(161, 45, '0-ve'),
(162, 45, 'A+ve'),
(163, 45, 'A-ve'),
(164, 45, 'B+ve'),
(165, 45, 'B-ve'),
(166, 45, 'AB+ve'),
(167, 45, 'AB-ve'),
(168, 86, 'Enlarged'),
(169, 86, 'Normal'),
(170, 87, 'Enlarged'),
(171, 87, 'Normal'),
(172, 87, 'Cracked Nipple'),
(173, 87, 'Lump'),
(174, 83, 'Normal'),
(175, 83, 'Enlarged'),
(176, 84, 'Normal'),
(177, 84, 'Creps'),
(178, 84, 'Congesion'),
(179, 84, 'Ronchi'),
(180, 89, 'N.'),
(181, 89, 'Enlarged'),
(182, 90, 'N.'),
(183, 90, 'Evented'),
(184, 90, 'Herrnia'),
(185, 90, 'Hernia'),
(186, 93, 'Free mobile'),
(187, 93, 'Restricted'),
(188, 94, 'Present'),
(189, 94, 'Absent'),
(190, 95, 'Present'),
(191, 95, 'Absent'),
(192, 96, 'Normal'),
(193, 96, 'Rash'),
(194, 96, 'Warty lesion'),
(195, 97, 'Normal'),
(196, 97, 'Thick Candy discharge'),
(197, 97, 'Watery discharge'),
(198, 97, 'Foul smelling Discharge'),
(199, 97, 'Blood Stained Discharge'),
(200, 98, 'Normal'),
(201, 98, 'Erosion'),
(202, 98, 'Polyp'),
(203, 98, 'Ulceration'),
(204, 98, 'Fungating growth'),
(205, 100, 'Normal'),
(206, 100, 'Bulky'),
(207, 100, 'Week'),
(208, 101, 'A/V'),
(209, 101, 'R/V'),
(210, 102, 'Mobile'),
(211, 102, 'Restricted'),
(212, 102, 'Fixed'),
(213, 103, 'Free'),
(214, 103, 'Thickened'),
(215, 103, 'Bulged.Tender'),
(216, 104, 'Audible'),
(217, 104, 'Soft'),
(218, 104, 'Normal'),
(219, 104, 'Splitted'),
(220, 105, 'Audible'),
(221, 105, 'Soft'),
(222, 105, 'Normal'),
(223, 105, 'Splitted'),
(224, 106, 'Systolic'),
(225, 106, 'Diastolic'),
(226, 106, 'Continuous'),
(227, 88, ''),
(228, 98, 'hypertrophied'),
(229, 1, 'Normal'),
(230, 1, ' High'),
(231, 1, 'Low');

-- --------------------------------------------------------

--
-- Table structure for table `vital_prescription`
--

CREATE TABLE IF NOT EXISTS `vital_prescription` (
  `id` int(11) NOT NULL AUTO_INCREMENT,
  `appointMentID` int(11) NOT NULL,
  `vitalID` int(11) NOT NULL,
  `vitalResult` varchar(255) NOT NULL,
  PRIMARY KEY (`id`)
) ENGINE=InnoDB  DEFAULT CHARSET=latin1 AUTO_INCREMENT=29 ;

--
-- Dumping data for table `vital_prescription`
--

INSERT INTO `vital_prescription` (`id`, `appointMentID`, `vitalID`, `vitalResult`) VALUES
(1, 5, 1, 'High'),
(2, 5, 5, 'Obese'),
(4, 8, 5, 'Obese'),
(5, 8, 7, 'dysarthric '),
(6, 12, 1, 'Normal'),
(7, 12, 7, 'slurred'),
(8, 15, 1, 'Normal'),
(9, 15, 7, 'slurred'),
(10, 17, 1, 'Normal'),
(11, 17, 7, 'Slurred'),
(12, 18, 7, 'Slurred'),
(13, 18, 1, 'Normal'),
(14, 19, 7, 'Slurred'),
(15, 19, 1, 'Normal'),
(16, 21, 1, 'Normal'),
(17, 21, 7, 'normal'),
(18, 23, 1, 'High'),
(19, 23, 5, 'Obese'),
(20, 29, 1, 'Normal'),
(21, 29, 7, 'slurred'),
(22, 30, 1, 'Normal'),
(23, 30, 7, 'slurred'),
(24, 44, 7, 'normal'),
(25, 44, 1, 'Normal'),
(26, 44, 7, 'slurred'),
(27, 50, 1, ' High'),
(28, 50, 7, 'normal');

/*!40101 SET CHARACTER_SET_CLIENT=@OLD_CHARACTER_SET_CLIENT */;
/*!40101 SET CHARACTER_SET_RESULTS=@OLD_CHARACTER_SET_RESULTS */;
/*!40101 SET COLLATION_CONNECTION=@OLD_COLLATION_CONNECTION */;
